2025-06-05 19:53:04,731 - rospy.internal - INFO - topic[/usb_cam/image_raw] adding connection to [http://localhost:43823/], count 0
2025-06-05 19:53:04,759 - rospy.internal - INFO - topic impl's ref count is zero, deleting topic /usb_cam/image_raw...
2025-06-05 19:53:04,760 - rospy.internal - INFO - topic[/usb_cam/image_raw] removing connection to http://localhost:43823/
2025-06-05 19:53:04,765 - rospy.internal - INFO - topic[/scan] adding connection to [http://localhost:43823/], count 0
2025-06-05 19:53:04,792 - rospy.internal - INFO - topic[/xycar_motor] adding connection to [/unity_endpoint], count 0
2025-06-05 19:53:04,976 - rospy.internal - INFO - topic impl's ref count is zero, deleting topic /scan...
2025-06-05 19:53:04,976 - rospy.internal - INFO - topic[/scan] removing connection to http://localhost:43823/
2025-06-05 19:53:04,976 - rospy.internal - INFO - topic[/scan] removing connection to http://localhost:43823/
2025-06-05 19:53:04,978 - root - INFO - Sys.stdout redirected to logger. Subsequent print() statements will be logged to file and console.
2025-06-05 19:53:04,978 - root - INFO - This is a test print after redirection. It should appear in the log file and on the console.
2025-06-05 19:53:04,978 - root - INFO - Active perception algorithm set to: hsv_lane_detection
2025-06-05 19:53:04,978 - root - INFO - MainSystem: Initializing queues...
2025-06-05 19:53:04,978 - root - INFO - MainSystem: Initializing modules...
2025-06-05 19:53:04,978 - root - INFO - SensorInputManager: Initialized.
2025-06-05 19:53:04,978 - Modules.perception_module - INFO - PerceptionModule initialized. Active algorithm: hsv_lane_detection
2025-06-05 19:53:04,979 - Modules.localization_module - INFO - LocalizationModule: Active strategy: placeholder_localization with params: {'update_rate_hz': 10, 'sim_step_x': 0.05}
2025-06-05 19:53:04,979 - Modules.localization_module - INFO - LocalizationModule: Initialized.
2025-06-05 19:53:04,979 - Modules.prediction_module - INFO - PredictionModule: Active strategy: simple_extrapolation with params: {'prediction_horizon_sec': 2.0, 'time_step_sec': 0.5}
2025-06-05 19:53:04,979 - Modules.prediction_module - INFO - PredictionModule (Behavioral): Initialized.
2025-06-05 19:53:04,979 - Modules.planning_module - INFO - PathPlannerComponent: Initialized. Strategy: simple_waypoint_planner with params: {'num_waypoints': 5, 'waypoint_spacing_m': 1.0}
2025-06-05 19:53:04,979 - Modules.planning_module - INFO - DecisionMakerComponent: Initialized. Strategy: default_lane_keep with params: {'target_speed_kph': 10.0}
2025-06-05 19:53:04,979 - Modules.planning_module - INFO - ActionPlannerComponent: Initialized with params: {'steering_kp': 0.006, 'max_steer_rad': 0.4, 'single_lane_steer_rad': 0.1, 'initial_straight_frames': 50, 'initial_speed_xycar_units': 60, 'steering_gain': 0.6, 'steering_offset_gain_deg': 15, 'max_angle_deg': 30, 'yellow_fallback_gain': 0.005, 'yellow_max_angle_deg': 25, 'no_line_escape_angle_deg': -15, 'max_delta_steering_deg': 10, 'speed_tiers_xycar_units': {'straight': 45, 'gentle_turn': 35, 'sharp_turn': 25, 'fallback': 20, 'no_line': 20}, 'xycar_speed_to_mps_factor': 0.028, 'white_ratio_diff_threshold_for_offset': 0.05}
2025-06-05 19:53:04,979 - Modules.planning_module - INFO - PlanningModule: Initialized.
2025-06-05 19:53:04,980 - Modules.control_module - INFO - ControlModule: Active control law: basic_pid with params: {'max_control_speed_mps': 1.4, 'log_velocity_threshold_mps': 0.05, 'log_angle_threshold_rad': 0.005}
2025-06-05 19:53:04,980 - Modules.control_module - INFO - VehicleInterface: Initialized with ROS motor publisher. MaxSpeed: 50.0, MaxAngle: 50.0
2025-06-05 19:53:04,980 - Modules.control_module - INFO - ControlModule: Initialized.
2025-06-05 19:53:04,980 - root - INFO - MainSystem: Initialized.
2025-06-05 19:53:04,980 - root - INFO - MainSystem: Starting all modules...
2025-06-05 19:53:04,983 - root - INFO - SensorInputManager: ROS subscribers for Camera and LiDAR started.
2025-06-05 19:53:04,984 - root - INFO - SensorInputManager: Sensors started.
2025-06-05 19:53:04,985 - rospy.internal - INFO - topic[/usb_cam/image_raw] adding connection to [http://localhost:43823/], count 0
2025-06-05 19:53:04,986 - rospy.internal - INFO - topic[/scan] adding connection to [http://localhost:43823/], count 0
2025-06-05 19:53:04,988 - rospy.internal - INFO - topic[/rosout] adding connection to [/rosout], count 0
2025-06-05 19:53:05,486 - Modules.perception_module - INFO - PerceptionModule: Thread started.
2025-06-05 19:53:05,486 - Modules.perception_module - INFO - PerceptionModule: Started.
2025-06-05 19:53:05,487 - Modules.localization_module - INFO - LocalizationModule: Thread started. Strategy: placeholder_localization
2025-06-05 19:53:05,487 - Modules.localization_module - INFO - LocalizationModule: Started.
2025-06-05 19:53:05,488 - Modules.prediction_module - INFO - PredictionModule: Thread started. Strategy: simple_extrapolation
2025-06-05 19:53:05,488 - Modules.prediction_module - INFO - PredictionModule: Started.
2025-06-05 19:53:05,489 - Modules.planning_module - INFO - PlanningModule: Thread started.
2025-06-05 19:53:05,489 - Modules.planning_module - INFO - PlanningModule: Started.
2025-06-05 19:53:05,491 - Modules.control_module - INFO - ControlModule: Thread started. Control Law: basic_pid
2025-06-05 19:53:05,491 - Modules.control_module - INFO - ControlModule: Started.
2025-06-05 19:53:05,492 - root - INFO - MainSystem: All modules started.
2025-06-05 19:53:05,492 - root - INFO - ===================================================
2025-06-05 19:53:05,492 - root - INFO -  S T A R T    D R I V I N G (Modular System)...
2025-06-05 19:53:05,492 - root - INFO -  LiDAR Visualization runs in Visualize.py (if launched).
2025-06-05 19:53:05,492 - root - INFO - ===================================================
2025-06-05 19:53:05,579 - Modules.prediction_module - INFO - PredictionModule: Waiting for initial localization data.
2025-06-05 19:53:05,605 - Modules.prediction_module - INFO - PredictionModule: Waiting for initial localization data.
2025-06-05 19:53:05,612 - Modules.control_module - INFO - 
================= [프로세스 단일 흐름 요약] =================
[Perception]     PerceptionOutput(timestamp=244.530971882, detected_objects=[], lane_markings=[], drivable_area_mask=None, traffic_signs=[], semantic_segmentation_map=None, instance_segmentation_map=None, depth_map=None, optical_flow_map=None, scene_flow_map=None, raw_features_for_localization=None, white_line_hsv_metrics=WhiteLineHsvMetrics(timestamp=1749120785.590948, total_white_pixels=54863, left_ratio=0.2152777777777778, mid_ratio=0.23465620109546165, right_ratio=0.21979653426791276, is_detected=True), yellow_line_hsv_metrics=YellowLineHsvMetrics(timestamp=1749120785.590958, area=682380.0, center_x=410, is_detected=True))
[Localization]   LocalizationInfo(timestamp=244.530971882, position=(0.1, 0, 0), orientation_quaternion=(1, 0, 0, 0), velocity_vector=(0, 0, 0), covariance_matrix='Sample Covariance')
[PlannedPath]    PlannedPath(timestamp=244.530971882, waypoints=[(1.1, 0), (2.1, 0), (3.1, 0), (4.1, 0), (5.1, 0)])
[Decision]       ManeuverDecision(timestamp=244.530971882, chosen_maneuver='LANE_KEEP', target_speed_kph=10.0, lead_vehicle_id=None)
[ActionCommand]  속도(m/s): 1.68  |  조향(rad): 0.000
[ControlCmd]     스티어링(rad): 0.000  |  Throttle: 1.00  |  Brake: 0.00
========================================================

2025-06-05 19:53:05,642 - Modules.control_module - INFO - 
================= [프로세스 단일 흐름 요약] =================
[Perception]     PerceptionOutput(timestamp=244.530971882, detected_objects=[], lane_markings=[], drivable_area_mask=None, traffic_signs=[], semantic_segmentation_map=None, instance_segmentation_map=None, depth_map=None, optical_flow_map=None, scene_flow_map=None, raw_features_for_localization=None, white_line_hsv_metrics=WhiteLineHsvMetrics(timestamp=1749120785.616942, total_white_pixels=54863, left_ratio=0.2152777777777778, mid_ratio=0.23465620109546165, right_ratio=0.21979653426791276, is_detected=True), yellow_line_hsv_metrics=YellowLineHsvMetrics(timestamp=1749120785.616953, area=682380.0, center_x=410, is_detected=True))
[Localization]   LocalizationInfo(timestamp=244.530971882, position=(0.15000000000000002, 0, 0), orientation_quaternion=(1, 0, 0, 0), velocity_vector=(0, 0, 0), covariance_matrix='Sample Covariance')
[PlannedPath]    PlannedPath(timestamp=244.530971882, waypoints=[(1.15, 0), (2.15, 0), (3.15, 0), (4.15, 0), (5.15, 0)])
[Decision]       ManeuverDecision(timestamp=244.530971882, chosen_maneuver='LANE_KEEP', target_speed_kph=10.0, lead_vehicle_id=None)
[ActionCommand]  속도(m/s): 1.68  |  조향(rad): 0.000
[ControlCmd]     스티어링(rad): 0.000  |  Throttle: 1.00  |  Brake: 0.00
========================================================

2025-06-05 19:53:05,662 - Modules.control_module - INFO - 
================= [프로세스 단일 흐름 요약] =================
[Perception]     PerceptionOutput(timestamp=244.684707185, detected_objects=[], lane_markings=[], drivable_area_mask=None, traffic_signs=[], semantic_segmentation_map=None, instance_segmentation_map=None, depth_map=None, optical_flow_map=None, scene_flow_map=None, raw_features_for_localization=None, white_line_hsv_metrics=WhiteLineHsvMetrics(timestamp=1749120785.6455677, total_white_pixels=48192, left_ratio=0.22489974569640062, mid_ratio=0.19231709702660407, right_ratio=0.1711813668224299, is_detected=True), yellow_line_hsv_metrics=YellowLineHsvMetrics(timestamp=1749120785.6455753, area=832830.0, center_x=420, is_detected=True))
[Localization]   LocalizationInfo(timestamp=244.684707185, position=(0.2, 0, 0), orientation_quaternion=(1, 0, 0, 0), velocity_vector=(0.3252343412624868, 0, 0), covariance_matrix='Sample Covariance')
[PlannedPath]    PlannedPath(timestamp=244.684707185, waypoints=[(1.2, 0), (2.2, 0), (3.2, 0), (4.2, 0), (5.2, 0)])
[Decision]       ManeuverDecision(timestamp=244.684707185, chosen_maneuver='LANE_KEEP', target_speed_kph=10.0, lead_vehicle_id=None)
[ActionCommand]  속도(m/s): 1.68  |  조향(rad): 0.000
[ControlCmd]     스티어링(rad): 0.000  |  Throttle: 1.00  |  Brake: 0.00
========================================================

2025-06-05 19:53:05,693 - Modules.control_module - INFO - 
================= [프로세스 단일 흐름 요약] =================
[Perception]     PerceptionOutput(timestamp=244.684707185, detected_objects=[], lane_markings=[], drivable_area_mask=None, traffic_signs=[], semantic_segmentation_map=None, instance_segmentation_map=None, depth_map=None, optical_flow_map=None, scene_flow_map=None, raw_features_for_localization=None, white_line_hsv_metrics=WhiteLineHsvMetrics(timestamp=1749120785.6715198, total_white_pixels=48192, left_ratio=0.22489974569640062, mid_ratio=0.19231709702660407, right_ratio=0.1711813668224299, is_detected=True), yellow_line_hsv_metrics=YellowLineHsvMetrics(timestamp=1749120785.6715288, area=832830.0, center_x=420, is_detected=True))
[Localization]   LocalizationInfo(timestamp=244.684707185, position=(0.25, 0, 0), orientation_quaternion=(1, 0, 0, 0), velocity_vector=(0, 0, 0), covariance_matrix='Sample Covariance')
[PlannedPath]    PlannedPath(timestamp=244.684707185, waypoints=[(1.25, 0), (2.25, 0), (3.25, 0), (4.25, 0), (5.25, 0)])
[Decision]       ManeuverDecision(timestamp=244.684707185, chosen_maneuver='LANE_KEEP', target_speed_kph=10.0, lead_vehicle_id=None)
[ActionCommand]  속도(m/s): 1.68  |  조향(rad): 0.000
[ControlCmd]     스티어링(rad): 0.000  |  Throttle: 1.00  |  Brake: 0.00
========================================================

2025-06-05 19:53:05,713 - Modules.control_module - INFO - 
================= [프로세스 단일 흐름 요약] =================
[Perception]     PerceptionOutput(timestamp=244.792117084, detected_objects=[], lane_markings=[], drivable_area_mask=None, traffic_signs=[], semantic_segmentation_map=None, instance_segmentation_map=None, depth_map=None, optical_flow_map=None, scene_flow_map=None, raw_features_for_localization=None, white_line_hsv_metrics=WhiteLineHsvMetrics(timestamp=1749120785.7000136, total_white_pixels=45211, left_ratio=0.2329934467918623, mid_ratio=0.17180164319248825, right_ratio=0.1472692757009346, is_detected=True), yellow_line_hsv_metrics=YellowLineHsvMetrics(timestamp=1749120785.7000217, area=929985.0, center_x=422, is_detected=True))
[Localization]   LocalizationInfo(timestamp=244.792117084, position=(0.3, 0, 0), orientation_quaternion=(1, 0, 0, 0), velocity_vector=(0.465506442753458, 0, 0), covariance_matrix='Sample Covariance')
[PlannedPath]    PlannedPath(timestamp=244.792117084, waypoints=[(1.3, 0), (2.3, 0), (3.3, 0), (4.3, 0), (5.3, 0)])
[Decision]       ManeuverDecision(timestamp=244.792117084, chosen_maneuver='LANE_KEEP', target_speed_kph=10.0, lead_vehicle_id=None)
[ActionCommand]  속도(m/s): 1.68  |  조향(rad): 0.000
[ControlCmd]     스티어링(rad): 0.000  |  Throttle: 1.00  |  Brake: 0.00
========================================================

2025-06-05 19:53:05,764 - Modules.control_module - INFO - 
================= [프로세스 단일 흐름 요약] =================
[Perception]     PerceptionOutput(timestamp=244.792117084, detected_objects=[], lane_markings=[], drivable_area_mask=None, traffic_signs=[], semantic_segmentation_map=None, instance_segmentation_map=None, depth_map=None, optical_flow_map=None, scene_flow_map=None, raw_features_for_localization=None, white_line_hsv_metrics=WhiteLineHsvMetrics(timestamp=1749120785.7431116, total_white_pixels=45211, left_ratio=0.2329934467918623, mid_ratio=0.17180164319248825, right_ratio=0.1472692757009346, is_detected=True), yellow_line_hsv_metrics=YellowLineHsvMetrics(timestamp=1749120785.7431185, area=929985.0, center_x=422, is_detected=True))
[Localization]   LocalizationInfo(timestamp=244.792117084, position=(0.39999999999999997, 0, 0), orientation_quaternion=(1, 0, 0, 0), velocity_vector=(0, 0, 0), covariance_matrix='Sample Covariance')
[PlannedPath]    PlannedPath(timestamp=244.792117084, waypoints=[(1.4, 0), (2.4, 0), (3.4, 0), (4.4, 0), (5.4, 0)])
[Decision]       ManeuverDecision(timestamp=244.792117084, chosen_maneuver='LANE_KEEP', target_speed_kph=10.0, lead_vehicle_id=None)
[ActionCommand]  속도(m/s): 1.68  |  조향(rad): 0.000
[ControlCmd]     스티어링(rad): 0.000  |  Throttle: 1.00  |  Brake: 0.00
========================================================

2025-06-05 19:53:05,794 - Modules.control_module - INFO - 
================= [프로세스 단일 흐름 요약] =================
[Perception]     PerceptionOutput(timestamp=244.792117084, detected_objects=[], lane_markings=[], drivable_area_mask=None, traffic_signs=[], semantic_segmentation_map=None, instance_segmentation_map=None, depth_map=None, optical_flow_map=None, scene_flow_map=None, raw_features_for_localization=None, white_line_hsv_metrics=WhiteLineHsvMetrics(timestamp=1749120785.768304, total_white_pixels=45211, left_ratio=0.2329934467918623, mid_ratio=0.17180164319248825, right_ratio=0.1472692757009346, is_detected=True), yellow_line_hsv_metrics=YellowLineHsvMetrics(timestamp=1749120785.7683117, area=929985.0, center_x=422, is_detected=True))
[Localization]   LocalizationInfo(timestamp=244.792117084, position=(0.44999999999999996, 0, 0), orientation_quaternion=(1, 0, 0, 0), velocity_vector=(0, 0, 0), covariance_matrix='Sample Covariance')
[PlannedPath]    PlannedPath(timestamp=244.792117084, waypoints=[(1.45, 0), (2.45, 0), (3.45, 0), (4.45, 0), (5.45, 0)])
[Decision]       ManeuverDecision(timestamp=244.792117084, chosen_maneuver='LANE_KEEP', target_speed_kph=10.0, lead_vehicle_id=None)
[ActionCommand]  속도(m/s): 1.68  |  조향(rad): 0.000
[ControlCmd]     스티어링(rad): 0.000  |  Throttle: 1.00  |  Brake: 0.00
========================================================

2025-06-05 19:53:05,815 - Modules.control_module - INFO - 
================= [프로세스 단일 흐름 요약] =================
[Perception]     PerceptionOutput(timestamp=244.993953181, detected_objects=[], lane_markings=[], drivable_area_mask=None, traffic_signs=[], semantic_segmentation_map=None, instance_segmentation_map=None, depth_map=None, optical_flow_map=None, scene_flow_map=None, raw_features_for_localization=None, white_line_hsv_metrics=WhiteLineHsvMetrics(timestamp=1749120785.8001878, total_white_pixels=39597, left_ratio=0.20000733568075119, mid_ratio=0.1560054773082942, right_ratio=0.12750681464174454, is_detected=True), yellow_line_hsv_metrics=YellowLineHsvMetrics(timestamp=1749120785.8001966, area=1369860.0, center_x=448, is_detected=True))
[Localization]   LocalizationInfo(timestamp=244.993953181, position=(0.49999999999999994, 0, 0), orientation_quaternion=(1, 0, 0, 0), velocity_vector=(0.2477257574000955, 0, 0), covariance_matrix='Sample Covariance')
[PlannedPath]    PlannedPath(timestamp=244.993953181, waypoints=[(1.5, 0), (2.5, 0), (3.5, 0), (4.5, 0), (5.5, 0)])
[Decision]       ManeuverDecision(timestamp=244.993953181, chosen_maneuver='LANE_KEEP', target_speed_kph=10.0, lead_vehicle_id=None)
[ActionCommand]  속도(m/s): 1.68  |  조향(rad): 0.000
[ControlCmd]     스티어링(rad): 0.000  |  Throttle: 1.00  |  Brake: 0.00
========================================================

2025-06-05 19:53:05,835 - Modules.control_module - INFO - 
================= [프로세스 단일 흐름 요약] =================
[Perception]     PerceptionOutput(timestamp=244.993953181, detected_objects=[], lane_markings=[], drivable_area_mask=None, traffic_signs=[], semantic_segmentation_map=None, instance_segmentation_map=None, depth_map=None, optical_flow_map=None, scene_flow_map=None, raw_features_for_localization=None, white_line_hsv_metrics=WhiteLineHsvMetrics(timestamp=1749120785.8207924, total_white_pixels=39597, left_ratio=0.20000733568075119, mid_ratio=0.1560054773082942, right_ratio=0.12750681464174454, is_detected=True), yellow_line_hsv_metrics=YellowLineHsvMetrics(timestamp=1749120785.8207986, area=1369860.0, center_x=448, is_detected=True))
[Localization]   LocalizationInfo(timestamp=244.993953181, position=(0.5499999999999999, 0, 0), orientation_quaternion=(1, 0, 0, 0), velocity_vector=(0, 0, 0), covariance_matrix='Sample Covariance')
[PlannedPath]    PlannedPath(timestamp=244.993953181, waypoints=[(1.5499999999999998, 0), (2.55, 0), (3.55, 0), (4.55, 0), (5.55, 0)])
[Decision]       ManeuverDecision(timestamp=244.993953181, chosen_maneuver='LANE_KEEP', target_speed_kph=10.0, lead_vehicle_id=None)
[ActionCommand]  속도(m/s): 1.68  |  조향(rad): 0.000
[ControlCmd]     스티어링(rad): 0.000  |  Throttle: 1.00  |  Brake: 0.00
========================================================

2025-06-05 19:53:05,856 - Modules.control_module - INFO - 
================= [프로세스 단일 흐름 요약] =================
[Perception]     PerceptionOutput(timestamp=244.993953181, detected_objects=[], lane_markings=[], drivable_area_mask=None, traffic_signs=[], semantic_segmentation_map=None, instance_segmentation_map=None, depth_map=None, optical_flow_map=None, scene_flow_map=None, raw_features_for_localization=None, white_line_hsv_metrics=WhiteLineHsvMetrics(timestamp=1749120785.840417, total_white_pixels=39597, left_ratio=0.20000733568075119, mid_ratio=0.1560054773082942, right_ratio=0.12750681464174454, is_detected=True), yellow_line_hsv_metrics=YellowLineHsvMetrics(timestamp=1749120785.8404229, area=1369860.0, center_x=448, is_detected=True))
[Localization]   LocalizationInfo(timestamp=244.993953181, position=(0.6, 0, 0), orientation_quaternion=(1, 0, 0, 0), velocity_vector=(0, 0, 0), covariance_matrix='Sample Covariance')
[PlannedPath]    PlannedPath(timestamp=244.993953181, waypoints=[(1.6, 0), (2.6, 0), (3.6, 0), (4.6, 0), (5.6, 0)])
[Decision]       ManeuverDecision(timestamp=244.993953181, chosen_maneuver='LANE_KEEP', target_speed_kph=10.0, lead_vehicle_id=None)
[ActionCommand]  속도(m/s): 1.68  |  조향(rad): 0.000
[ControlCmd]     스티어링(rad): 0.000  |  Throttle: 1.00  |  Brake: 0.00
========================================================

2025-06-05 19:53:05,876 - Modules.control_module - INFO - 
================= [프로세스 단일 흐름 요약] =================
[Perception]     PerceptionOutput(timestamp=244.993953181, detected_objects=[], lane_markings=[], drivable_area_mask=None, traffic_signs=[], semantic_segmentation_map=None, instance_segmentation_map=None, depth_map=None, optical_flow_map=None, scene_flow_map=None, raw_features_for_localization=None, white_line_hsv_metrics=WhiteLineHsvMetrics(timestamp=1749120785.8599563, total_white_pixels=39597, left_ratio=0.20000733568075119, mid_ratio=0.1560054773082942, right_ratio=0.12750681464174454, is_detected=True), yellow_line_hsv_metrics=YellowLineHsvMetrics(timestamp=1749120785.8599603, area=1369860.0, center_x=448, is_detected=True))
[Localization]   LocalizationInfo(timestamp=244.993953181, position=(0.65, 0, 0), orientation_quaternion=(1, 0, 0, 0), velocity_vector=(0, 0, 0), covariance_matrix='Sample Covariance')
[PlannedPath]    PlannedPath(timestamp=244.993953181, waypoints=[(1.65, 0), (2.65, 0), (3.65, 0), (4.65, 0), (5.65, 0)])
[Decision]       ManeuverDecision(timestamp=244.993953181, chosen_maneuver='LANE_KEEP', target_speed_kph=10.0, lead_vehicle_id=None)
[ActionCommand]  속도(m/s): 1.68  |  조향(rad): 0.000
[ControlCmd]     스티어링(rad): 0.000  |  Throttle: 1.00  |  Brake: 0.00
========================================================

2025-06-05 19:53:05,896 - Modules.control_module - INFO - 
================= [프로세스 단일 흐름 요약] =================
[Perception]     PerceptionOutput(timestamp=244.993953181, detected_objects=[], lane_markings=[], drivable_area_mask=None, traffic_signs=[], semantic_segmentation_map=None, instance_segmentation_map=None, depth_map=None, optical_flow_map=None, scene_flow_map=None, raw_features_for_localization=None, white_line_hsv_metrics=WhiteLineHsvMetrics(timestamp=1749120785.8796158, total_white_pixels=39597, left_ratio=0.20000733568075119, mid_ratio=0.1560054773082942, right_ratio=0.12750681464174454, is_detected=True), yellow_line_hsv_metrics=YellowLineHsvMetrics(timestamp=1749120785.87962, area=1369860.0, center_x=448, is_detected=True))
[Localization]   LocalizationInfo(timestamp=244.993953181, position=(0.7000000000000001, 0, 0), orientation_quaternion=(1, 0, 0, 0), velocity_vector=(0, 0, 0), covariance_matrix='Sample Covariance')
[PlannedPath]    PlannedPath(timestamp=244.993953181, waypoints=[(1.7000000000000002, 0), (2.7, 0), (3.7, 0), (4.7, 0), (5.7, 0)])
[Decision]       ManeuverDecision(timestamp=244.993953181, chosen_maneuver='LANE_KEEP', target_speed_kph=10.0, lead_vehicle_id=None)
[ActionCommand]  속도(m/s): 1.68  |  조향(rad): 0.000
[ControlCmd]     스티어링(rad): 0.000  |  Throttle: 1.00  |  Brake: 0.00
========================================================

2025-06-05 19:53:05,917 - Modules.control_module - INFO - 
================= [프로세스 단일 흐름 요약] =================
[Perception]     PerceptionOutput(timestamp=244.993953181, detected_objects=[], lane_markings=[], drivable_area_mask=None, traffic_signs=[], semantic_segmentation_map=None, instance_segmentation_map=None, depth_map=None, optical_flow_map=None, scene_flow_map=None, raw_features_for_localization=None, white_line_hsv_metrics=WhiteLineHsvMetrics(timestamp=1749120785.8995793, total_white_pixels=39597, left_ratio=0.20000733568075119, mid_ratio=0.1560054773082942, right_ratio=0.12750681464174454, is_detected=True), yellow_line_hsv_metrics=YellowLineHsvMetrics(timestamp=1749120785.8995874, area=1369860.0, center_x=448, is_detected=True))
[Localization]   LocalizationInfo(timestamp=244.993953181, position=(0.7500000000000001, 0, 0), orientation_quaternion=(1, 0, 0, 0), velocity_vector=(0, 0, 0), covariance_matrix='Sample Covariance')
[PlannedPath]    PlannedPath(timestamp=244.993953181, waypoints=[(1.75, 0), (2.75, 0), (3.75, 0), (4.75, 0), (5.75, 0)])
[Decision]       ManeuverDecision(timestamp=244.993953181, chosen_maneuver='LANE_KEEP', target_speed_kph=10.0, lead_vehicle_id=None)
[ActionCommand]  속도(m/s): 1.68  |  조향(rad): 0.000
[ControlCmd]     스티어링(rad): 0.000  |  Throttle: 1.00  |  Brake: 0.00
========================================================

2025-06-05 19:53:05,967 - Modules.control_module - INFO - 
================= [프로세스 단일 흐름 요약] =================
[Perception]     PerceptionOutput(timestamp=244.993953181, detected_objects=[], lane_markings=[], drivable_area_mask=None, traffic_signs=[], semantic_segmentation_map=None, instance_segmentation_map=None, depth_map=None, optical_flow_map=None, scene_flow_map=None, raw_features_for_localization=None, white_line_hsv_metrics=WhiteLineHsvMetrics(timestamp=1749120785.9505634, total_white_pixels=39597, left_ratio=0.20000733568075119, mid_ratio=0.1560054773082942, right_ratio=0.12750681464174454, is_detected=True), yellow_line_hsv_metrics=YellowLineHsvMetrics(timestamp=1749120785.9505699, area=1369860.0, center_x=448, is_detected=True))
[Localization]   LocalizationInfo(timestamp=244.993953181, position=(0.8000000000000002, 0, 0), orientation_quaternion=(1, 0, 0, 0), velocity_vector=(0, 0, 0), covariance_matrix='Sample Covariance')
[PlannedPath]    PlannedPath(timestamp=244.993953181, waypoints=[(1.8000000000000003, 0), (2.8000000000000003, 0), (3.8000000000000003, 0), (4.8, 0), (5.8, 0)])
[Decision]       ManeuverDecision(timestamp=244.993953181, chosen_maneuver='LANE_KEEP', target_speed_kph=10.0, lead_vehicle_id=None)
[ActionCommand]  속도(m/s): 1.68  |  조향(rad): 0.000
[ControlCmd]     스티어링(rad): 0.000  |  Throttle: 1.00  |  Brake: 0.00
========================================================

2025-06-05 19:53:06,018 - Modules.control_module - INFO - 
================= [프로세스 단일 흐름 요약] =================
[Perception]     PerceptionOutput(timestamp=244.993953181, detected_objects=[], lane_markings=[], drivable_area_mask=None, traffic_signs=[], semantic_segmentation_map=None, instance_segmentation_map=None, depth_map=None, optical_flow_map=None, scene_flow_map=None, raw_features_for_localization=None, white_line_hsv_metrics=WhiteLineHsvMetrics(timestamp=1749120785.999816, total_white_pixels=39597, left_ratio=0.20000733568075119, mid_ratio=0.1560054773082942, right_ratio=0.12750681464174454, is_detected=True), yellow_line_hsv_metrics=YellowLineHsvMetrics(timestamp=1749120785.9998236, area=1369860.0, center_x=448, is_detected=True))
[Localization]   LocalizationInfo(timestamp=244.993953181, position=(0.8500000000000002, 0, 0), orientation_quaternion=(1, 0, 0, 0), velocity_vector=(0, 0, 0), covariance_matrix='Sample Covariance')
[PlannedPath]    PlannedPath(timestamp=244.993953181, waypoints=[(1.85, 0), (2.85, 0), (3.85, 0), (4.8500000000000005, 0), (5.8500000000000005, 0)])
[Decision]       ManeuverDecision(timestamp=244.993953181, chosen_maneuver='LANE_KEEP', target_speed_kph=10.0, lead_vehicle_id=None)
[ActionCommand]  속도(m/s): 1.68  |  조향(rad): 0.000
[ControlCmd]     스티어링(rad): 0.000  |  Throttle: 1.00  |  Brake: 0.00
========================================================

2025-06-05 19:53:06,109 - Modules.control_module - INFO - 
================= [프로세스 단일 흐름 요약] =================
[Perception]     PerceptionOutput(timestamp=244.993953181, detected_objects=[], lane_markings=[], drivable_area_mask=None, traffic_signs=[], semantic_segmentation_map=None, instance_segmentation_map=None, depth_map=None, optical_flow_map=None, scene_flow_map=None, raw_features_for_localization=None, white_line_hsv_metrics=WhiteLineHsvMetrics(timestamp=1749120786.0991616, total_white_pixels=39597, left_ratio=0.20000733568075119, mid_ratio=0.1560054773082942, right_ratio=0.12750681464174454, is_detected=True), yellow_line_hsv_metrics=YellowLineHsvMetrics(timestamp=1749120786.0991685, area=1369860.0, center_x=448, is_detected=True))
[Localization]   LocalizationInfo(timestamp=244.993953181, position=(0.9500000000000003, 0, 0), orientation_quaternion=(1, 0, 0, 0), velocity_vector=(0, 0, 0), covariance_matrix='Sample Covariance')
[PlannedPath]    PlannedPath(timestamp=244.993953181, waypoints=[(1.9500000000000002, 0), (2.95, 0), (3.95, 0), (4.95, 0), (5.95, 0)])
[Decision]       ManeuverDecision(timestamp=244.993953181, chosen_maneuver='LANE_KEEP', target_speed_kph=10.0, lead_vehicle_id=None)
[ActionCommand]  속도(m/s): 1.68  |  조향(rad): 0.000
[ControlCmd]     스티어링(rad): 0.000  |  Throttle: 1.00  |  Brake: 0.00
========================================================

2025-06-05 19:53:06,160 - Modules.control_module - INFO - 
================= [프로세스 단일 흐름 요약] =================
[Perception]     PerceptionOutput(timestamp=244.993953181, detected_objects=[], lane_markings=[], drivable_area_mask=None, traffic_signs=[], semantic_segmentation_map=None, instance_segmentation_map=None, depth_map=None, optical_flow_map=None, scene_flow_map=None, raw_features_for_localization=None, white_line_hsv_metrics=WhiteLineHsvMetrics(timestamp=1749120786.1483042, total_white_pixels=39597, left_ratio=0.20000733568075119, mid_ratio=0.1560054773082942, right_ratio=0.12750681464174454, is_detected=True), yellow_line_hsv_metrics=YellowLineHsvMetrics(timestamp=1749120786.1483123, area=1369860.0, center_x=448, is_detected=True))
[Localization]   LocalizationInfo(timestamp=244.993953181, position=(1.0000000000000002, 0, 0), orientation_quaternion=(1, 0, 0, 0), velocity_vector=(0, 0, 0), covariance_matrix='Sample Covariance')
[PlannedPath]    PlannedPath(timestamp=244.993953181, waypoints=[(2.0, 0), (3.0, 0), (4.0, 0), (5.0, 0), (6.0, 0)])
[Decision]       ManeuverDecision(timestamp=244.993953181, chosen_maneuver='LANE_KEEP', target_speed_kph=10.0, lead_vehicle_id=None)
[ActionCommand]  속도(m/s): 1.68  |  조향(rad): 0.000
[ControlCmd]     스티어링(rad): 0.000  |  Throttle: 1.00  |  Brake: 0.00
========================================================

2025-06-05 19:53:06,221 - Modules.control_module - INFO - 
================= [프로세스 단일 흐름 요약] =================
[Perception]     PerceptionOutput(timestamp=244.993953181, detected_objects=[], lane_markings=[], drivable_area_mask=None, traffic_signs=[], semantic_segmentation_map=None, instance_segmentation_map=None, depth_map=None, optical_flow_map=None, scene_flow_map=None, raw_features_for_localization=None, white_line_hsv_metrics=WhiteLineHsvMetrics(timestamp=1749120786.2072222, total_white_pixels=39597, left_ratio=0.20000733568075119, mid_ratio=0.1560054773082942, right_ratio=0.12750681464174454, is_detected=True), yellow_line_hsv_metrics=YellowLineHsvMetrics(timestamp=1749120786.2072291, area=1369860.0, center_x=448, is_detected=True))
[Localization]   LocalizationInfo(timestamp=244.993953181, position=(1.0500000000000003, 0, 0), orientation_quaternion=(1, 0, 0, 0), velocity_vector=(0, 0, 0), covariance_matrix='Sample Covariance')
[PlannedPath]    PlannedPath(timestamp=244.993953181, waypoints=[(2.0500000000000003, 0), (3.0500000000000003, 0), (4.050000000000001, 0), (5.050000000000001, 0), (6.050000000000001, 0)])
[Decision]       ManeuverDecision(timestamp=244.993953181, chosen_maneuver='LANE_KEEP', target_speed_kph=10.0, lead_vehicle_id=None)
[ActionCommand]  속도(m/s): 1.68  |  조향(rad): 0.000
[ControlCmd]     스티어링(rad): 0.000  |  Throttle: 1.00  |  Brake: 0.00
========================================================

2025-06-05 19:53:06,272 - Modules.control_module - INFO - 
================= [프로세스 단일 흐름 요약] =================
[Perception]     PerceptionOutput(timestamp=244.993953181, detected_objects=[], lane_markings=[], drivable_area_mask=None, traffic_signs=[], semantic_segmentation_map=None, instance_segmentation_map=None, depth_map=None, optical_flow_map=None, scene_flow_map=None, raw_features_for_localization=None, white_line_hsv_metrics=WhiteLineHsvMetrics(timestamp=1749120786.2555912, total_white_pixels=39597, left_ratio=0.20000733568075119, mid_ratio=0.1560054773082942, right_ratio=0.12750681464174454, is_detected=True), yellow_line_hsv_metrics=YellowLineHsvMetrics(timestamp=1749120786.2555974, area=1369860.0, center_x=448, is_detected=True))
[Localization]   LocalizationInfo(timestamp=244.993953181, position=(1.1000000000000003, 0, 0), orientation_quaternion=(1, 0, 0, 0), velocity_vector=(0, 0, 0), covariance_matrix='Sample Covariance')
[PlannedPath]    PlannedPath(timestamp=244.993953181, waypoints=[(2.1000000000000005, 0), (3.1000000000000005, 0), (4.1000000000000005, 0), (5.1000000000000005, 0), (6.1000000000000005, 0)])
[Decision]       ManeuverDecision(timestamp=244.993953181, chosen_maneuver='LANE_KEEP', target_speed_kph=10.0, lead_vehicle_id=None)
[ActionCommand]  속도(m/s): 1.68  |  조향(rad): 0.000
[ControlCmd]     스티어링(rad): 0.000  |  Throttle: 1.00  |  Brake: 0.00
========================================================

2025-06-05 19:53:06,465 - Modules.control_module - INFO - 
================= [프로세스 단일 흐름 요약] =================
[Perception]     PerceptionOutput(timestamp=244.993953181, detected_objects=[], lane_markings=[], drivable_area_mask=None, traffic_signs=[], semantic_segmentation_map=None, instance_segmentation_map=None, depth_map=None, optical_flow_map=None, scene_flow_map=None, raw_features_for_localization=None, white_line_hsv_metrics=WhiteLineHsvMetrics(timestamp=1749120786.453281, total_white_pixels=39597, left_ratio=0.20000733568075119, mid_ratio=0.1560054773082942, right_ratio=0.12750681464174454, is_detected=True), yellow_line_hsv_metrics=YellowLineHsvMetrics(timestamp=1749120786.4532897, area=1369860.0, center_x=448, is_detected=True))
[Localization]   LocalizationInfo(timestamp=244.993953181, position=(1.3000000000000005, 0, 0), orientation_quaternion=(1, 0, 0, 0), velocity_vector=(0, 0, 0), covariance_matrix='Sample Covariance')
[PlannedPath]    PlannedPath(timestamp=244.993953181, waypoints=[(2.3000000000000007, 0), (3.3000000000000007, 0), (4.300000000000001, 0), (5.300000000000001, 0), (6.300000000000001, 0)])
[Decision]       ManeuverDecision(timestamp=244.993953181, chosen_maneuver='LANE_KEEP', target_speed_kph=10.0, lead_vehicle_id=None)
[ActionCommand]  속도(m/s): 1.68  |  조향(rad): 0.000
[ControlCmd]     스티어링(rad): 0.000  |  Throttle: 1.00  |  Brake: 0.00
========================================================

2025-06-05 19:53:06,516 - Modules.control_module - INFO - 
================= [프로세스 단일 흐름 요약] =================
[Perception]     PerceptionOutput(timestamp=244.993953181, detected_objects=[], lane_markings=[], drivable_area_mask=None, traffic_signs=[], semantic_segmentation_map=None, instance_segmentation_map=None, depth_map=None, optical_flow_map=None, scene_flow_map=None, raw_features_for_localization=None, white_line_hsv_metrics=WhiteLineHsvMetrics(timestamp=1749120786.5034208, total_white_pixels=39597, left_ratio=0.20000733568075119, mid_ratio=0.1560054773082942, right_ratio=0.12750681464174454, is_detected=True), yellow_line_hsv_metrics=YellowLineHsvMetrics(timestamp=1749120786.5034308, area=1369860.0, center_x=448, is_detected=True))
[Localization]   LocalizationInfo(timestamp=244.993953181, position=(1.3500000000000005, 0, 0), orientation_quaternion=(1, 0, 0, 0), velocity_vector=(0, 0, 0), covariance_matrix='Sample Covariance')
[PlannedPath]    PlannedPath(timestamp=244.993953181, waypoints=[(2.3500000000000005, 0), (3.3500000000000005, 0), (4.3500000000000005, 0), (5.3500000000000005, 0), (6.3500000000000005, 0)])
[Decision]       ManeuverDecision(timestamp=244.993953181, chosen_maneuver='LANE_KEEP', target_speed_kph=10.0, lead_vehicle_id=None)
[ActionCommand]  속도(m/s): 1.68  |  조향(rad): 0.000
[ControlCmd]     스티어링(rad): 0.000  |  Throttle: 1.00  |  Brake: 0.00
========================================================

2025-06-05 19:53:06,567 - Modules.control_module - INFO - 
================= [프로세스 단일 흐름 요약] =================
[Perception]     PerceptionOutput(timestamp=244.993953181, detected_objects=[], lane_markings=[], drivable_area_mask=None, traffic_signs=[], semantic_segmentation_map=None, instance_segmentation_map=None, depth_map=None, optical_flow_map=None, scene_flow_map=None, raw_features_for_localization=None, white_line_hsv_metrics=WhiteLineHsvMetrics(timestamp=1749120786.5539553, total_white_pixels=39597, left_ratio=0.20000733568075119, mid_ratio=0.1560054773082942, right_ratio=0.12750681464174454, is_detected=True), yellow_line_hsv_metrics=YellowLineHsvMetrics(timestamp=1749120786.5539641, area=1369860.0, center_x=448, is_detected=True))
[Localization]   LocalizationInfo(timestamp=244.993953181, position=(1.4000000000000006, 0, 0), orientation_quaternion=(1, 0, 0, 0), velocity_vector=(0, 0, 0), covariance_matrix='Sample Covariance')
[PlannedPath]    PlannedPath(timestamp=244.993953181, waypoints=[(2.4000000000000004, 0), (3.4000000000000004, 0), (4.4, 0), (5.4, 0), (6.4, 0)])
[Decision]       ManeuverDecision(timestamp=244.993953181, chosen_maneuver='LANE_KEEP', target_speed_kph=10.0, lead_vehicle_id=None)
[ActionCommand]  속도(m/s): 1.68  |  조향(rad): 0.000
[ControlCmd]     스티어링(rad): 0.000  |  Throttle: 1.00  |  Brake: 0.00
========================================================

2025-06-05 19:53:06,618 - Modules.control_module - INFO - 
================= [프로세스 단일 흐름 요약] =================
[Perception]     PerceptionOutput(timestamp=244.993953181, detected_objects=[], lane_markings=[], drivable_area_mask=None, traffic_signs=[], semantic_segmentation_map=None, instance_segmentation_map=None, depth_map=None, optical_flow_map=None, scene_flow_map=None, raw_features_for_localization=None, white_line_hsv_metrics=WhiteLineHsvMetrics(timestamp=1749120786.6044354, total_white_pixels=39597, left_ratio=0.20000733568075119, mid_ratio=0.1560054773082942, right_ratio=0.12750681464174454, is_detected=True), yellow_line_hsv_metrics=YellowLineHsvMetrics(timestamp=1749120786.6044452, area=1369860.0, center_x=448, is_detected=True))
[Localization]   LocalizationInfo(timestamp=244.993953181, position=(1.4500000000000006, 0, 0), orientation_quaternion=(1, 0, 0, 0), velocity_vector=(0, 0, 0), covariance_matrix='Sample Covariance')
[PlannedPath]    PlannedPath(timestamp=244.993953181, waypoints=[(2.4500000000000006, 0), (3.4500000000000006, 0), (4.450000000000001, 0), (5.450000000000001, 0), (6.450000000000001, 0)])
[Decision]       ManeuverDecision(timestamp=244.993953181, chosen_maneuver='LANE_KEEP', target_speed_kph=10.0, lead_vehicle_id=None)
[ActionCommand]  속도(m/s): 1.68  |  조향(rad): 0.000
[ControlCmd]     스티어링(rad): 0.000  |  Throttle: 1.00  |  Brake: 0.00
========================================================

2025-06-05 19:53:06,720 - Modules.control_module - INFO - 
================= [프로세스 단일 흐름 요약] =================
[Perception]     PerceptionOutput(timestamp=244.993953181, detected_objects=[], lane_markings=[], drivable_area_mask=None, traffic_signs=[], semantic_segmentation_map=None, instance_segmentation_map=None, depth_map=None, optical_flow_map=None, scene_flow_map=None, raw_features_for_localization=None, white_line_hsv_metrics=WhiteLineHsvMetrics(timestamp=1749120786.7079241, total_white_pixels=39597, left_ratio=0.20000733568075119, mid_ratio=0.1560054773082942, right_ratio=0.12750681464174454, is_detected=True), yellow_line_hsv_metrics=YellowLineHsvMetrics(timestamp=1749120786.7079322, area=1369860.0, center_x=448, is_detected=True))
[Localization]   LocalizationInfo(timestamp=244.993953181, position=(1.5500000000000007, 0, 0), orientation_quaternion=(1, 0, 0, 0), velocity_vector=(0, 0, 0), covariance_matrix='Sample Covariance')
[PlannedPath]    PlannedPath(timestamp=244.993953181, waypoints=[(2.5500000000000007, 0), (3.5500000000000007, 0), (4.550000000000001, 0), (5.550000000000001, 0), (6.550000000000001, 0)])
[Decision]       ManeuverDecision(timestamp=244.993953181, chosen_maneuver='LANE_KEEP', target_speed_kph=10.0, lead_vehicle_id=None)
[ActionCommand]  속도(m/s): 1.68  |  조향(rad): 0.000
[ControlCmd]     스티어링(rad): 0.000  |  Throttle: 1.00  |  Brake: 0.00
========================================================

2025-06-05 19:53:06,770 - Modules.control_module - INFO - 
================= [프로세스 단일 흐름 요약] =================
[Perception]     PerceptionOutput(timestamp=244.993953181, detected_objects=[], lane_markings=[], drivable_area_mask=None, traffic_signs=[], semantic_segmentation_map=None, instance_segmentation_map=None, depth_map=None, optical_flow_map=None, scene_flow_map=None, raw_features_for_localization=None, white_line_hsv_metrics=WhiteLineHsvMetrics(timestamp=1749120786.7580023, total_white_pixels=39597, left_ratio=0.20000733568075119, mid_ratio=0.1560054773082942, right_ratio=0.12750681464174454, is_detected=True), yellow_line_hsv_metrics=YellowLineHsvMetrics(timestamp=1749120786.7580097, area=1369860.0, center_x=448, is_detected=True))
[Localization]   LocalizationInfo(timestamp=244.993953181, position=(1.6000000000000008, 0, 0), orientation_quaternion=(1, 0, 0, 0), velocity_vector=(0, 0, 0), covariance_matrix='Sample Covariance')
[PlannedPath]    PlannedPath(timestamp=244.993953181, waypoints=[(2.6000000000000005, 0), (3.6000000000000005, 0), (4.6000000000000005, 0), (5.6000000000000005, 0), (6.6000000000000005, 0)])
[Decision]       ManeuverDecision(timestamp=244.993953181, chosen_maneuver='LANE_KEEP', target_speed_kph=10.0, lead_vehicle_id=None)
[ActionCommand]  속도(m/s): 1.68  |  조향(rad): 0.000
[ControlCmd]     스티어링(rad): 0.000  |  Throttle: 1.00  |  Brake: 0.00
========================================================

2025-06-05 19:53:06,821 - Modules.control_module - INFO - 
================= [프로세스 단일 흐름 요약] =================
[Perception]     PerceptionOutput(timestamp=244.993953181, detected_objects=[], lane_markings=[], drivable_area_mask=None, traffic_signs=[], semantic_segmentation_map=None, instance_segmentation_map=None, depth_map=None, optical_flow_map=None, scene_flow_map=None, raw_features_for_localization=None, white_line_hsv_metrics=WhiteLineHsvMetrics(timestamp=1749120786.8078709, total_white_pixels=39597, left_ratio=0.20000733568075119, mid_ratio=0.1560054773082942, right_ratio=0.12750681464174454, is_detected=True), yellow_line_hsv_metrics=YellowLineHsvMetrics(timestamp=1749120786.8078794, area=1369860.0, center_x=448, is_detected=True))
[Localization]   LocalizationInfo(timestamp=244.993953181, position=(1.6500000000000008, 0, 0), orientation_quaternion=(1, 0, 0, 0), velocity_vector=(0, 0, 0), covariance_matrix='Sample Covariance')
[PlannedPath]    PlannedPath(timestamp=244.993953181, waypoints=[(2.650000000000001, 0), (3.650000000000001, 0), (4.65, 0), (5.65, 0), (6.65, 0)])
[Decision]       ManeuverDecision(timestamp=244.993953181, chosen_maneuver='LANE_KEEP', target_speed_kph=10.0, lead_vehicle_id=None)
[ActionCommand]  속도(m/s): 1.68  |  조향(rad): 0.000
[ControlCmd]     스티어링(rad): 0.000  |  Throttle: 1.00  |  Brake: 0.00
========================================================

2025-06-05 19:53:06,872 - Modules.control_module - INFO - 
================= [프로세스 단일 흐름 요약] =================
[Perception]     PerceptionOutput(timestamp=244.993953181, detected_objects=[], lane_markings=[], drivable_area_mask=None, traffic_signs=[], semantic_segmentation_map=None, instance_segmentation_map=None, depth_map=None, optical_flow_map=None, scene_flow_map=None, raw_features_for_localization=None, white_line_hsv_metrics=WhiteLineHsvMetrics(timestamp=1749120786.8576367, total_white_pixels=39597, left_ratio=0.20000733568075119, mid_ratio=0.1560054773082942, right_ratio=0.12750681464174454, is_detected=True), yellow_line_hsv_metrics=YellowLineHsvMetrics(timestamp=1749120786.8576434, area=1369860.0, center_x=448, is_detected=True))
[Localization]   LocalizationInfo(timestamp=244.993953181, position=(1.7000000000000008, 0, 0), orientation_quaternion=(1, 0, 0, 0), velocity_vector=(0, 0, 0), covariance_matrix='Sample Covariance')
[PlannedPath]    PlannedPath(timestamp=244.993953181, waypoints=[(2.700000000000001, 0), (3.700000000000001, 0), (4.700000000000001, 0), (5.700000000000001, 0), (6.700000000000001, 0)])
[Decision]       ManeuverDecision(timestamp=244.993953181, chosen_maneuver='LANE_KEEP', target_speed_kph=10.0, lead_vehicle_id=None)
[ActionCommand]  속도(m/s): 1.68  |  조향(rad): 0.000
[ControlCmd]     스티어링(rad): 0.000  |  Throttle: 1.00  |  Brake: 0.00
========================================================

2025-06-05 19:53:06,923 - Modules.control_module - INFO - 
================= [프로세스 단일 흐름 요약] =================
[Perception]     PerceptionOutput(timestamp=244.993953181, detected_objects=[], lane_markings=[], drivable_area_mask=None, traffic_signs=[], semantic_segmentation_map=None, instance_segmentation_map=None, depth_map=None, optical_flow_map=None, scene_flow_map=None, raw_features_for_localization=None, white_line_hsv_metrics=WhiteLineHsvMetrics(timestamp=1749120786.906999, total_white_pixels=39597, left_ratio=0.20000733568075119, mid_ratio=0.1560054773082942, right_ratio=0.12750681464174454, is_detected=True), yellow_line_hsv_metrics=YellowLineHsvMetrics(timestamp=1749120786.907006, area=1369860.0, center_x=448, is_detected=True))
[Localization]   LocalizationInfo(timestamp=244.993953181, position=(1.7500000000000009, 0, 0), orientation_quaternion=(1, 0, 0, 0), velocity_vector=(0, 0, 0), covariance_matrix='Sample Covariance')
[PlannedPath]    PlannedPath(timestamp=244.993953181, waypoints=[(2.750000000000001, 0), (3.750000000000001, 0), (4.750000000000001, 0), (5.750000000000001, 0), (6.750000000000001, 0)])
[Decision]       ManeuverDecision(timestamp=244.993953181, chosen_maneuver='LANE_KEEP', target_speed_kph=10.0, lead_vehicle_id=None)
[ActionCommand]  속도(m/s): 1.68  |  조향(rad): 0.000
[ControlCmd]     스티어링(rad): 0.000  |  Throttle: 1.00  |  Brake: 0.00
========================================================

2025-06-05 19:53:06,973 - Modules.control_module - INFO - 
================= [프로세스 단일 흐름 요약] =================
[Perception]     PerceptionOutput(timestamp=244.993953181, detected_objects=[], lane_markings=[], drivable_area_mask=None, traffic_signs=[], semantic_segmentation_map=None, instance_segmentation_map=None, depth_map=None, optical_flow_map=None, scene_flow_map=None, raw_features_for_localization=None, white_line_hsv_metrics=WhiteLineHsvMetrics(timestamp=1749120786.9565032, total_white_pixels=39597, left_ratio=0.20000733568075119, mid_ratio=0.1560054773082942, right_ratio=0.12750681464174454, is_detected=True), yellow_line_hsv_metrics=YellowLineHsvMetrics(timestamp=1749120786.9565122, area=1369860.0, center_x=448, is_detected=True))
[Localization]   LocalizationInfo(timestamp=244.993953181, position=(1.800000000000001, 0, 0), orientation_quaternion=(1, 0, 0, 0), velocity_vector=(0, 0, 0), covariance_matrix='Sample Covariance')
[PlannedPath]    PlannedPath(timestamp=244.993953181, waypoints=[(2.8000000000000007, 0), (3.8000000000000007, 0), (4.800000000000001, 0), (5.800000000000001, 0), (6.800000000000001, 0)])
[Decision]       ManeuverDecision(timestamp=244.993953181, chosen_maneuver='LANE_KEEP', target_speed_kph=10.0, lead_vehicle_id=None)
[ActionCommand]  속도(m/s): 1.68  |  조향(rad): 0.000
[ControlCmd]     스티어링(rad): 0.000  |  Throttle: 1.00  |  Brake: 0.00
========================================================

2025-06-05 19:53:07,024 - Modules.control_module - INFO - 
================= [프로세스 단일 흐름 요약] =================
[Perception]     PerceptionOutput(timestamp=244.993953181, detected_objects=[], lane_markings=[], drivable_area_mask=None, traffic_signs=[], semantic_segmentation_map=None, instance_segmentation_map=None, depth_map=None, optical_flow_map=None, scene_flow_map=None, raw_features_for_localization=None, white_line_hsv_metrics=WhiteLineHsvMetrics(timestamp=1749120787.006296, total_white_pixels=39597, left_ratio=0.20000733568075119, mid_ratio=0.1560054773082942, right_ratio=0.12750681464174454, is_detected=True), yellow_line_hsv_metrics=YellowLineHsvMetrics(timestamp=1749120787.0063043, area=1369860.0, center_x=448, is_detected=True))
[Localization]   LocalizationInfo(timestamp=244.993953181, position=(1.850000000000001, 0, 0), orientation_quaternion=(1, 0, 0, 0), velocity_vector=(0, 0, 0), covariance_matrix='Sample Covariance')
[PlannedPath]    PlannedPath(timestamp=244.993953181, waypoints=[(2.850000000000001, 0), (3.850000000000001, 0), (4.850000000000001, 0), (5.850000000000001, 0), (6.850000000000001, 0)])
[Decision]       ManeuverDecision(timestamp=244.993953181, chosen_maneuver='LANE_KEEP', target_speed_kph=10.0, lead_vehicle_id=None)
[ActionCommand]  속도(m/s): 1.68  |  조향(rad): 0.000
[ControlCmd]     스티어링(rad): 0.000  |  Throttle: 1.00  |  Brake: 0.00
========================================================

2025-06-05 19:53:07,075 - Modules.control_module - INFO - 
================= [프로세스 단일 흐름 요약] =================
[Perception]     PerceptionOutput(timestamp=244.993953181, detected_objects=[], lane_markings=[], drivable_area_mask=None, traffic_signs=[], semantic_segmentation_map=None, instance_segmentation_map=None, depth_map=None, optical_flow_map=None, scene_flow_map=None, raw_features_for_localization=None, white_line_hsv_metrics=WhiteLineHsvMetrics(timestamp=1749120787.0576916, total_white_pixels=39597, left_ratio=0.20000733568075119, mid_ratio=0.1560054773082942, right_ratio=0.12750681464174454, is_detected=True), yellow_line_hsv_metrics=YellowLineHsvMetrics(timestamp=1749120787.0577002, area=1369860.0, center_x=448, is_detected=True))
[Localization]   LocalizationInfo(timestamp=244.993953181, position=(1.900000000000001, 0, 0), orientation_quaternion=(1, 0, 0, 0), velocity_vector=(0, 0, 0), covariance_matrix='Sample Covariance')
[PlannedPath]    PlannedPath(timestamp=244.993953181, waypoints=[(2.9000000000000012, 0), (3.9000000000000012, 0), (4.900000000000001, 0), (5.900000000000001, 0), (6.900000000000001, 0)])
[Decision]       ManeuverDecision(timestamp=244.993953181, chosen_maneuver='LANE_KEEP', target_speed_kph=10.0, lead_vehicle_id=None)
[ActionCommand]  속도(m/s): 1.68  |  조향(rad): 0.000
[ControlCmd]     스티어링(rad): 0.000  |  Throttle: 1.00  |  Brake: 0.00
========================================================

2025-06-05 19:53:07,126 - Modules.control_module - INFO - 
================= [프로세스 단일 흐름 요약] =================
[Perception]     PerceptionOutput(timestamp=244.993953181, detected_objects=[], lane_markings=[], drivable_area_mask=None, traffic_signs=[], semantic_segmentation_map=None, instance_segmentation_map=None, depth_map=None, optical_flow_map=None, scene_flow_map=None, raw_features_for_localization=None, white_line_hsv_metrics=WhiteLineHsvMetrics(timestamp=1749120787.1077378, total_white_pixels=39597, left_ratio=0.20000733568075119, mid_ratio=0.1560054773082942, right_ratio=0.12750681464174454, is_detected=True), yellow_line_hsv_metrics=YellowLineHsvMetrics(timestamp=1749120787.1077464, area=1369860.0, center_x=448, is_detected=True))
[Localization]   LocalizationInfo(timestamp=244.993953181, position=(1.950000000000001, 0, 0), orientation_quaternion=(1, 0, 0, 0), velocity_vector=(0, 0, 0), covariance_matrix='Sample Covariance')
[PlannedPath]    PlannedPath(timestamp=244.993953181, waypoints=[(2.950000000000001, 0), (3.950000000000001, 0), (4.950000000000001, 0), (5.950000000000001, 0), (6.950000000000001, 0)])
[Decision]       ManeuverDecision(timestamp=244.993953181, chosen_maneuver='LANE_KEEP', target_speed_kph=10.0, lead_vehicle_id=None)
[ActionCommand]  속도(m/s): 1.68  |  조향(rad): 0.000
[ControlCmd]     스티어링(rad): 0.000  |  Throttle: 1.00  |  Brake: 0.00
========================================================

2025-06-05 19:53:07,319 - Modules.control_module - INFO - 
================= [프로세스 단일 흐름 요약] =================
[Perception]     PerceptionOutput(timestamp=244.993953181, detected_objects=[], lane_markings=[], drivable_area_mask=None, traffic_signs=[], semantic_segmentation_map=None, instance_segmentation_map=None, depth_map=None, optical_flow_map=None, scene_flow_map=None, raw_features_for_localization=None, white_line_hsv_metrics=WhiteLineHsvMetrics(timestamp=1749120787.3077369, total_white_pixels=39597, left_ratio=0.20000733568075119, mid_ratio=0.1560054773082942, right_ratio=0.12750681464174454, is_detected=True), yellow_line_hsv_metrics=YellowLineHsvMetrics(timestamp=1749120787.307742, area=1369860.0, center_x=448, is_detected=True))
[Localization]   LocalizationInfo(timestamp=244.993953181, position=(2.1500000000000004, 0, 0), orientation_quaternion=(1, 0, 0, 0), velocity_vector=(0, 0, 0), covariance_matrix='Sample Covariance')
[PlannedPath]    PlannedPath(timestamp=244.993953181, waypoints=[(3.1500000000000004, 0), (4.15, 0), (5.15, 0), (6.15, 0), (7.15, 0)])
[Decision]       ManeuverDecision(timestamp=244.993953181, chosen_maneuver='LANE_KEEP', target_speed_kph=10.0, lead_vehicle_id=None)
[ActionCommand]  속도(m/s): 1.68  |  조향(rad): 0.000
[ControlCmd]     스티어링(rad): 0.000  |  Throttle: 1.00  |  Brake: 0.00
========================================================

2025-06-05 19:53:07,370 - Modules.control_module - INFO - 
================= [프로세스 단일 흐름 요약] =================
[Perception]     PerceptionOutput(timestamp=244.993953181, detected_objects=[], lane_markings=[], drivable_area_mask=None, traffic_signs=[], semantic_segmentation_map=None, instance_segmentation_map=None, depth_map=None, optical_flow_map=None, scene_flow_map=None, raw_features_for_localization=None, white_line_hsv_metrics=WhiteLineHsvMetrics(timestamp=1749120787.356742, total_white_pixels=39597, left_ratio=0.20000733568075119, mid_ratio=0.1560054773082942, right_ratio=0.12750681464174454, is_detected=True), yellow_line_hsv_metrics=YellowLineHsvMetrics(timestamp=1749120787.3567495, area=1369860.0, center_x=448, is_detected=True))
[Localization]   LocalizationInfo(timestamp=244.993953181, position=(2.2, 0, 0), orientation_quaternion=(1, 0, 0, 0), velocity_vector=(0, 0, 0), covariance_matrix='Sample Covariance')
[PlannedPath]    PlannedPath(timestamp=244.993953181, waypoints=[(3.2, 0), (4.2, 0), (5.2, 0), (6.2, 0), (7.2, 0)])
[Decision]       ManeuverDecision(timestamp=244.993953181, chosen_maneuver='LANE_KEEP', target_speed_kph=10.0, lead_vehicle_id=None)
[ActionCommand]  속도(m/s): 1.68  |  조향(rad): 0.000
[ControlCmd]     스티어링(rad): 0.000  |  Throttle: 1.00  |  Brake: 0.00
========================================================

2025-06-05 19:53:07,421 - Modules.control_module - INFO - 
================= [프로세스 단일 흐름 요약] =================
[Perception]     PerceptionOutput(timestamp=244.993953181, detected_objects=[], lane_markings=[], drivable_area_mask=None, traffic_signs=[], semantic_segmentation_map=None, instance_segmentation_map=None, depth_map=None, optical_flow_map=None, scene_flow_map=None, raw_features_for_localization=None, white_line_hsv_metrics=WhiteLineHsvMetrics(timestamp=1749120787.4060485, total_white_pixels=39597, left_ratio=0.20000733568075119, mid_ratio=0.1560054773082942, right_ratio=0.12750681464174454, is_detected=True), yellow_line_hsv_metrics=YellowLineHsvMetrics(timestamp=1749120787.406055, area=1369860.0, center_x=448, is_detected=True))
[Localization]   LocalizationInfo(timestamp=244.993953181, position=(2.25, 0, 0), orientation_quaternion=(1, 0, 0, 0), velocity_vector=(0, 0, 0), covariance_matrix='Sample Covariance')
[PlannedPath]    PlannedPath(timestamp=244.993953181, waypoints=[(3.25, 0), (4.25, 0), (5.25, 0), (6.25, 0), (7.25, 0)])
[Decision]       ManeuverDecision(timestamp=244.993953181, chosen_maneuver='LANE_KEEP', target_speed_kph=10.0, lead_vehicle_id=None)
[ActionCommand]  속도(m/s): 1.68  |  조향(rad): 0.000
[ControlCmd]     스티어링(rad): 0.000  |  Throttle: 1.00  |  Brake: 0.00
========================================================

2025-06-05 19:53:07,482 - Modules.control_module - INFO - 
================= [프로세스 단일 흐름 요약] =================
[Perception]     PerceptionOutput(timestamp=244.993953181, detected_objects=[], lane_markings=[], drivable_area_mask=None, traffic_signs=[], semantic_segmentation_map=None, instance_segmentation_map=None, depth_map=None, optical_flow_map=None, scene_flow_map=None, raw_features_for_localization=None, white_line_hsv_metrics=WhiteLineHsvMetrics(timestamp=1749120787.4655902, total_white_pixels=39597, left_ratio=0.20000733568075119, mid_ratio=0.1560054773082942, right_ratio=0.12750681464174454, is_detected=True), yellow_line_hsv_metrics=YellowLineHsvMetrics(timestamp=1749120787.4655993, area=1369860.0, center_x=448, is_detected=True))
[Localization]   LocalizationInfo(timestamp=244.993953181, position=(2.3, 0, 0), orientation_quaternion=(1, 0, 0, 0), velocity_vector=(0, 0, 0), covariance_matrix='Sample Covariance')
[PlannedPath]    PlannedPath(timestamp=244.993953181, waypoints=[(3.3, 0), (4.3, 0), (5.3, 0), (6.3, 0), (7.3, 0)])
[Decision]       ManeuverDecision(timestamp=244.993953181, chosen_maneuver='LANE_KEEP', target_speed_kph=10.0, lead_vehicle_id=None)
[ActionCommand]  속도(m/s): 1.68  |  조향(rad): 0.000
[ControlCmd]     스티어링(rad): 0.000  |  Throttle: 1.00  |  Brake: 0.00
========================================================

2025-06-05 19:53:07,533 - Modules.control_module - INFO - 
================= [프로세스 단일 흐름 요약] =================
[Perception]     PerceptionOutput(timestamp=244.993953181, detected_objects=[], lane_markings=[], drivable_area_mask=None, traffic_signs=[], semantic_segmentation_map=None, instance_segmentation_map=None, depth_map=None, optical_flow_map=None, scene_flow_map=None, raw_features_for_localization=None, white_line_hsv_metrics=WhiteLineHsvMetrics(timestamp=1749120787.5161335, total_white_pixels=39597, left_ratio=0.20000733568075119, mid_ratio=0.1560054773082942, right_ratio=0.12750681464174454, is_detected=True), yellow_line_hsv_metrics=YellowLineHsvMetrics(timestamp=1749120787.5161433, area=1369860.0, center_x=448, is_detected=True))
[Localization]   LocalizationInfo(timestamp=244.993953181, position=(2.3499999999999996, 0, 0), orientation_quaternion=(1, 0, 0, 0), velocity_vector=(0, 0, 0), covariance_matrix='Sample Covariance')
[PlannedPath]    PlannedPath(timestamp=244.993953181, waypoints=[(3.3499999999999996, 0), (4.35, 0), (5.35, 0), (6.35, 0), (7.35, 0)])
[Decision]       ManeuverDecision(timestamp=244.993953181, chosen_maneuver='LANE_KEEP', target_speed_kph=10.0, lead_vehicle_id=None)
[ActionCommand]  속도(m/s): 1.68  |  조향(rad): 0.000
[ControlCmd]     스티어링(rad): 0.000  |  Throttle: 1.00  |  Brake: 0.00
========================================================

2025-06-05 19:53:07,584 - Modules.control_module - INFO - 
================= [프로세스 단일 흐름 요약] =================
[Perception]     PerceptionOutput(timestamp=244.993953181, detected_objects=[], lane_markings=[], drivable_area_mask=None, traffic_signs=[], semantic_segmentation_map=None, instance_segmentation_map=None, depth_map=None, optical_flow_map=None, scene_flow_map=None, raw_features_for_localization=None, white_line_hsv_metrics=WhiteLineHsvMetrics(timestamp=1749120787.5662503, total_white_pixels=39597, left_ratio=0.20000733568075119, mid_ratio=0.1560054773082942, right_ratio=0.12750681464174454, is_detected=True), yellow_line_hsv_metrics=YellowLineHsvMetrics(timestamp=1749120787.5662584, area=1369860.0, center_x=448, is_detected=True))
[Localization]   LocalizationInfo(timestamp=244.993953181, position=(2.3999999999999995, 0, 0), orientation_quaternion=(1, 0, 0, 0), velocity_vector=(0, 0, 0), covariance_matrix='Sample Covariance')
[PlannedPath]    PlannedPath(timestamp=244.993953181, waypoints=[(3.3999999999999995, 0), (4.3999999999999995, 0), (5.3999999999999995, 0), (6.3999999999999995, 0), (7.3999999999999995, 0)])
[Decision]       ManeuverDecision(timestamp=244.993953181, chosen_maneuver='LANE_KEEP', target_speed_kph=10.0, lead_vehicle_id=None)
[ActionCommand]  속도(m/s): 1.68  |  조향(rad): 0.000
[ControlCmd]     스티어링(rad): 0.000  |  Throttle: 1.00  |  Brake: 0.00
========================================================

2025-06-05 19:53:07,635 - Modules.control_module - INFO - 
================= [프로세스 단일 흐름 요약] =================
[Perception]     PerceptionOutput(timestamp=244.993953181, detected_objects=[], lane_markings=[], drivable_area_mask=None, traffic_signs=[], semantic_segmentation_map=None, instance_segmentation_map=None, depth_map=None, optical_flow_map=None, scene_flow_map=None, raw_features_for_localization=None, white_line_hsv_metrics=WhiteLineHsvMetrics(timestamp=1749120787.6161277, total_white_pixels=39597, left_ratio=0.20000733568075119, mid_ratio=0.1560054773082942, right_ratio=0.12750681464174454, is_detected=True), yellow_line_hsv_metrics=YellowLineHsvMetrics(timestamp=1749120787.616137, area=1369860.0, center_x=448, is_detected=True))
[Localization]   LocalizationInfo(timestamp=244.993953181, position=(2.4499999999999993, 0, 0), orientation_quaternion=(1, 0, 0, 0), velocity_vector=(0, 0, 0), covariance_matrix='Sample Covariance')
[PlannedPath]    PlannedPath(timestamp=244.993953181, waypoints=[(3.4499999999999993, 0), (4.449999999999999, 0), (5.449999999999999, 0), (6.449999999999999, 0), (7.449999999999999, 0)])
[Decision]       ManeuverDecision(timestamp=244.993953181, chosen_maneuver='LANE_KEEP', target_speed_kph=10.0, lead_vehicle_id=None)
[ActionCommand]  속도(m/s): 1.68  |  조향(rad): 0.000
[ControlCmd]     스티어링(rad): 0.000  |  Throttle: 1.00  |  Brake: 0.00
========================================================

2025-06-05 19:53:07,736 - Modules.control_module - INFO - 
================= [프로세스 단일 흐름 요약] =================
[Perception]     PerceptionOutput(timestamp=244.993953181, detected_objects=[], lane_markings=[], drivable_area_mask=None, traffic_signs=[], semantic_segmentation_map=None, instance_segmentation_map=None, depth_map=None, optical_flow_map=None, scene_flow_map=None, raw_features_for_localization=None, white_line_hsv_metrics=WhiteLineHsvMetrics(timestamp=1749120787.7161613, total_white_pixels=39597, left_ratio=0.20000733568075119, mid_ratio=0.1560054773082942, right_ratio=0.12750681464174454, is_detected=True), yellow_line_hsv_metrics=YellowLineHsvMetrics(timestamp=1749120787.7161694, area=1369860.0, center_x=448, is_detected=True))
[Localization]   LocalizationInfo(timestamp=244.993953181, position=(2.549999999999999, 0, 0), orientation_quaternion=(1, 0, 0, 0), velocity_vector=(0, 0, 0), covariance_matrix='Sample Covariance')
[PlannedPath]    PlannedPath(timestamp=244.993953181, waypoints=[(3.549999999999999, 0), (4.549999999999999, 0), (5.549999999999999, 0), (6.549999999999999, 0), (7.549999999999999, 0)])
[Decision]       ManeuverDecision(timestamp=244.993953181, chosen_maneuver='LANE_KEEP', target_speed_kph=10.0, lead_vehicle_id=None)
[ActionCommand]  속도(m/s): 1.68  |  조향(rad): 0.000
[ControlCmd]     스티어링(rad): 0.000  |  Throttle: 1.00  |  Brake: 0.00
========================================================

2025-06-05 19:53:07,889 - Modules.control_module - INFO - 
================= [프로세스 단일 흐름 요약] =================
[Perception]     PerceptionOutput(timestamp=245.103561075, detected_objects=[], lane_markings=[], drivable_area_mask=None, traffic_signs=[], semantic_segmentation_map=None, instance_segmentation_map=None, depth_map=None, optical_flow_map=None, scene_flow_map=None, raw_features_for_localization=None, white_line_hsv_metrics=WhiteLineHsvMetrics(timestamp=1749120787.8679338, total_white_pixels=23453, left_ratio=0.182010465571205, mid_ratio=0.06638791079812206, right_ratio=0.0381619937694704, is_detected=True), yellow_line_hsv_metrics=YellowLineHsvMetrics(timestamp=1749120787.867945, area=2491605.0, center_x=498, is_detected=True))
[Localization]   LocalizationInfo(timestamp=245.103561075, position=(2.6999999999999984, 0, 0), orientation_quaternion=(1, 0, 0, 0), velocity_vector=(0, 0, 0), covariance_matrix='Sample Covariance')
[PlannedPath]    PlannedPath(timestamp=245.103561075, waypoints=[(3.6999999999999984, 0), (4.699999999999998, 0), (5.699999999999998, 0), (6.699999999999998, 0), (7.699999999999998, 0)])
[Decision]       ManeuverDecision(timestamp=245.103561075, chosen_maneuver='LANE_KEEP', target_speed_kph=10.0, lead_vehicle_id=None)
[ActionCommand]  속도(m/s): 1.68  |  조향(rad): 0.000
[ControlCmd]     스티어링(rad): 0.000  |  Throttle: 1.00  |  Brake: 0.00
========================================================

2025-06-05 19:53:07,929 - Modules.control_module - INFO - 
================= [프로세스 단일 흐름 요약] =================
[Perception]     PerceptionOutput(timestamp=245.103561075, detected_objects=[], lane_markings=[], drivable_area_mask=None, traffic_signs=[], semantic_segmentation_map=None, instance_segmentation_map=None, depth_map=None, optical_flow_map=None, scene_flow_map=None, raw_features_for_localization=None, white_line_hsv_metrics=WhiteLineHsvMetrics(timestamp=1749120787.910939, total_white_pixels=23453, left_ratio=0.182010465571205, mid_ratio=0.06638791079812206, right_ratio=0.0381619937694704, is_detected=True), yellow_line_hsv_metrics=YellowLineHsvMetrics(timestamp=1749120787.9109476, area=2491605.0, center_x=498, is_detected=True))
[Localization]   LocalizationInfo(timestamp=245.103561075, position=(2.7499999999999982, 0, 0), orientation_quaternion=(1, 0, 0, 0), velocity_vector=(0, 0, 0), covariance_matrix='Sample Covariance')
[PlannedPath]    PlannedPath(timestamp=245.103561075, waypoints=[(3.7499999999999982, 0), (4.749999999999998, 0), (5.749999999999998, 0), (6.749999999999998, 0), (7.749999999999998, 0)])
[Decision]       ManeuverDecision(timestamp=245.103561075, chosen_maneuver='LANE_KEEP', target_speed_kph=10.0, lead_vehicle_id=None)
[ActionCommand]  속도(m/s): 1.68  |  조향(rad): 0.000
[ControlCmd]     스티어링(rad): 0.000  |  Throttle: 1.00  |  Brake: 0.00
========================================================

2025-06-05 19:53:08,041 - Modules.control_module - INFO - 
================= [프로세스 단일 흐름 요약] =================
[Perception]     PerceptionOutput(timestamp=245.29033757, detected_objects=[], lane_markings=[], drivable_area_mask=None, traffic_signs=[], semantic_segmentation_map=None, instance_segmentation_map=None, depth_map=None, optical_flow_map=None, scene_flow_map=None, raw_features_for_localization=None, white_line_hsv_metrics=WhiteLineHsvMetrics(timestamp=1749120788.0196693, total_white_pixels=23465, left_ratio=0.18188820422535212, mid_ratio=0.0667057902973396, right_ratio=0.038113317757009345, is_detected=True), yellow_line_hsv_metrics=YellowLineHsvMetrics(timestamp=1749120788.0196779, area=2842995.0, center_x=511, is_detected=True))
[Localization]   LocalizationInfo(timestamp=245.29033757, position=(2.849999999999998, 0, 0), orientation_quaternion=(1, 0, 0, 0), velocity_vector=(0.26769963747311465, 0, 0), covariance_matrix='Sample Covariance')
[PlannedPath]    PlannedPath(timestamp=245.29033757, waypoints=[(3.849999999999998, 0), (4.849999999999998, 0), (5.849999999999998, 0), (6.849999999999998, 0), (7.849999999999998, 0)])
[Decision]       ManeuverDecision(timestamp=245.29033757, chosen_maneuver='LANE_KEEP', target_speed_kph=10.0, lead_vehicle_id=None)
[ActionCommand]  속도(m/s): 1.68  |  조향(rad): 0.000
[ControlCmd]     스티어링(rad): 0.000  |  Throttle: 1.00  |  Brake: 0.00
========================================================

2025-06-05 19:53:08,081 - Modules.control_module - INFO - 
================= [프로세스 단일 흐름 요약] =================
[Perception]     PerceptionOutput(timestamp=245.29033757, detected_objects=[], lane_markings=[], drivable_area_mask=None, traffic_signs=[], semantic_segmentation_map=None, instance_segmentation_map=None, depth_map=None, optical_flow_map=None, scene_flow_map=None, raw_features_for_localization=None, white_line_hsv_metrics=WhiteLineHsvMetrics(timestamp=1749120788.0624514, total_white_pixels=23465, left_ratio=0.18188820422535212, mid_ratio=0.0667057902973396, right_ratio=0.038113317757009345, is_detected=True), yellow_line_hsv_metrics=YellowLineHsvMetrics(timestamp=1749120788.0624592, area=2842995.0, center_x=511, is_detected=True))
[Localization]   LocalizationInfo(timestamp=245.29033757, position=(2.8999999999999977, 0, 0), orientation_quaternion=(1, 0, 0, 0), velocity_vector=(0, 0, 0), covariance_matrix='Sample Covariance')
[PlannedPath]    PlannedPath(timestamp=245.29033757, waypoints=[(3.8999999999999977, 0), (4.899999999999998, 0), (5.899999999999998, 0), (6.899999999999998, 0), (7.899999999999998, 0)])
[Decision]       ManeuverDecision(timestamp=245.29033757, chosen_maneuver='LANE_KEEP', target_speed_kph=10.0, lead_vehicle_id=None)
[ActionCommand]  속도(m/s): 1.68  |  조향(rad): 0.000
[ControlCmd]     스티어링(rad): 0.000  |  Throttle: 1.00  |  Brake: 0.00
========================================================

2025-06-05 19:53:08,132 - Modules.control_module - INFO - 
================= [프로세스 단일 흐름 요약] =================
[Perception]     PerceptionOutput(timestamp=245.29033757, detected_objects=[], lane_markings=[], drivable_area_mask=None, traffic_signs=[], semantic_segmentation_map=None, instance_segmentation_map=None, depth_map=None, optical_flow_map=None, scene_flow_map=None, raw_features_for_localization=None, white_line_hsv_metrics=WhiteLineHsvMetrics(timestamp=1749120788.1142845, total_white_pixels=23465, left_ratio=0.18188820422535212, mid_ratio=0.0667057902973396, right_ratio=0.038113317757009345, is_detected=True), yellow_line_hsv_metrics=YellowLineHsvMetrics(timestamp=1749120788.1142926, area=2842995.0, center_x=511, is_detected=True))
[Localization]   LocalizationInfo(timestamp=245.29033757, position=(2.9499999999999975, 0, 0), orientation_quaternion=(1, 0, 0, 0), velocity_vector=(0, 0, 0), covariance_matrix='Sample Covariance')
[PlannedPath]    PlannedPath(timestamp=245.29033757, waypoints=[(3.9499999999999975, 0), (4.9499999999999975, 0), (5.9499999999999975, 0), (6.9499999999999975, 0), (7.9499999999999975, 0)])
[Decision]       ManeuverDecision(timestamp=245.29033757, chosen_maneuver='LANE_KEEP', target_speed_kph=10.0, lead_vehicle_id=None)
[ActionCommand]  속도(m/s): 1.68  |  조향(rad): 0.000
[ControlCmd]     스티어링(rad): 0.000  |  Throttle: 1.00  |  Brake: 0.00
========================================================

2025-06-05 19:53:08,183 - Modules.control_module - INFO - 
================= [프로세스 단일 흐름 요약] =================
[Perception]     PerceptionOutput(timestamp=245.29033757, detected_objects=[], lane_markings=[], drivable_area_mask=None, traffic_signs=[], semantic_segmentation_map=None, instance_segmentation_map=None, depth_map=None, optical_flow_map=None, scene_flow_map=None, raw_features_for_localization=None, white_line_hsv_metrics=WhiteLineHsvMetrics(timestamp=1749120788.1646926, total_white_pixels=23465, left_ratio=0.18188820422535212, mid_ratio=0.0667057902973396, right_ratio=0.038113317757009345, is_detected=True), yellow_line_hsv_metrics=YellowLineHsvMetrics(timestamp=1749120788.164702, area=2842995.0, center_x=511, is_detected=True))
[Localization]   LocalizationInfo(timestamp=245.29033757, position=(2.9999999999999973, 0, 0), orientation_quaternion=(1, 0, 0, 0), velocity_vector=(0, 0, 0), covariance_matrix='Sample Covariance')
[PlannedPath]    PlannedPath(timestamp=245.29033757, waypoints=[(3.9999999999999973, 0), (4.999999999999997, 0), (5.999999999999997, 0), (6.999999999999997, 0), (7.999999999999997, 0)])
[Decision]       ManeuverDecision(timestamp=245.29033757, chosen_maneuver='LANE_KEEP', target_speed_kph=10.0, lead_vehicle_id=None)
[ActionCommand]  속도(m/s): 1.68  |  조향(rad): 0.000
[ControlCmd]     스티어링(rad): 0.000  |  Throttle: 1.00  |  Brake: 0.00
========================================================

2025-06-05 19:53:08,630 - Modules.control_module - INFO - 
================= [프로세스 단일 흐름 요약] =================
[Perception]     PerceptionOutput(timestamp=245.897715773, detected_objects=[], lane_markings=[], drivable_area_mask=None, traffic_signs=[], semantic_segmentation_map=None, instance_segmentation_map=None, depth_map=None, optical_flow_map=None, scene_flow_map=None, raw_features_for_localization=None, white_line_hsv_metrics=WhiteLineHsvMetrics(timestamp=1749120788.6151893, total_white_pixels=23593, left_ratio=0.1816925860719875, mid_ratio=0.0692610524256651, right_ratio=0.03732233255451713, is_detected=True), yellow_line_hsv_metrics=YellowLineHsvMetrics(timestamp=1749120788.6151943, area=2131545.0, center_x=528, is_detected=True))
[Localization]   LocalizationInfo(timestamp=245.897715773, position=(3.4499999999999957, 0, 0), orientation_quaternion=(1, 0, 0, 0), velocity_vector=(0.2605637725586314, 0, 0), covariance_matrix='Sample Covariance')
[PlannedPath]    PlannedPath(timestamp=245.897715773, waypoints=[(4.449999999999996, 0), (5.449999999999996, 0), (6.449999999999996, 0), (7.449999999999996, 0), (8.449999999999996, 0)])
[Decision]       ManeuverDecision(timestamp=245.897715773, chosen_maneuver='LANE_KEEP', target_speed_kph=10.0, lead_vehicle_id=None)
[ActionCommand]  속도(m/s): 1.68  |  조향(rad): 0.000
[ControlCmd]     스티어링(rad): 0.000  |  Throttle: 1.00  |  Brake: 0.00
========================================================

2025-06-05 19:53:08,681 - Modules.control_module - INFO - 
================= [프로세스 단일 흐름 요약] =================
[Perception]     PerceptionOutput(timestamp=245.897715773, detected_objects=[], lane_markings=[], drivable_area_mask=None, traffic_signs=[], semantic_segmentation_map=None, instance_segmentation_map=None, depth_map=None, optical_flow_map=None, scene_flow_map=None, raw_features_for_localization=None, white_line_hsv_metrics=WhiteLineHsvMetrics(timestamp=1749120788.6649244, total_white_pixels=23593, left_ratio=0.1816925860719875, mid_ratio=0.0692610524256651, right_ratio=0.03732233255451713, is_detected=True), yellow_line_hsv_metrics=YellowLineHsvMetrics(timestamp=1749120788.6649306, area=2131545.0, center_x=528, is_detected=True))
[Localization]   LocalizationInfo(timestamp=245.897715773, position=(3.4999999999999956, 0, 0), orientation_quaternion=(1, 0, 0, 0), velocity_vector=(0, 0, 0), covariance_matrix='Sample Covariance')
[PlannedPath]    PlannedPath(timestamp=245.897715773, waypoints=[(4.499999999999996, 0), (5.499999999999996, 0), (6.499999999999996, 0), (7.499999999999996, 0), (8.499999999999996, 0)])
[Decision]       ManeuverDecision(timestamp=245.897715773, chosen_maneuver='LANE_KEEP', target_speed_kph=10.0, lead_vehicle_id=None)
[ActionCommand]  속도(m/s): 1.68  |  조향(rad): 0.000
[ControlCmd]     스티어링(rad): 0.000  |  Throttle: 1.00  |  Brake: 0.00
========================================================

2025-06-05 19:53:08,731 - Modules.control_module - INFO - 
================= [프로세스 단일 흐름 요약] =================
[Perception]     PerceptionOutput(timestamp=245.897715773, detected_objects=[], lane_markings=[], drivable_area_mask=None, traffic_signs=[], semantic_segmentation_map=None, instance_segmentation_map=None, depth_map=None, optical_flow_map=None, scene_flow_map=None, raw_features_for_localization=None, white_line_hsv_metrics=WhiteLineHsvMetrics(timestamp=1749120788.7143264, total_white_pixels=23593, left_ratio=0.1816925860719875, mid_ratio=0.0692610524256651, right_ratio=0.03732233255451713, is_detected=True), yellow_line_hsv_metrics=YellowLineHsvMetrics(timestamp=1749120788.7143335, area=2131545.0, center_x=528, is_detected=True))
[Localization]   LocalizationInfo(timestamp=245.897715773, position=(3.5499999999999954, 0, 0), orientation_quaternion=(1, 0, 0, 0), velocity_vector=(0, 0, 0), covariance_matrix='Sample Covariance')
[PlannedPath]    PlannedPath(timestamp=245.897715773, waypoints=[(4.549999999999995, 0), (5.549999999999995, 0), (6.549999999999995, 0), (7.549999999999995, 0), (8.549999999999995, 0)])
[Decision]       ManeuverDecision(timestamp=245.897715773, chosen_maneuver='LANE_KEEP', target_speed_kph=10.0, lead_vehicle_id=None)
[ActionCommand]  속도(m/s): 1.68  |  조향(rad): 0.000
[ControlCmd]     스티어링(rad): 0.000  |  Throttle: 1.00  |  Brake: 0.00
========================================================

2025-06-05 19:53:08,782 - Modules.control_module - INFO - 
================= [프로세스 단일 흐름 요약] =================
[Perception]     PerceptionOutput(timestamp=245.897715773, detected_objects=[], lane_markings=[], drivable_area_mask=None, traffic_signs=[], semantic_segmentation_map=None, instance_segmentation_map=None, depth_map=None, optical_flow_map=None, scene_flow_map=None, raw_features_for_localization=None, white_line_hsv_metrics=WhiteLineHsvMetrics(timestamp=1749120788.7646096, total_white_pixels=23593, left_ratio=0.1816925860719875, mid_ratio=0.0692610524256651, right_ratio=0.03732233255451713, is_detected=True), yellow_line_hsv_metrics=YellowLineHsvMetrics(timestamp=1749120788.7646163, area=2131545.0, center_x=528, is_detected=True))
[Localization]   LocalizationInfo(timestamp=245.897715773, position=(3.599999999999995, 0, 0), orientation_quaternion=(1, 0, 0, 0), velocity_vector=(0, 0, 0), covariance_matrix='Sample Covariance')
[PlannedPath]    PlannedPath(timestamp=245.897715773, waypoints=[(4.599999999999995, 0), (5.599999999999995, 0), (6.599999999999995, 0), (7.599999999999995, 0), (8.599999999999994, 0)])
[Decision]       ManeuverDecision(timestamp=245.897715773, chosen_maneuver='LANE_KEEP', target_speed_kph=10.0, lead_vehicle_id=None)
[ActionCommand]  속도(m/s): 1.68  |  조향(rad): 0.000
[ControlCmd]     스티어링(rad): 0.000  |  Throttle: 1.00  |  Brake: 0.00
========================================================

2025-06-05 19:53:09,341 - Modules.control_module - INFO - 
================= [프로세스 단일 흐름 요약] =================
[Perception]     PerceptionOutput(timestamp=246.476388669, detected_objects=[], lane_markings=[], drivable_area_mask=None, traffic_signs=[], semantic_segmentation_map=None, instance_segmentation_map=None, depth_map=None, optical_flow_map=None, scene_flow_map=None, raw_features_for_localization=None, white_line_hsv_metrics=WhiteLineHsvMetrics(timestamp=1749120789.3240266, total_white_pixels=23664, left_ratio=0.18102014866979654, mid_ratio=0.07127836463223787, right_ratio=0.03684774143302181, is_detected=True), yellow_line_hsv_metrics=YellowLineHsvMetrics(timestamp=1749120789.3240335, area=1894650.0, center_x=491, is_detected=True))
[Localization]   LocalizationInfo(timestamp=246.476388669, position=(4.149999999999993, 0, 0), orientation_quaternion=(1, 0, 0, 0), velocity_vector=(0, 0, 0), covariance_matrix='Sample Covariance')
[PlannedPath]    PlannedPath(timestamp=246.476388669, waypoints=[(5.149999999999993, 0), (6.149999999999993, 0), (7.149999999999993, 0), (8.149999999999993, 0), (9.149999999999993, 0)])
[Decision]       ManeuverDecision(timestamp=246.476388669, chosen_maneuver='LANE_KEEP', target_speed_kph=10.0, lead_vehicle_id=None)
[ActionCommand]  속도(m/s): 0.70  |  조향(rad): 0.175
[ControlCmd]     스티어링(rad): 0.175  |  Throttle: 0.50  |  Brake: 0.00
========================================================

2025-06-05 19:53:09,392 - Modules.control_module - INFO - 
================= [프로세스 단일 흐름 요약] =================
[Perception]     PerceptionOutput(timestamp=246.655539774, detected_objects=[], lane_markings=[], drivable_area_mask=None, traffic_signs=[], semantic_segmentation_map=None, instance_segmentation_map=None, depth_map=None, optical_flow_map=None, scene_flow_map=None, raw_features_for_localization=None, white_line_hsv_metrics=WhiteLineHsvMetrics(timestamp=1749120789.3733542, total_white_pixels=23578, left_ratio=0.1794307511737089, mid_ratio=0.07197525430359937, right_ratio=0.036689544392523366, is_detected=True), yellow_line_hsv_metrics=YellowLineHsvMetrics(timestamp=1749120789.373361, area=2749920.0, center_x=528, is_detected=True))
[Localization]   LocalizationInfo(timestamp=246.655539774, position=(4.199999999999993, 0, 0), orientation_quaternion=(1, 0, 0, 0), velocity_vector=(0.2790940083791017, 0, 0), covariance_matrix='Sample Covariance')
[PlannedPath]    PlannedPath(timestamp=246.655539774, waypoints=[(5.199999999999993, 0), (6.199999999999993, 0), (7.199999999999993, 0), (8.199999999999992, 0), (9.199999999999992, 0)])
[Decision]       ManeuverDecision(timestamp=246.655539774, chosen_maneuver='LANE_KEEP', target_speed_kph=10.0, lead_vehicle_id=None)
[ActionCommand]  속도(m/s): 0.70  |  조향(rad): 0.349
[ControlCmd]     스티어링(rad): 0.349  |  Throttle: 0.50  |  Brake: 0.00
========================================================

2025-06-05 19:53:09,938 - Modules.control_module - INFO - 
================= [프로세스 단일 흐름 요약] =================
[Perception]     PerceptionOutput(timestamp=247.042055569, detected_objects=[], lane_markings=[], drivable_area_mask=None, traffic_signs=[], semantic_segmentation_map=None, instance_segmentation_map=None, depth_map=None, optical_flow_map=None, scene_flow_map=None, raw_features_for_localization=None, white_line_hsv_metrics=WhiteLineHsvMetrics(timestamp=1749120789.9210837, total_white_pixels=23770, left_ratio=0.18138693270735523, mid_ratio=0.07149843505477309, right_ratio=0.03755354361370716, is_detected=True), yellow_line_hsv_metrics=YellowLineHsvMetrics(timestamp=1749120789.9210901, area=2503845.0, center_x=531, is_detected=True))
[Localization]   LocalizationInfo(timestamp=247.042055569, position=(4.749999999999991, 0, 0), orientation_quaternion=(1, 0, 0, 0), velocity_vector=(0, 0, 0), covariance_matrix='Sample Covariance')
[PlannedPath]    PlannedPath(timestamp=247.042055569, waypoints=[(5.749999999999991, 0), (6.749999999999991, 0), (7.749999999999991, 0), (8.749999999999991, 0), (9.749999999999991, 0)])
[Decision]       ManeuverDecision(timestamp=247.042055569, chosen_maneuver='LANE_KEEP', target_speed_kph=10.0, lead_vehicle_id=None)
[ActionCommand]  속도(m/s): 0.70  |  조향(rad): 0.412
[ControlCmd]     스티어링(rad): 0.412  |  Throttle: 0.50  |  Brake: 0.00
========================================================

2025-06-05 19:53:10,698 - Modules.control_module - INFO - 
================= [프로세스 단일 흐름 요약] =================
[Perception]     PerceptionOutput(timestamp=247.821038775, detected_objects=[], lane_markings=[], drivable_area_mask=None, traffic_signs=[], semantic_segmentation_map=None, instance_segmentation_map=None, depth_map=None, optical_flow_map=None, scene_flow_map=None, raw_features_for_localization=None, white_line_hsv_metrics=WhiteLineHsvMetrics(timestamp=1749120790.6823359, total_white_pixels=23060, left_ratio=0.193918720657277, mid_ratio=0.04877005086071987, right_ratio=0.0390625, is_detected=True), yellow_line_hsv_metrics=YellowLineHsvMetrics(timestamp=1749120790.6823452, area=1795710.0, center_x=487, is_detected=True))
[Localization]   LocalizationInfo(timestamp=247.821038775, position=(5.4999999999999885, 0, 0), orientation_quaternion=(1, 0, 0, 0), velocity_vector=(0, 0, 0), covariance_matrix='Sample Covariance')
[PlannedPath]    PlannedPath(timestamp=247.821038775, waypoints=[(6.4999999999999885, 0), (7.4999999999999885, 0), (8.49999999999999, 0), (9.49999999999999, 0), (10.49999999999999, 0)])
[Decision]       ManeuverDecision(timestamp=247.821038775, chosen_maneuver='LANE_KEEP', target_speed_kph=10.0, lead_vehicle_id=None)
[ActionCommand]  속도(m/s): 0.70  |  조향(rad): 0.424
[ControlCmd]     스티어링(rad): 0.424  |  Throttle: 0.50  |  Brake: 0.00
========================================================

2025-06-05 19:53:10,749 - Modules.control_module - INFO - 
================= [프로세스 단일 흐름 요약] =================
[Perception]     PerceptionOutput(timestamp=247.821038775, detected_objects=[], lane_markings=[], drivable_area_mask=None, traffic_signs=[], semantic_segmentation_map=None, instance_segmentation_map=None, depth_map=None, optical_flow_map=None, scene_flow_map=None, raw_features_for_localization=None, white_line_hsv_metrics=WhiteLineHsvMetrics(timestamp=1749120790.73209, total_white_pixels=23060, left_ratio=0.193918720657277, mid_ratio=0.04877005086071987, right_ratio=0.0390625, is_detected=True), yellow_line_hsv_metrics=YellowLineHsvMetrics(timestamp=1749120790.7320983, area=1795710.0, center_x=487, is_detected=True))
[Localization]   LocalizationInfo(timestamp=247.821038775, position=(5.549999999999988, 0, 0), orientation_quaternion=(1, 0, 0, 0), velocity_vector=(0, 0, 0), covariance_matrix='Sample Covariance')
[PlannedPath]    PlannedPath(timestamp=247.821038775, waypoints=[(6.549999999999988, 0), (7.549999999999988, 0), (8.549999999999988, 0), (9.549999999999988, 0), (10.549999999999988, 0)])
[Decision]       ManeuverDecision(timestamp=247.821038775, chosen_maneuver='LANE_KEEP', target_speed_kph=10.0, lead_vehicle_id=None)
[ActionCommand]  속도(m/s): 0.70  |  조향(rad): 0.424
[ControlCmd]     스티어링(rad): 0.424  |  Throttle: 0.50  |  Brake: 0.00
========================================================

2025-06-05 19:53:10,800 - Modules.control_module - INFO - 
================= [프로세스 단일 흐름 요약] =================
[Perception]     PerceptionOutput(timestamp=248.017438973, detected_objects=[], lane_markings=[], drivable_area_mask=None, traffic_signs=[], semantic_segmentation_map=None, instance_segmentation_map=None, depth_map=None, optical_flow_map=None, scene_flow_map=None, raw_features_for_localization=None, white_line_hsv_metrics=WhiteLineHsvMetrics(timestamp=1749120790.7816424, total_white_pixels=22323, left_ratio=0.18841696009389672, mid_ratio=0.04385514475743349, right_ratio=0.04046193535825545, is_detected=True), yellow_line_hsv_metrics=YellowLineHsvMetrics(timestamp=1749120790.7816536, area=1265310.0, center_x=443, is_detected=True))
[Localization]   LocalizationInfo(timestamp=248.017438973, position=(5.599999999999988, 0, 0), orientation_quaternion=(1, 0, 0, 0), velocity_vector=(0.25458222806884345, 0, 0), covariance_matrix='Sample Covariance')
[PlannedPath]    PlannedPath(timestamp=248.017438973, waypoints=[(6.599999999999988, 0), (7.599999999999988, 0), (8.599999999999987, 0), (9.599999999999987, 0), (10.599999999999987, 0)])
[Decision]       ManeuverDecision(timestamp=248.017438973, chosen_maneuver='LANE_KEEP', target_speed_kph=10.0, lead_vehicle_id=None)
[ActionCommand]  속도(m/s): 0.70  |  조향(rad): 0.417
[ControlCmd]     스티어링(rad): 0.417  |  Throttle: 0.50  |  Brake: 0.00
========================================================

2025-06-05 19:53:10,851 - Modules.control_module - INFO - 
================= [프로세스 단일 흐름 요약] =================
[Perception]     PerceptionOutput(timestamp=248.017438973, detected_objects=[], lane_markings=[], drivable_area_mask=None, traffic_signs=[], semantic_segmentation_map=None, instance_segmentation_map=None, depth_map=None, optical_flow_map=None, scene_flow_map=None, raw_features_for_localization=None, white_line_hsv_metrics=WhiteLineHsvMetrics(timestamp=1749120790.833872, total_white_pixels=22323, left_ratio=0.18841696009389672, mid_ratio=0.04385514475743349, right_ratio=0.04046193535825545, is_detected=True), yellow_line_hsv_metrics=YellowLineHsvMetrics(timestamp=1749120790.833881, area=1265310.0, center_x=443, is_detected=True))
[Localization]   LocalizationInfo(timestamp=248.017438973, position=(5.649999999999988, 0, 0), orientation_quaternion=(1, 0, 0, 0), velocity_vector=(0, 0, 0), covariance_matrix='Sample Covariance')
[PlannedPath]    PlannedPath(timestamp=248.017438973, waypoints=[(6.649999999999988, 0), (7.649999999999988, 0), (8.649999999999988, 0), (9.649999999999988, 0), (10.649999999999988, 0)])
[Decision]       ManeuverDecision(timestamp=248.017438973, chosen_maneuver='LANE_KEEP', target_speed_kph=10.0, lead_vehicle_id=None)
[ActionCommand]  속도(m/s): 0.70  |  조향(rad): 0.417
[ControlCmd]     스티어링(rad): 0.417  |  Throttle: 0.50  |  Brake: 0.00
========================================================

2025-06-05 19:53:10,902 - Modules.control_module - INFO - 
================= [프로세스 단일 흐름 요약] =================
[Perception]     PerceptionOutput(timestamp=248.017438973, detected_objects=[], lane_markings=[], drivable_area_mask=None, traffic_signs=[], semantic_segmentation_map=None, instance_segmentation_map=None, depth_map=None, optical_flow_map=None, scene_flow_map=None, raw_features_for_localization=None, white_line_hsv_metrics=WhiteLineHsvMetrics(timestamp=1749120790.8842058, total_white_pixels=22323, left_ratio=0.18841696009389672, mid_ratio=0.04385514475743349, right_ratio=0.04046193535825545, is_detected=True), yellow_line_hsv_metrics=YellowLineHsvMetrics(timestamp=1749120790.8842146, area=1265310.0, center_x=443, is_detected=True))
[Localization]   LocalizationInfo(timestamp=248.017438973, position=(5.699999999999988, 0, 0), orientation_quaternion=(1, 0, 0, 0), velocity_vector=(0, 0, 0), covariance_matrix='Sample Covariance')
[PlannedPath]    PlannedPath(timestamp=248.017438973, waypoints=[(6.699999999999988, 0), (7.699999999999988, 0), (8.699999999999989, 0), (9.699999999999989, 0), (10.699999999999989, 0)])
[Decision]       ManeuverDecision(timestamp=248.017438973, chosen_maneuver='LANE_KEEP', target_speed_kph=10.0, lead_vehicle_id=None)
[ActionCommand]  속도(m/s): 0.70  |  조향(rad): 0.417
[ControlCmd]     스티어링(rad): 0.417  |  Throttle: 0.50  |  Brake: 0.00
========================================================

2025-06-05 19:53:10,953 - Modules.control_module - INFO - 
================= [프로세스 단일 흐름 요약] =================
[Perception]     PerceptionOutput(timestamp=248.188737471, detected_objects=[], lane_markings=[], drivable_area_mask=None, traffic_signs=[], semantic_segmentation_map=None, instance_segmentation_map=None, depth_map=None, optical_flow_map=None, scene_flow_map=None, raw_features_for_localization=None, white_line_hsv_metrics=WhiteLineHsvMetrics(timestamp=1749120790.934722, total_white_pixels=21275, left_ratio=0.17757237871674492, mid_ratio=0.04030956572769953, right_ratio=0.04203173676012461, is_detected=True), yellow_line_hsv_metrics=YellowLineHsvMetrics(timestamp=1749120790.9347289, area=913155.0, center_x=367, is_detected=True))
[Localization]   LocalizationInfo(timestamp=248.188737471, position=(5.749999999999988, 0, 0), orientation_quaternion=(1, 0, 0, 0), velocity_vector=(0.291888140198406, 0, 0), covariance_matrix='Sample Covariance')
[PlannedPath]    PlannedPath(timestamp=248.188737471, waypoints=[(6.749999999999988, 0), (7.749999999999988, 0), (8.749999999999988, 0), (9.749999999999988, 0), (10.749999999999988, 0)])
[Decision]       ManeuverDecision(timestamp=248.188737471, chosen_maneuver='LANE_KEEP', target_speed_kph=10.0, lead_vehicle_id=None)
[ActionCommand]  속도(m/s): 0.70  |  조향(rad): 0.404
[ControlCmd]     스티어링(rad): 0.404  |  Throttle: 0.50  |  Brake: 0.00
========================================================

2025-06-05 19:53:11,004 - Modules.control_module - INFO - 
================= [프로세스 단일 흐름 요약] =================
[Perception]     PerceptionOutput(timestamp=248.188737471, detected_objects=[], lane_markings=[], drivable_area_mask=None, traffic_signs=[], semantic_segmentation_map=None, instance_segmentation_map=None, depth_map=None, optical_flow_map=None, scene_flow_map=None, raw_features_for_localization=None, white_line_hsv_metrics=WhiteLineHsvMetrics(timestamp=1749120790.9854841, total_white_pixels=21275, left_ratio=0.17757237871674492, mid_ratio=0.04030956572769953, right_ratio=0.04203173676012461, is_detected=True), yellow_line_hsv_metrics=YellowLineHsvMetrics(timestamp=1749120790.9854932, area=913155.0, center_x=367, is_detected=True))
[Localization]   LocalizationInfo(timestamp=248.188737471, position=(5.799999999999987, 0, 0), orientation_quaternion=(1, 0, 0, 0), velocity_vector=(0, 0, 0), covariance_matrix='Sample Covariance')
[PlannedPath]    PlannedPath(timestamp=248.188737471, waypoints=[(6.799999999999987, 0), (7.799999999999987, 0), (8.799999999999986, 0), (9.799999999999986, 0), (10.799999999999986, 0)])
[Decision]       ManeuverDecision(timestamp=248.188737471, chosen_maneuver='LANE_KEEP', target_speed_kph=10.0, lead_vehicle_id=None)
[ActionCommand]  속도(m/s): 0.70  |  조향(rad): 0.404
[ControlCmd]     스티어링(rad): 0.404  |  Throttle: 0.50  |  Brake: 0.00
========================================================

2025-06-05 19:53:11,045 - Modules.control_module - INFO - 
================= [프로세스 단일 흐름 요약] =================
[Perception]     PerceptionOutput(timestamp=248.295207773, detected_objects=[], lane_markings=[], drivable_area_mask=None, traffic_signs=[], semantic_segmentation_map=None, instance_segmentation_map=None, depth_map=None, optical_flow_map=None, scene_flow_map=None, raw_features_for_localization=None, white_line_hsv_metrics=WhiteLineHsvMetrics(timestamp=1749120791.0273087, total_white_pixels=20454, left_ratio=0.1681460289514867, mid_ratio=0.03879352503912363, right_ratio=0.04293224299065421, is_detected=True), yellow_line_hsv_metrics=YellowLineHsvMetrics(timestamp=1749120791.027315, area=1005210.0, center_x=366, is_detected=True))
[Localization]   LocalizationInfo(timestamp=248.295207773, position=(5.849999999999987, 0, 0), orientation_quaternion=(1, 0, 0, 0), velocity_vector=(0.46961452217919125, 0, 0), covariance_matrix='Sample Covariance')
[PlannedPath]    PlannedPath(timestamp=248.295207773, waypoints=[(6.849999999999987, 0), (7.849999999999987, 0), (8.849999999999987, 0), (9.849999999999987, 0), (10.849999999999987, 0)])
[Decision]       ManeuverDecision(timestamp=248.295207773, chosen_maneuver='LANE_KEEP', target_speed_kph=10.0, lead_vehicle_id=None)
[ActionCommand]  속도(m/s): 0.70  |  조향(rad): 0.393
[ControlCmd]     스티어링(rad): 0.393  |  Throttle: 0.50  |  Brake: 0.00
========================================================

2025-06-05 19:53:11,096 - Modules.control_module - INFO - 
================= [프로세스 단일 흐름 요약] =================
[Perception]     PerceptionOutput(timestamp=248.295207773, detected_objects=[], lane_markings=[], drivable_area_mask=None, traffic_signs=[], semantic_segmentation_map=None, instance_segmentation_map=None, depth_map=None, optical_flow_map=None, scene_flow_map=None, raw_features_for_localization=None, white_line_hsv_metrics=WhiteLineHsvMetrics(timestamp=1749120791.077826, total_white_pixels=20454, left_ratio=0.1681460289514867, mid_ratio=0.03879352503912363, right_ratio=0.04293224299065421, is_detected=True), yellow_line_hsv_metrics=YellowLineHsvMetrics(timestamp=1749120791.0778322, area=1005210.0, center_x=366, is_detected=True))
[Localization]   LocalizationInfo(timestamp=248.295207773, position=(5.899999999999987, 0, 0), orientation_quaternion=(1, 0, 0, 0), velocity_vector=(0, 0, 0), covariance_matrix='Sample Covariance')
[PlannedPath]    PlannedPath(timestamp=248.295207773, waypoints=[(6.899999999999987, 0), (7.899999999999987, 0), (8.899999999999988, 0), (9.899999999999988, 0), (10.899999999999988, 0)])
[Decision]       ManeuverDecision(timestamp=248.295207773, chosen_maneuver='LANE_KEEP', target_speed_kph=10.0, lead_vehicle_id=None)
[ActionCommand]  속도(m/s): 0.70  |  조향(rad): 0.393
[ControlCmd]     스티어링(rad): 0.393  |  Throttle: 0.50  |  Brake: 0.00
========================================================

2025-06-05 19:53:11,147 - Modules.control_module - INFO - 
================= [프로세스 단일 흐름 요약] =================
[Perception]     PerceptionOutput(timestamp=248.295207773, detected_objects=[], lane_markings=[], drivable_area_mask=None, traffic_signs=[], semantic_segmentation_map=None, instance_segmentation_map=None, depth_map=None, optical_flow_map=None, scene_flow_map=None, raw_features_for_localization=None, white_line_hsv_metrics=WhiteLineHsvMetrics(timestamp=1749120791.1279066, total_white_pixels=20454, left_ratio=0.1681460289514867, mid_ratio=0.03879352503912363, right_ratio=0.04293224299065421, is_detected=True), yellow_line_hsv_metrics=YellowLineHsvMetrics(timestamp=1749120791.1279125, area=1005210.0, center_x=366, is_detected=True))
[Localization]   LocalizationInfo(timestamp=248.295207773, position=(5.949999999999987, 0, 0), orientation_quaternion=(1, 0, 0, 0), velocity_vector=(0, 0, 0), covariance_matrix='Sample Covariance')
[PlannedPath]    PlannedPath(timestamp=248.295207773, waypoints=[(6.949999999999987, 0), (7.949999999999987, 0), (8.949999999999987, 0), (9.949999999999987, 0), (10.949999999999987, 0)])
[Decision]       ManeuverDecision(timestamp=248.295207773, chosen_maneuver='LANE_KEEP', target_speed_kph=10.0, lead_vehicle_id=None)
[ActionCommand]  속도(m/s): 0.70  |  조향(rad): 0.393
[ControlCmd]     스티어링(rad): 0.393  |  Throttle: 0.50  |  Brake: 0.00
========================================================

2025-06-05 19:53:11,289 - Modules.control_module - INFO - 
================= [프로세스 단일 흐름 요약] =================
[Perception]     PerceptionOutput(timestamp=248.502624574, detected_objects=[], lane_markings=[], drivable_area_mask=None, traffic_signs=[], semantic_segmentation_map=None, instance_segmentation_map=None, depth_map=None, optical_flow_map=None, scene_flow_map=None, raw_features_for_localization=None, white_line_hsv_metrics=WhiteLineHsvMetrics(timestamp=1749120791.2781436, total_white_pixels=18804, left_ratio=0.14754499217527386, mid_ratio=0.03675176056338028, right_ratio=0.04539038161993769, is_detected=True), yellow_line_hsv_metrics=YellowLineHsvMetrics(timestamp=1749120791.2781491, area=1261485.0, center_x=362, is_detected=True))
[Localization]   LocalizationInfo(timestamp=248.502624574, position=(6.099999999999986, 0, 0), orientation_quaternion=(1, 0, 0, 0), velocity_vector=(0, 0, 0), covariance_matrix='Sample Covariance')
[PlannedPath]    PlannedPath(timestamp=248.502624574, waypoints=[(7.099999999999986, 0), (8.099999999999987, 0), (9.099999999999987, 0), (10.099999999999987, 0), (11.099999999999987, 0)])
[Decision]       ManeuverDecision(timestamp=248.502624574, chosen_maneuver='LANE_KEEP', target_speed_kph=10.0, lead_vehicle_id=None)
[ActionCommand]  속도(m/s): 0.70  |  조향(rad): 0.369
[ControlCmd]     스티어링(rad): 0.369  |  Throttle: 0.50  |  Brake: 0.00
========================================================

2025-06-05 19:53:11,350 - Modules.control_module - INFO - 
================= [프로세스 단일 흐름 요약] =================
[Perception]     PerceptionOutput(timestamp=248.502624574, detected_objects=[], lane_markings=[], drivable_area_mask=None, traffic_signs=[], semantic_segmentation_map=None, instance_segmentation_map=None, depth_map=None, optical_flow_map=None, scene_flow_map=None, raw_features_for_localization=None, white_line_hsv_metrics=WhiteLineHsvMetrics(timestamp=1749120791.3378186, total_white_pixels=18804, left_ratio=0.14754499217527386, mid_ratio=0.03675176056338028, right_ratio=0.04539038161993769, is_detected=True), yellow_line_hsv_metrics=YellowLineHsvMetrics(timestamp=1749120791.3378267, area=1261485.0, center_x=362, is_detected=True))
[Localization]   LocalizationInfo(timestamp=248.502624574, position=(6.149999999999986, 0, 0), orientation_quaternion=(1, 0, 0, 0), velocity_vector=(0, 0, 0), covariance_matrix='Sample Covariance')
[PlannedPath]    PlannedPath(timestamp=248.502624574, waypoints=[(7.149999999999986, 0), (8.149999999999986, 0), (9.149999999999986, 0), (10.149999999999986, 0), (11.149999999999986, 0)])
[Decision]       ManeuverDecision(timestamp=248.502624574, chosen_maneuver='LANE_KEEP', target_speed_kph=10.0, lead_vehicle_id=None)
[ActionCommand]  속도(m/s): 0.70  |  조향(rad): 0.369
[ControlCmd]     스티어링(rad): 0.369  |  Throttle: 0.50  |  Brake: 0.00
========================================================

2025-06-05 19:53:11,391 - Modules.control_module - INFO - 
================= [프로세스 단일 흐름 요약] =================
[Perception]     PerceptionOutput(timestamp=248.653068168, detected_objects=[], lane_markings=[], drivable_area_mask=None, traffic_signs=[], semantic_segmentation_map=None, instance_segmentation_map=None, depth_map=None, optical_flow_map=None, scene_flow_map=None, raw_features_for_localization=None, white_line_hsv_metrics=WhiteLineHsvMetrics(timestamp=1749120791.3781762, total_white_pixels=17526, left_ratio=0.13091744913928013, mid_ratio=0.03560250391236307, right_ratio=0.0475321261682243, is_detected=True), yellow_line_hsv_metrics=YellowLineHsvMetrics(timestamp=1749120791.3781834, area=1604460.0, center_x=357, is_detected=True))
[Localization]   LocalizationInfo(timestamp=248.653068168, position=(6.199999999999986, 0, 0), orientation_quaternion=(1, 0, 0, 0), velocity_vector=(0.33235047548785385, 0, 0), covariance_matrix='Sample Covariance')
[PlannedPath]    PlannedPath(timestamp=248.653068168, waypoints=[(7.199999999999986, 0), (8.199999999999985, 0), (9.199999999999985, 0), (10.199999999999985, 0), (11.199999999999985, 0)])
[Decision]       ManeuverDecision(timestamp=248.653068168, chosen_maneuver='LANE_KEEP', target_speed_kph=10.0, lead_vehicle_id=None)
[ActionCommand]  속도(m/s): 0.70  |  조향(rad): 0.349
[ControlCmd]     스티어링(rad): 0.349  |  Throttle: 0.50  |  Brake: 0.00
========================================================

2025-06-05 19:53:11,442 - Modules.control_module - INFO - 
================= [프로세스 단일 흐름 요약] =================
[Perception]     PerceptionOutput(timestamp=248.653068168, detected_objects=[], lane_markings=[], drivable_area_mask=None, traffic_signs=[], semantic_segmentation_map=None, instance_segmentation_map=None, depth_map=None, optical_flow_map=None, scene_flow_map=None, raw_features_for_localization=None, white_line_hsv_metrics=WhiteLineHsvMetrics(timestamp=1749120791.4298742, total_white_pixels=17526, left_ratio=0.13091744913928013, mid_ratio=0.03560250391236307, right_ratio=0.0475321261682243, is_detected=True), yellow_line_hsv_metrics=YellowLineHsvMetrics(timestamp=1749120791.429882, area=1604460.0, center_x=357, is_detected=True))
[Localization]   LocalizationInfo(timestamp=248.653068168, position=(6.249999999999986, 0, 0), orientation_quaternion=(1, 0, 0, 0), velocity_vector=(0, 0, 0), covariance_matrix='Sample Covariance')
[PlannedPath]    PlannedPath(timestamp=248.653068168, waypoints=[(7.249999999999986, 0), (8.249999999999986, 0), (9.249999999999986, 0), (10.249999999999986, 0), (11.249999999999986, 0)])
[Decision]       ManeuverDecision(timestamp=248.653068168, chosen_maneuver='LANE_KEEP', target_speed_kph=10.0, lead_vehicle_id=None)
[ActionCommand]  속도(m/s): 0.70  |  조향(rad): 0.349
[ControlCmd]     스티어링(rad): 0.349  |  Throttle: 0.50  |  Brake: 0.00
========================================================

2025-06-05 19:53:11,493 - Modules.control_module - INFO - 
================= [프로세스 단일 흐름 요약] =================
[Perception]     PerceptionOutput(timestamp=248.761010572, detected_objects=[], lane_markings=[], drivable_area_mask=None, traffic_signs=[], semantic_segmentation_map=None, instance_segmentation_map=None, depth_map=None, optical_flow_map=None, scene_flow_map=None, raw_features_for_localization=None, white_line_hsv_metrics=WhiteLineHsvMetrics(timestamp=1749120791.4803116, total_white_pixels=17042, left_ratio=0.12400968309859155, mid_ratio=0.035480242566510174, right_ratio=0.048639505451713395, is_detected=True), yellow_line_hsv_metrics=YellowLineHsvMetrics(timestamp=1749120791.4803185, area=1801830.0, center_x=354, is_detected=True))
[Localization]   LocalizationInfo(timestamp=248.761010572, position=(6.299999999999986, 0, 0), orientation_quaternion=(1, 0, 0, 0), velocity_vector=(0.4632099911356464, 0, 0), covariance_matrix='Sample Covariance')
[PlannedPath]    PlannedPath(timestamp=248.761010572, waypoints=[(7.299999999999986, 0), (8.299999999999986, 0), (9.299999999999986, 0), (10.299999999999986, 0), (11.299999999999986, 0)])
[Decision]       ManeuverDecision(timestamp=248.761010572, chosen_maneuver='LANE_KEEP', target_speed_kph=10.0, lead_vehicle_id=None)
[ActionCommand]  속도(m/s): 0.70  |  조향(rad): 0.341
[ControlCmd]     스티어링(rad): 0.341  |  Throttle: 0.50  |  Brake: 0.00
========================================================

2025-06-05 19:53:11,544 - Modules.control_module - INFO - 
================= [프로세스 단일 흐름 요약] =================
[Perception]     PerceptionOutput(timestamp=248.761010572, detected_objects=[], lane_markings=[], drivable_area_mask=None, traffic_signs=[], semantic_segmentation_map=None, instance_segmentation_map=None, depth_map=None, optical_flow_map=None, scene_flow_map=None, raw_features_for_localization=None, white_line_hsv_metrics=WhiteLineHsvMetrics(timestamp=1749120791.5312674, total_white_pixels=17042, left_ratio=0.12400968309859155, mid_ratio=0.035480242566510174, right_ratio=0.048639505451713395, is_detected=True), yellow_line_hsv_metrics=YellowLineHsvMetrics(timestamp=1749120791.5312762, area=1801830.0, center_x=354, is_detected=True))
[Localization]   LocalizationInfo(timestamp=248.761010572, position=(6.349999999999985, 0, 0), orientation_quaternion=(1, 0, 0, 0), velocity_vector=(0, 0, 0), covariance_matrix='Sample Covariance')
[PlannedPath]    PlannedPath(timestamp=248.761010572, waypoints=[(7.349999999999985, 0), (8.349999999999985, 0), (9.349999999999985, 0), (10.349999999999985, 0), (11.349999999999985, 0)])
[Decision]       ManeuverDecision(timestamp=248.761010572, chosen_maneuver='LANE_KEEP', target_speed_kph=10.0, lead_vehicle_id=None)
[ActionCommand]  속도(m/s): 0.70  |  조향(rad): 0.341
[ControlCmd]     스티어링(rad): 0.341  |  Throttle: 0.50  |  Brake: 0.00
========================================================

2025-06-05 19:53:11,595 - Modules.control_module - INFO - 
================= [프로세스 단일 흐름 요약] =================
[Perception]     PerceptionOutput(timestamp=248.761010572, detected_objects=[], lane_markings=[], drivable_area_mask=None, traffic_signs=[], semantic_segmentation_map=None, instance_segmentation_map=None, depth_map=None, optical_flow_map=None, scene_flow_map=None, raw_features_for_localization=None, white_line_hsv_metrics=WhiteLineHsvMetrics(timestamp=1749120791.5827525, total_white_pixels=17042, left_ratio=0.12400968309859155, mid_ratio=0.035480242566510174, right_ratio=0.048639505451713395, is_detected=True), yellow_line_hsv_metrics=YellowLineHsvMetrics(timestamp=1749120791.582762, area=1801830.0, center_x=354, is_detected=True))
[Localization]   LocalizationInfo(timestamp=248.761010572, position=(6.399999999999985, 0, 0), orientation_quaternion=(1, 0, 0, 0), velocity_vector=(0, 0, 0), covariance_matrix='Sample Covariance')
[PlannedPath]    PlannedPath(timestamp=248.761010572, waypoints=[(7.399999999999985, 0), (8.399999999999984, 0), (9.399999999999984, 0), (10.399999999999984, 0), (11.399999999999984, 0)])
[Decision]       ManeuverDecision(timestamp=248.761010572, chosen_maneuver='LANE_KEEP', target_speed_kph=10.0, lead_vehicle_id=None)
[ActionCommand]  속도(m/s): 0.70  |  조향(rad): 0.341
[ControlCmd]     스티어링(rad): 0.341  |  Throttle: 0.50  |  Brake: 0.00
========================================================

2025-06-05 19:53:11,645 - Modules.control_module - INFO - 
================= [프로세스 단일 흐름 요약] =================
[Perception]     PerceptionOutput(timestamp=248.761010572, detected_objects=[], lane_markings=[], drivable_area_mask=None, traffic_signs=[], semantic_segmentation_map=None, instance_segmentation_map=None, depth_map=None, optical_flow_map=None, scene_flow_map=None, raw_features_for_localization=None, white_line_hsv_metrics=WhiteLineHsvMetrics(timestamp=1749120791.6324956, total_white_pixels=17042, left_ratio=0.12400968309859155, mid_ratio=0.035480242566510174, right_ratio=0.048639505451713395, is_detected=True), yellow_line_hsv_metrics=YellowLineHsvMetrics(timestamp=1749120791.6325028, area=1801830.0, center_x=354, is_detected=True))
[Localization]   LocalizationInfo(timestamp=248.761010572, position=(6.449999999999985, 0, 0), orientation_quaternion=(1, 0, 0, 0), velocity_vector=(0, 0, 0), covariance_matrix='Sample Covariance')
[PlannedPath]    PlannedPath(timestamp=248.761010572, waypoints=[(7.449999999999985, 0), (8.449999999999985, 0), (9.449999999999985, 0), (10.449999999999985, 0), (11.449999999999985, 0)])
[Decision]       ManeuverDecision(timestamp=248.761010572, chosen_maneuver='LANE_KEEP', target_speed_kph=10.0, lead_vehicle_id=None)
[ActionCommand]  속도(m/s): 0.70  |  조향(rad): 0.341
[ControlCmd]     스티어링(rad): 0.341  |  Throttle: 0.50  |  Brake: 0.00
========================================================

2025-06-05 19:53:11,696 - Modules.control_module - INFO - 
================= [프로세스 단일 흐름 요약] =================
[Perception]     PerceptionOutput(timestamp=248.761010572, detected_objects=[], lane_markings=[], drivable_area_mask=None, traffic_signs=[], semantic_segmentation_map=None, instance_segmentation_map=None, depth_map=None, optical_flow_map=None, scene_flow_map=None, raw_features_for_localization=None, white_line_hsv_metrics=WhiteLineHsvMetrics(timestamp=1749120791.6822777, total_white_pixels=17042, left_ratio=0.12400968309859155, mid_ratio=0.035480242566510174, right_ratio=0.048639505451713395, is_detected=True), yellow_line_hsv_metrics=YellowLineHsvMetrics(timestamp=1749120791.6822844, area=1801830.0, center_x=354, is_detected=True))
[Localization]   LocalizationInfo(timestamp=248.761010572, position=(6.499999999999985, 0, 0), orientation_quaternion=(1, 0, 0, 0), velocity_vector=(0, 0, 0), covariance_matrix='Sample Covariance')
[PlannedPath]    PlannedPath(timestamp=248.761010572, waypoints=[(7.499999999999985, 0), (8.499999999999986, 0), (9.499999999999986, 0), (10.499999999999986, 0), (11.499999999999986, 0)])
[Decision]       ManeuverDecision(timestamp=248.761010572, chosen_maneuver='LANE_KEEP', target_speed_kph=10.0, lead_vehicle_id=None)
[ActionCommand]  속도(m/s): 0.70  |  조향(rad): 0.341
[ControlCmd]     스티어링(rad): 0.341  |  Throttle: 0.50  |  Brake: 0.00
========================================================

2025-06-05 19:53:11,747 - Modules.control_module - INFO - 
================= [프로세스 단일 흐름 요약] =================
[Perception]     PerceptionOutput(timestamp=248.973186472, detected_objects=[], lane_markings=[], drivable_area_mask=None, traffic_signs=[], semantic_segmentation_map=None, instance_segmentation_map=None, depth_map=None, optical_flow_map=None, scene_flow_map=None, raw_features_for_localization=None, white_line_hsv_metrics=WhiteLineHsvMetrics(timestamp=1749120791.7317667, total_white_pixels=15917, left_ratio=0.10729655712050078, mid_ratio=0.03582257433489828, right_ratio=0.05124367211838006, is_detected=True), yellow_line_hsv_metrics=YellowLineHsvMetrics(timestamp=1749120791.7317739, area=2480385.0, center_x=350, is_detected=True))
[Localization]   LocalizationInfo(timestamp=248.973186472, position=(6.549999999999985, 0, 0), orientation_quaternion=(1, 0, 0, 0), velocity_vector=(0.23565353086754304, 0, 0), covariance_matrix='Sample Covariance')
[PlannedPath]    PlannedPath(timestamp=248.973186472, waypoints=[(7.549999999999985, 0), (8.549999999999985, 0), (9.549999999999985, 0), (10.549999999999985, 0), (11.549999999999985, 0)])
[Decision]       ManeuverDecision(timestamp=248.973186472, chosen_maneuver='LANE_KEEP', target_speed_kph=10.0, lead_vehicle_id=None)
[ActionCommand]  속도(m/s): 0.70  |  조향(rad): 0.320
[ControlCmd]     스티어링(rad): 0.320  |  Throttle: 0.50  |  Brake: 0.00
========================================================

2025-06-05 19:53:11,798 - Modules.control_module - INFO - 
================= [프로세스 단일 흐름 요약] =================
[Perception]     PerceptionOutput(timestamp=248.973186472, detected_objects=[], lane_markings=[], drivable_area_mask=None, traffic_signs=[], semantic_segmentation_map=None, instance_segmentation_map=None, depth_map=None, optical_flow_map=None, scene_flow_map=None, raw_features_for_localization=None, white_line_hsv_metrics=WhiteLineHsvMetrics(timestamp=1749120791.7815225, total_white_pixels=15917, left_ratio=0.10729655712050078, mid_ratio=0.03582257433489828, right_ratio=0.05124367211838006, is_detected=True), yellow_line_hsv_metrics=YellowLineHsvMetrics(timestamp=1749120791.78153, area=2480385.0, center_x=350, is_detected=True))
[Localization]   LocalizationInfo(timestamp=248.973186472, position=(6.5999999999999845, 0, 0), orientation_quaternion=(1, 0, 0, 0), velocity_vector=(0, 0, 0), covariance_matrix='Sample Covariance')
[PlannedPath]    PlannedPath(timestamp=248.973186472, waypoints=[(7.5999999999999845, 0), (8.599999999999984, 0), (9.599999999999984, 0), (10.599999999999984, 0), (11.599999999999984, 0)])
[Decision]       ManeuverDecision(timestamp=248.973186472, chosen_maneuver='LANE_KEEP', target_speed_kph=10.0, lead_vehicle_id=None)
[ActionCommand]  속도(m/s): 0.70  |  조향(rad): 0.320
[ControlCmd]     스티어링(rad): 0.320  |  Throttle: 0.50  |  Brake: 0.00
========================================================

2025-06-05 19:53:11,849 - Modules.control_module - INFO - 
================= [프로세스 단일 흐름 요약] =================
[Perception]     PerceptionOutput(timestamp=249.125156469, detected_objects=[], lane_markings=[], drivable_area_mask=None, traffic_signs=[], semantic_segmentation_map=None, instance_segmentation_map=None, depth_map=None, optical_flow_map=None, scene_flow_map=None, raw_features_for_localization=None, white_line_hsv_metrics=WhiteLineHsvMetrics(timestamp=1749120791.8317587, total_white_pixels=15201, left_ratio=0.09498483959311424, mid_ratio=0.03643388106416275, right_ratio=0.054176401869158876, is_detected=True), yellow_line_hsv_metrics=YellowLineHsvMetrics(timestamp=1749120791.831767, area=2965140.0, center_x=336, is_detected=True))
[Localization]   LocalizationInfo(timestamp=249.125156469, position=(6.649999999999984, 0, 0), orientation_quaternion=(1, 0, 0, 0), velocity_vector=(0.3290123115551972, 0, 0), covariance_matrix='Sample Covariance')
[PlannedPath]    PlannedPath(timestamp=249.125156469, waypoints=[(7.649999999999984, 0), (8.649999999999984, 0), (9.649999999999984, 0), (10.649999999999984, 0), (11.649999999999984, 0)])
[Decision]       ManeuverDecision(timestamp=249.125156469, chosen_maneuver='LANE_KEEP', target_speed_kph=10.0, lead_vehicle_id=None)
[ActionCommand]  속도(m/s): 0.98  |  조향(rad): 0.146
[ControlCmd]     스티어링(rad): 0.146  |  Throttle: 0.70  |  Brake: 0.00
========================================================

2025-06-05 19:53:11,900 - Modules.control_module - INFO - 
================= [프로세스 단일 흐름 요약] =================
[Perception]     PerceptionOutput(timestamp=249.125156469, detected_objects=[], lane_markings=[], drivable_area_mask=None, traffic_signs=[], semantic_segmentation_map=None, instance_segmentation_map=None, depth_map=None, optical_flow_map=None, scene_flow_map=None, raw_features_for_localization=None, white_line_hsv_metrics=WhiteLineHsvMetrics(timestamp=1749120791.8817394, total_white_pixels=15201, left_ratio=0.09498483959311424, mid_ratio=0.03643388106416275, right_ratio=0.054176401869158876, is_detected=True), yellow_line_hsv_metrics=YellowLineHsvMetrics(timestamp=1749120791.881747, area=2965140.0, center_x=336, is_detected=True))
[Localization]   LocalizationInfo(timestamp=249.125156469, position=(6.699999999999984, 0, 0), orientation_quaternion=(1, 0, 0, 0), velocity_vector=(0, 0, 0), covariance_matrix='Sample Covariance')
[PlannedPath]    PlannedPath(timestamp=249.125156469, waypoints=[(7.699999999999984, 0), (8.699999999999985, 0), (9.699999999999985, 0), (10.699999999999985, 0), (11.699999999999985, 0)])
[Decision]       ManeuverDecision(timestamp=249.125156469, chosen_maneuver='LANE_KEEP', target_speed_kph=10.0, lead_vehicle_id=None)
[ActionCommand]  속도(m/s): 1.26  |  조향(rad): 0.043
[ControlCmd]     스티어링(rad): 0.043  |  Throttle: 0.90  |  Brake: 0.00
========================================================

2025-06-05 19:53:11,951 - Modules.control_module - INFO - 
================= [프로세스 단일 흐름 요약] =================
[Perception]     PerceptionOutput(timestamp=249.125156469, detected_objects=[], lane_markings=[], drivable_area_mask=None, traffic_signs=[], semantic_segmentation_map=None, instance_segmentation_map=None, depth_map=None, optical_flow_map=None, scene_flow_map=None, raw_features_for_localization=None, white_line_hsv_metrics=WhiteLineHsvMetrics(timestamp=1749120791.9324155, total_white_pixels=15201, left_ratio=0.09498483959311424, mid_ratio=0.03643388106416275, right_ratio=0.054176401869158876, is_detected=True), yellow_line_hsv_metrics=YellowLineHsvMetrics(timestamp=1749120791.9324248, area=2965140.0, center_x=336, is_detected=True))
[Localization]   LocalizationInfo(timestamp=249.125156469, position=(6.749999999999984, 0, 0), orientation_quaternion=(1, 0, 0, 0), velocity_vector=(0, 0, 0), covariance_matrix='Sample Covariance')
[PlannedPath]    PlannedPath(timestamp=249.125156469, waypoints=[(7.749999999999984, 0), (8.749999999999984, 0), (9.749999999999984, 0), (10.749999999999984, 0), (11.749999999999984, 0)])
[Decision]       ManeuverDecision(timestamp=249.125156469, chosen_maneuver='LANE_KEEP', target_speed_kph=10.0, lead_vehicle_id=None)
[ActionCommand]  속도(m/s): 1.26  |  조향(rad): 0.043
[ControlCmd]     스티어링(rad): 0.043  |  Throttle: 0.90  |  Brake: 0.00
========================================================

2025-06-05 19:53:12,356 - Modules.control_module - INFO - 
================= [프로세스 단일 흐름 요약] =================
[Perception]     PerceptionOutput(timestamp=249.558105371, detected_objects=[], lane_markings=[], drivable_area_mask=None, traffic_signs=[], semantic_segmentation_map=None, instance_segmentation_map=None, depth_map=None, optical_flow_map=None, scene_flow_map=None, raw_features_for_localization=None, white_line_hsv_metrics=WhiteLineHsvMetrics(timestamp=1749120792.342081, total_white_pixels=14563, left_ratio=0.07646224569640063, mid_ratio=0.03971048513302034, right_ratio=0.06158732476635514, is_detected=True), yellow_line_hsv_metrics=YellowLineHsvMetrics(timestamp=1749120792.342087, area=2854725.0, center_x=277, is_detected=True))
[Localization]   LocalizationInfo(timestamp=249.558105371, position=(7.149999999999983, 0, 0), orientation_quaternion=(1, 0, 0, 0), velocity_vector=(0, 0, 0), covariance_matrix='Sample Covariance')
[PlannedPath]    PlannedPath(timestamp=249.558105371, waypoints=[(8.149999999999983, 0), (9.149999999999983, 0), (10.149999999999983, 0), (11.149999999999983, 0), (12.149999999999983, 0)])
[Decision]       ManeuverDecision(timestamp=249.558105371, chosen_maneuver='LANE_KEEP', target_speed_kph=10.0, lead_vehicle_id=None)
[ActionCommand]  속도(m/s): 1.26  |  조향(rad): 0.016
[ControlCmd]     스티어링(rad): 0.016  |  Throttle: 0.90  |  Brake: 0.00
========================================================

2025-06-05 19:53:12,406 - Modules.control_module - INFO - 
================= [프로세스 단일 흐름 요약] =================
[Perception]     PerceptionOutput(timestamp=249.558105371, detected_objects=[], lane_markings=[], drivable_area_mask=None, traffic_signs=[], semantic_segmentation_map=None, instance_segmentation_map=None, depth_map=None, optical_flow_map=None, scene_flow_map=None, raw_features_for_localization=None, white_line_hsv_metrics=WhiteLineHsvMetrics(timestamp=1749120792.3919835, total_white_pixels=14563, left_ratio=0.07646224569640063, mid_ratio=0.03971048513302034, right_ratio=0.06158732476635514, is_detected=True), yellow_line_hsv_metrics=YellowLineHsvMetrics(timestamp=1749120792.3919911, area=2854725.0, center_x=277, is_detected=True))
[Localization]   LocalizationInfo(timestamp=249.558105371, position=(7.199999999999982, 0, 0), orientation_quaternion=(1, 0, 0, 0), velocity_vector=(0, 0, 0), covariance_matrix='Sample Covariance')
[PlannedPath]    PlannedPath(timestamp=249.558105371, waypoints=[(8.199999999999982, 0), (9.199999999999982, 0), (10.199999999999982, 0), (11.199999999999982, 0), (12.199999999999982, 0)])
[Decision]       ManeuverDecision(timestamp=249.558105371, chosen_maneuver='LANE_KEEP', target_speed_kph=10.0, lead_vehicle_id=None)
[ActionCommand]  속도(m/s): 1.26  |  조향(rad): 0.016
[ControlCmd]     스티어링(rad): 0.016  |  Throttle: 0.90  |  Brake: 0.00
========================================================

2025-06-05 19:53:12,457 - Modules.control_module - INFO - 
================= [프로세스 단일 흐름 요약] =================
[Perception]     PerceptionOutput(timestamp=249.558105371, detected_objects=[], lane_markings=[], drivable_area_mask=None, traffic_signs=[], semantic_segmentation_map=None, instance_segmentation_map=None, depth_map=None, optical_flow_map=None, scene_flow_map=None, raw_features_for_localization=None, white_line_hsv_metrics=WhiteLineHsvMetrics(timestamp=1749120792.4416783, total_white_pixels=14563, left_ratio=0.07646224569640063, mid_ratio=0.03971048513302034, right_ratio=0.06158732476635514, is_detected=True), yellow_line_hsv_metrics=YellowLineHsvMetrics(timestamp=1749120792.4416854, area=2854725.0, center_x=277, is_detected=True))
[Localization]   LocalizationInfo(timestamp=249.558105371, position=(7.249999999999982, 0, 0), orientation_quaternion=(1, 0, 0, 0), velocity_vector=(0, 0, 0), covariance_matrix='Sample Covariance')
[PlannedPath]    PlannedPath(timestamp=249.558105371, waypoints=[(8.249999999999982, 0), (9.249999999999982, 0), (10.249999999999982, 0), (11.249999999999982, 0), (12.249999999999982, 0)])
[Decision]       ManeuverDecision(timestamp=249.558105371, chosen_maneuver='LANE_KEEP', target_speed_kph=10.0, lead_vehicle_id=None)
[ActionCommand]  속도(m/s): 1.26  |  조향(rad): 0.016
[ControlCmd]     스티어링(rad): 0.016  |  Throttle: 0.90  |  Brake: 0.00
========================================================

2025-06-05 19:53:12,508 - Modules.control_module - INFO - 
================= [프로세스 단일 흐름 요약] =================
[Perception]     PerceptionOutput(timestamp=249.721682773, detected_objects=[], lane_markings=[], drivable_area_mask=None, traffic_signs=[], semantic_segmentation_map=None, instance_segmentation_map=None, depth_map=None, optical_flow_map=None, scene_flow_map=None, raw_features_for_localization=None, white_line_hsv_metrics=WhiteLineHsvMetrics(timestamp=1749120792.491259, total_white_pixels=14723, left_ratio=0.07092380672926447, mid_ratio=0.04160553599374022, right_ratio=0.06716072819314642, is_detected=True), yellow_line_hsv_metrics=YellowLineHsvMetrics(timestamp=1749120792.4912653, area=2642055.0, center_x=242, is_detected=True))
[Localization]   LocalizationInfo(timestamp=249.721682773, position=(7.299999999999982, 0, 0), orientation_quaternion=(1, 0, 0, 0), velocity_vector=(0.3056656933578388, 0, 0), covariance_matrix='Sample Covariance')
[PlannedPath]    PlannedPath(timestamp=249.721682773, waypoints=[(8.299999999999983, 0), (9.299999999999983, 0), (10.299999999999983, 0), (11.299999999999983, 0), (12.299999999999983, 0)])
[Decision]       ManeuverDecision(timestamp=249.721682773, chosen_maneuver='LANE_KEEP', target_speed_kph=10.0, lead_vehicle_id=None)
[ActionCommand]  속도(m/s): 1.26  |  조향(rad): 0.004
[ControlCmd]     스티어링(rad): 0.004  |  Throttle: 0.90  |  Brake: 0.00
========================================================

2025-06-05 19:53:12,560 - Modules.control_module - INFO - 
================= [프로세스 단일 흐름 요약] =================
[Perception]     PerceptionOutput(timestamp=249.721682773, detected_objects=[], lane_markings=[], drivable_area_mask=None, traffic_signs=[], semantic_segmentation_map=None, instance_segmentation_map=None, depth_map=None, optical_flow_map=None, scene_flow_map=None, raw_features_for_localization=None, white_line_hsv_metrics=WhiteLineHsvMetrics(timestamp=1749120792.541693, total_white_pixels=14723, left_ratio=0.07092380672926447, mid_ratio=0.04160553599374022, right_ratio=0.06716072819314642, is_detected=True), yellow_line_hsv_metrics=YellowLineHsvMetrics(timestamp=1749120792.541701, area=2642055.0, center_x=242, is_detected=True))
[Localization]   LocalizationInfo(timestamp=249.721682773, position=(7.349999999999982, 0, 0), orientation_quaternion=(1, 0, 0, 0), velocity_vector=(0, 0, 0), covariance_matrix='Sample Covariance')
[PlannedPath]    PlannedPath(timestamp=249.721682773, waypoints=[(8.349999999999982, 0), (9.349999999999982, 0), (10.349999999999982, 0), (11.349999999999982, 0), (12.349999999999982, 0)])
[Decision]       ManeuverDecision(timestamp=249.721682773, chosen_maneuver='LANE_KEEP', target_speed_kph=10.0, lead_vehicle_id=None)
[ActionCommand]  속도(m/s): 1.26  |  조향(rad): 0.004
[ControlCmd]     스티어링(rad): 0.004  |  Throttle: 0.90  |  Brake: 0.00
========================================================

2025-06-05 19:53:12,611 - Modules.control_module - INFO - 
================= [프로세스 단일 흐름 요약] =================
[Perception]     PerceptionOutput(timestamp=249.721682773, detected_objects=[], lane_markings=[], drivable_area_mask=None, traffic_signs=[], semantic_segmentation_map=None, instance_segmentation_map=None, depth_map=None, optical_flow_map=None, scene_flow_map=None, raw_features_for_localization=None, white_line_hsv_metrics=WhiteLineHsvMetrics(timestamp=1749120792.592589, total_white_pixels=14723, left_ratio=0.07092380672926447, mid_ratio=0.04160553599374022, right_ratio=0.06716072819314642, is_detected=True), yellow_line_hsv_metrics=YellowLineHsvMetrics(timestamp=1749120792.5925968, area=2642055.0, center_x=242, is_detected=True))
[Localization]   LocalizationInfo(timestamp=249.721682773, position=(7.399999999999982, 0, 0), orientation_quaternion=(1, 0, 0, 0), velocity_vector=(0, 0, 0), covariance_matrix='Sample Covariance')
[PlannedPath]    PlannedPath(timestamp=249.721682773, waypoints=[(8.39999999999998, 0), (9.39999999999998, 0), (10.39999999999998, 0), (11.39999999999998, 0), (12.39999999999998, 0)])
[Decision]       ManeuverDecision(timestamp=249.721682773, chosen_maneuver='LANE_KEEP', target_speed_kph=10.0, lead_vehicle_id=None)
[ActionCommand]  속도(m/s): 1.26  |  조향(rad): 0.004
[ControlCmd]     스티어링(rad): 0.004  |  Throttle: 0.90  |  Brake: 0.00
========================================================

2025-06-05 19:53:12,662 - Modules.control_module - INFO - 
================= [프로세스 단일 흐름 요약] =================
[Perception]     PerceptionOutput(timestamp=249.893441673, detected_objects=[], lane_markings=[], drivable_area_mask=None, traffic_signs=[], semantic_segmentation_map=None, instance_segmentation_map=None, depth_map=None, optical_flow_map=None, scene_flow_map=None, raw_features_for_localization=None, white_line_hsv_metrics=WhiteLineHsvMetrics(timestamp=1749120792.6431713, total_white_pixels=15098, left_ratio=0.06785504694835681, mid_ratio=0.04374510954616589, right_ratio=0.07264894859813084, is_detected=True), yellow_line_hsv_metrics=YellowLineHsvMetrics(timestamp=1749120792.6431792, area=2338605.0, center_x=212, is_detected=True))
[Localization]   LocalizationInfo(timestamp=249.893441673, position=(7.4499999999999815, 0, 0), orientation_quaternion=(1, 0, 0, 0), velocity_vector=(0.29110573018338937, 0, 0), covariance_matrix='Sample Covariance')
[PlannedPath]    PlannedPath(timestamp=249.893441673, waypoints=[(8.449999999999982, 0), (9.449999999999982, 0), (10.449999999999982, 0), (11.449999999999982, 0), (12.449999999999982, 0)])
[Decision]       ManeuverDecision(timestamp=249.893441673, chosen_maneuver='LANE_KEEP', target_speed_kph=10.0, lead_vehicle_id=None)
[ActionCommand]  속도(m/s): 1.26  |  조향(rad): -0.005
[ControlCmd]     스티어링(rad): -0.005  |  Throttle: 0.90  |  Brake: 0.00
========================================================

2025-06-05 19:53:12,713 - Modules.control_module - INFO - 
================= [프로세스 단일 흐름 요약] =================
[Perception]     PerceptionOutput(timestamp=249.893441673, detected_objects=[], lane_markings=[], drivable_area_mask=None, traffic_signs=[], semantic_segmentation_map=None, instance_segmentation_map=None, depth_map=None, optical_flow_map=None, scene_flow_map=None, raw_features_for_localization=None, white_line_hsv_metrics=WhiteLineHsvMetrics(timestamp=1749120792.694527, total_white_pixels=15098, left_ratio=0.06785504694835681, mid_ratio=0.04374510954616589, right_ratio=0.07264894859813084, is_detected=True), yellow_line_hsv_metrics=YellowLineHsvMetrics(timestamp=1749120792.6945345, area=2338605.0, center_x=212, is_detected=True))
[Localization]   LocalizationInfo(timestamp=249.893441673, position=(7.499999999999981, 0, 0), orientation_quaternion=(1, 0, 0, 0), velocity_vector=(0, 0, 0), covariance_matrix='Sample Covariance')
[PlannedPath]    PlannedPath(timestamp=249.893441673, waypoints=[(8.499999999999982, 0), (9.499999999999982, 0), (10.499999999999982, 0), (11.499999999999982, 0), (12.499999999999982, 0)])
[Decision]       ManeuverDecision(timestamp=249.893441673, chosen_maneuver='LANE_KEEP', target_speed_kph=10.0, lead_vehicle_id=None)
[ActionCommand]  속도(m/s): 1.26  |  조향(rad): -0.005
[ControlCmd]     스티어링(rad): -0.005  |  Throttle: 0.90  |  Brake: 0.00
========================================================

2025-06-05 19:53:12,764 - Modules.control_module - INFO - 
================= [프로세스 단일 흐름 요약] =================
[Perception]     PerceptionOutput(timestamp=250.000758772, detected_objects=[], lane_markings=[], drivable_area_mask=None, traffic_signs=[], semantic_segmentation_map=None, instance_segmentation_map=None, depth_map=None, optical_flow_map=None, scene_flow_map=None, raw_features_for_localization=None, white_line_hsv_metrics=WhiteLineHsvMetrics(timestamp=1749120792.7455335, total_white_pixels=15353, left_ratio=0.06641236306729265, mid_ratio=0.04513888888888889, right_ratio=0.07580072040498442, is_detected=True), yellow_line_hsv_metrics=YellowLineHsvMetrics(timestamp=1749120792.74554, area=2102985.0, center_x=196, is_detected=True))
[Localization]   LocalizationInfo(timestamp=250.000758772, position=(7.549999999999981, 0, 0), orientation_quaternion=(1, 0, 0, 0), velocity_vector=(0.46590897877327336, 0, 0), covariance_matrix='Sample Covariance')
[PlannedPath]    PlannedPath(timestamp=250.000758772, waypoints=[(8.549999999999981, 0), (9.549999999999981, 0), (10.549999999999981, 0), (11.549999999999981, 0), (12.549999999999981, 0)])
[Decision]       ManeuverDecision(timestamp=250.000758772, chosen_maneuver='LANE_KEEP', target_speed_kph=10.0, lead_vehicle_id=None)
[ActionCommand]  속도(m/s): 1.26  |  조향(rad): -0.010
[ControlCmd]     스티어링(rad): -0.010  |  Throttle: 0.90  |  Brake: 0.00
========================================================

2025-06-05 19:53:12,815 - Modules.control_module - INFO - 
================= [프로세스 단일 흐름 요약] =================
[Perception]     PerceptionOutput(timestamp=250.000758772, detected_objects=[], lane_markings=[], drivable_area_mask=None, traffic_signs=[], semantic_segmentation_map=None, instance_segmentation_map=None, depth_map=None, optical_flow_map=None, scene_flow_map=None, raw_features_for_localization=None, white_line_hsv_metrics=WhiteLineHsvMetrics(timestamp=1749120792.7959661, total_white_pixels=15353, left_ratio=0.06641236306729265, mid_ratio=0.04513888888888889, right_ratio=0.07580072040498442, is_detected=True), yellow_line_hsv_metrics=YellowLineHsvMetrics(timestamp=1749120792.7959738, area=2102985.0, center_x=196, is_detected=True))
[Localization]   LocalizationInfo(timestamp=250.000758772, position=(7.599999999999981, 0, 0), orientation_quaternion=(1, 0, 0, 0), velocity_vector=(0, 0, 0), covariance_matrix='Sample Covariance')
[PlannedPath]    PlannedPath(timestamp=250.000758772, waypoints=[(8.59999999999998, 0), (9.59999999999998, 0), (10.59999999999998, 0), (11.59999999999998, 0), (12.59999999999998, 0)])
[Decision]       ManeuverDecision(timestamp=250.000758772, chosen_maneuver='LANE_KEEP', target_speed_kph=10.0, lead_vehicle_id=None)
[ActionCommand]  속도(m/s): 1.26  |  조향(rad): -0.010
[ControlCmd]     스티어링(rad): -0.010  |  Throttle: 0.90  |  Brake: 0.00
========================================================

2025-06-05 19:53:13,210 - Modules.control_module - INFO - 
================= [프로세스 단일 흐름 요약] =================
[Perception]     PerceptionOutput(timestamp=250.400355874, detected_objects=[], lane_markings=[], drivable_area_mask=None, traffic_signs=[], semantic_segmentation_map=None, instance_segmentation_map=None, depth_map=None, optical_flow_map=None, scene_flow_map=None, raw_features_for_localization=None, white_line_hsv_metrics=WhiteLineHsvMetrics(timestamp=1749120793.1940925, total_white_pixels=17476, left_ratio=0.06243886932707355, mid_ratio=0.054015062597809076, right_ratio=0.09675574376947041, is_detected=True), yellow_line_hsv_metrics=YellowLineHsvMetrics(timestamp=1749120793.1940992, area=1401735.0, center_x=136, is_detected=True))
[Localization]   LocalizationInfo(timestamp=250.400355874, position=(7.99999999999998, 0, 0), orientation_quaternion=(1, 0, 0, 0), velocity_vector=(0, 0, 0), covariance_matrix='Sample Covariance')
[PlannedPath]    PlannedPath(timestamp=250.400355874, waypoints=[(8.999999999999979, 0), (9.999999999999979, 0), (10.999999999999979, 0), (11.999999999999979, 0), (12.999999999999979, 0)])
[Decision]       ManeuverDecision(timestamp=250.400355874, chosen_maneuver='LANE_KEEP', target_speed_kph=10.0, lead_vehicle_id=None)
[ActionCommand]  속도(m/s): 1.26  |  조향(rad): -0.036
[ControlCmd]     스티어링(rad): -0.036  |  Throttle: 0.90  |  Brake: 0.00
========================================================

2025-06-05 19:53:13,312 - Modules.control_module - INFO - 
================= [프로세스 단일 흐름 요약] =================
[Perception]     PerceptionOutput(timestamp=250.400355874, detected_objects=[], lane_markings=[], drivable_area_mask=None, traffic_signs=[], semantic_segmentation_map=None, instance_segmentation_map=None, depth_map=None, optical_flow_map=None, scene_flow_map=None, raw_features_for_localization=None, white_line_hsv_metrics=WhiteLineHsvMetrics(timestamp=1749120793.2953403, total_white_pixels=17476, left_ratio=0.06243886932707355, mid_ratio=0.054015062597809076, right_ratio=0.09675574376947041, is_detected=True), yellow_line_hsv_metrics=YellowLineHsvMetrics(timestamp=1749120793.2953453, area=1401735.0, center_x=136, is_detected=True))
[Localization]   LocalizationInfo(timestamp=250.400355874, position=(8.09999999999998, 0, 0), orientation_quaternion=(1, 0, 0, 0), velocity_vector=(0, 0, 0), covariance_matrix='Sample Covariance')
[PlannedPath]    PlannedPath(timestamp=250.400355874, waypoints=[(9.09999999999998, 0), (10.09999999999998, 0), (11.09999999999998, 0), (12.09999999999998, 0), (13.09999999999998, 0)])
[Decision]       ManeuverDecision(timestamp=250.400355874, chosen_maneuver='LANE_KEEP', target_speed_kph=10.0, lead_vehicle_id=None)
[ActionCommand]  속도(m/s): 1.26  |  조향(rad): -0.036
[ControlCmd]     스티어링(rad): -0.036  |  Throttle: 0.90  |  Brake: 0.00
========================================================

2025-06-05 19:53:13,362 - Modules.control_module - INFO - 
================= [프로세스 단일 흐름 요약] =================
[Perception]     PerceptionOutput(timestamp=250.587736472, detected_objects=[], lane_markings=[], drivable_area_mask=None, traffic_signs=[], semantic_segmentation_map=None, instance_segmentation_map=None, depth_map=None, optical_flow_map=None, scene_flow_map=None, raw_features_for_localization=None, white_line_hsv_metrics=WhiteLineHsvMetrics(timestamp=1749120793.3447495, total_white_pixels=18911, left_ratio=0.06163194444444445, mid_ratio=0.059406787949921755, right_ratio=0.1096548870716511, is_detected=True), yellow_line_hsv_metrics=YellowLineHsvMetrics(timestamp=1749120793.344756, area=2287095.0, center_x=100, is_detected=True))
[Localization]   LocalizationInfo(timestamp=250.587736472, position=(8.14999999999998, 0, 0), orientation_quaternion=(1, 0, 0, 0), velocity_vector=(0.26683659105414126, 0, 0), covariance_matrix='Sample Covariance')
[PlannedPath]    PlannedPath(timestamp=250.587736472, waypoints=[(9.14999999999998, 0), (10.14999999999998, 0), (11.14999999999998, 0), (12.14999999999998, 0), (13.14999999999998, 0)])
[Decision]       ManeuverDecision(timestamp=250.587736472, chosen_maneuver='LANE_KEEP', target_speed_kph=10.0, lead_vehicle_id=None)
[ActionCommand]  속도(m/s): 1.26  |  조향(rad): -0.050
[ControlCmd]     스티어링(rad): -0.050  |  Throttle: 0.90  |  Brake: 0.00
========================================================

2025-06-05 19:53:13,413 - Modules.control_module - INFO - 
================= [프로세스 단일 흐름 요약] =================
[Perception]     PerceptionOutput(timestamp=250.587736472, detected_objects=[], lane_markings=[], drivable_area_mask=None, traffic_signs=[], semantic_segmentation_map=None, instance_segmentation_map=None, depth_map=None, optical_flow_map=None, scene_flow_map=None, raw_features_for_localization=None, white_line_hsv_metrics=WhiteLineHsvMetrics(timestamp=1749120793.3946872, total_white_pixels=18911, left_ratio=0.06163194444444445, mid_ratio=0.059406787949921755, right_ratio=0.1096548870716511, is_detected=True), yellow_line_hsv_metrics=YellowLineHsvMetrics(timestamp=1749120793.394693, area=2287095.0, center_x=100, is_detected=True))
[Localization]   LocalizationInfo(timestamp=250.587736472, position=(8.199999999999982, 0, 0), orientation_quaternion=(1, 0, 0, 0), velocity_vector=(0, 0, 0), covariance_matrix='Sample Covariance')
[PlannedPath]    PlannedPath(timestamp=250.587736472, waypoints=[(9.199999999999982, 0), (10.199999999999982, 0), (11.199999999999982, 0), (12.199999999999982, 0), (13.199999999999982, 0)])
[Decision]       ManeuverDecision(timestamp=250.587736472, chosen_maneuver='LANE_KEEP', target_speed_kph=10.0, lead_vehicle_id=None)
[ActionCommand]  속도(m/s): 1.26  |  조향(rad): -0.050
[ControlCmd]     스티어링(rad): -0.050  |  Throttle: 0.90  |  Brake: 0.00
========================================================

2025-06-05 19:53:13,464 - Modules.control_module - INFO - 
================= [프로세스 단일 흐름 요약] =================
[Perception]     PerceptionOutput(timestamp=250.587736472, detected_objects=[], lane_markings=[], drivable_area_mask=None, traffic_signs=[], semantic_segmentation_map=None, instance_segmentation_map=None, depth_map=None, optical_flow_map=None, scene_flow_map=None, raw_features_for_localization=None, white_line_hsv_metrics=WhiteLineHsvMetrics(timestamp=1749120793.4455688, total_white_pixels=18911, left_ratio=0.06163194444444445, mid_ratio=0.059406787949921755, right_ratio=0.1096548870716511, is_detected=True), yellow_line_hsv_metrics=YellowLineHsvMetrics(timestamp=1749120793.4455757, area=2287095.0, center_x=100, is_detected=True))
[Localization]   LocalizationInfo(timestamp=250.587736472, position=(8.249999999999982, 0, 0), orientation_quaternion=(1, 0, 0, 0), velocity_vector=(0, 0, 0), covariance_matrix='Sample Covariance')
[PlannedPath]    PlannedPath(timestamp=250.587736472, waypoints=[(9.249999999999982, 0), (10.249999999999982, 0), (11.249999999999982, 0), (12.249999999999982, 0), (13.249999999999982, 0)])
[Decision]       ManeuverDecision(timestamp=250.587736472, chosen_maneuver='LANE_KEEP', target_speed_kph=10.0, lead_vehicle_id=None)
[ActionCommand]  속도(m/s): 1.26  |  조향(rad): -0.050
[ControlCmd]     스티어링(rad): -0.050  |  Throttle: 0.90  |  Brake: 0.00
========================================================

2025-06-05 19:53:14,417 - Modules.control_module - INFO - 
================= [프로세스 단일 흐름 요약] =================
[Perception]     PerceptionOutput(timestamp=251.623753373, detected_objects=[], lane_markings=[], drivable_area_mask=None, traffic_signs=[], semantic_segmentation_map=None, instance_segmentation_map=None, depth_map=None, optical_flow_map=None, scene_flow_map=None, raw_features_for_localization=None, white_line_hsv_metrics=WhiteLineHsvMetrics(timestamp=1749120794.4049134, total_white_pixels=21557, left_ratio=0.06116735133020344, mid_ratio=0.14329029733959311, right_ratio=0.05882496105919003, is_detected=True), yellow_line_hsv_metrics=YellowLineHsvMetrics(timestamp=1749120794.4049203, area=699210.0, center_x=50, is_detected=True))
[Localization]   LocalizationInfo(timestamp=251.623753373, position=(9.199999999999996, 0, 0), orientation_quaternion=(1, 0, 0, 0), velocity_vector=(0.23230239080975515, 0, 0), covariance_matrix='Sample Covariance')
[PlannedPath]    PlannedPath(timestamp=251.623753373, waypoints=[(10.199999999999996, 0), (11.199999999999996, 0), (12.199999999999996, 0), (13.199999999999996, 0), (14.199999999999996, 0)])
[Decision]       ManeuverDecision(timestamp=251.623753373, chosen_maneuver='LANE_KEEP', target_speed_kph=10.0, lead_vehicle_id=None)
[ActionCommand]  속도(m/s): 1.26  |  조향(rad): 0.002
[ControlCmd]     스티어링(rad): 0.002  |  Throttle: 0.90  |  Brake: 0.00
========================================================

2025-06-05 19:53:14,468 - Modules.control_module - INFO - 
================= [프로세스 단일 흐름 요약] =================
[Perception]     PerceptionOutput(timestamp=251.623753373, detected_objects=[], lane_markings=[], drivable_area_mask=None, traffic_signs=[], semantic_segmentation_map=None, instance_segmentation_map=None, depth_map=None, optical_flow_map=None, scene_flow_map=None, raw_features_for_localization=None, white_line_hsv_metrics=WhiteLineHsvMetrics(timestamp=1749120794.454865, total_white_pixels=21557, left_ratio=0.06116735133020344, mid_ratio=0.14329029733959311, right_ratio=0.05882496105919003, is_detected=True), yellow_line_hsv_metrics=YellowLineHsvMetrics(timestamp=1749120794.4548712, area=699210.0, center_x=50, is_detected=True))
[Localization]   LocalizationInfo(timestamp=251.623753373, position=(9.249999999999996, 0, 0), orientation_quaternion=(1, 0, 0, 0), velocity_vector=(0, 0, 0), covariance_matrix='Sample Covariance')
[PlannedPath]    PlannedPath(timestamp=251.623753373, waypoints=[(10.249999999999996, 0), (11.249999999999996, 0), (12.249999999999996, 0), (13.249999999999996, 0), (14.249999999999996, 0)])
[Decision]       ManeuverDecision(timestamp=251.623753373, chosen_maneuver='LANE_KEEP', target_speed_kph=10.0, lead_vehicle_id=None)
[ActionCommand]  속도(m/s): 1.26  |  조향(rad): 0.002
[ControlCmd]     스티어링(rad): 0.002  |  Throttle: 0.90  |  Brake: 0.00
========================================================

2025-06-05 19:53:14,519 - Modules.control_module - INFO - 
================= [프로세스 단일 흐름 요약] =================
[Perception]     PerceptionOutput(timestamp=251.623753373, detected_objects=[], lane_markings=[], drivable_area_mask=None, traffic_signs=[], semantic_segmentation_map=None, instance_segmentation_map=None, depth_map=None, optical_flow_map=None, scene_flow_map=None, raw_features_for_localization=None, white_line_hsv_metrics=WhiteLineHsvMetrics(timestamp=1749120794.5044887, total_white_pixels=21557, left_ratio=0.06116735133020344, mid_ratio=0.14329029733959311, right_ratio=0.05882496105919003, is_detected=True), yellow_line_hsv_metrics=YellowLineHsvMetrics(timestamp=1749120794.504496, area=699210.0, center_x=50, is_detected=True))
[Localization]   LocalizationInfo(timestamp=251.623753373, position=(9.299999999999997, 0, 0), orientation_quaternion=(1, 0, 0, 0), velocity_vector=(0, 0, 0), covariance_matrix='Sample Covariance')
[PlannedPath]    PlannedPath(timestamp=251.623753373, waypoints=[(10.299999999999997, 0), (11.299999999999997, 0), (12.299999999999997, 0), (13.299999999999997, 0), (14.299999999999997, 0)])
[Decision]       ManeuverDecision(timestamp=251.623753373, chosen_maneuver='LANE_KEEP', target_speed_kph=10.0, lead_vehicle_id=None)
[ActionCommand]  속도(m/s): 1.26  |  조향(rad): 0.002
[ControlCmd]     스티어링(rad): 0.002  |  Throttle: 0.90  |  Brake: 0.00
========================================================

2025-06-05 19:53:14,570 - Modules.control_module - INFO - 
================= [프로세스 단일 흐름 요약] =================
[Perception]     PerceptionOutput(timestamp=251.822264569, detected_objects=[], lane_markings=[], drivable_area_mask=None, traffic_signs=[], semantic_segmentation_map=None, instance_segmentation_map=None, depth_map=None, optical_flow_map=None, scene_flow_map=None, raw_features_for_localization=None, white_line_hsv_metrics=WhiteLineHsvMetrics(timestamp=1749120794.5555267, total_white_pixels=21486, left_ratio=0.06104508998435055, mid_ratio=0.17040786384976525, right_ratio=0.031091802959501556, is_detected=True), yellow_line_hsv_metrics=YellowLineHsvMetrics(timestamp=1749120794.5555341, area=490110.0, center_x=50, is_detected=True))
[Localization]   LocalizationInfo(timestamp=251.822264569, position=(9.349999999999998, 0, 0), orientation_quaternion=(1, 0, 0, 0), velocity_vector=(0.25187496225653905, 0, 0), covariance_matrix='Sample Covariance')
[PlannedPath]    PlannedPath(timestamp=251.822264569, waypoints=[(10.349999999999998, 0), (11.349999999999998, 0), (12.349999999999998, 0), (13.349999999999998, 0), (14.349999999999998, 0)])
[Decision]       ManeuverDecision(timestamp=251.822264569, chosen_maneuver='LANE_KEEP', target_speed_kph=10.0, lead_vehicle_id=None)
[ActionCommand]  속도(m/s): 1.26  |  조향(rad): 0.031
[ControlCmd]     스티어링(rad): 0.031  |  Throttle: 0.90  |  Brake: 0.00
========================================================

2025-06-05 19:53:14,621 - Modules.control_module - INFO - 
================= [프로세스 단일 흐름 요약] =================
[Perception]     PerceptionOutput(timestamp=251.822264569, detected_objects=[], lane_markings=[], drivable_area_mask=None, traffic_signs=[], semantic_segmentation_map=None, instance_segmentation_map=None, depth_map=None, optical_flow_map=None, scene_flow_map=None, raw_features_for_localization=None, white_line_hsv_metrics=WhiteLineHsvMetrics(timestamp=1749120794.605437, total_white_pixels=21486, left_ratio=0.06104508998435055, mid_ratio=0.17040786384976525, right_ratio=0.031091802959501556, is_detected=True), yellow_line_hsv_metrics=YellowLineHsvMetrics(timestamp=1749120794.6054444, area=490110.0, center_x=50, is_detected=True))
[Localization]   LocalizationInfo(timestamp=251.822264569, position=(9.399999999999999, 0, 0), orientation_quaternion=(1, 0, 0, 0), velocity_vector=(0, 0, 0), covariance_matrix='Sample Covariance')
[PlannedPath]    PlannedPath(timestamp=251.822264569, waypoints=[(10.399999999999999, 0), (11.399999999999999, 0), (12.399999999999999, 0), (13.399999999999999, 0), (14.399999999999999, 0)])
[Decision]       ManeuverDecision(timestamp=251.822264569, chosen_maneuver='LANE_KEEP', target_speed_kph=10.0, lead_vehicle_id=None)
[ActionCommand]  속도(m/s): 1.26  |  조향(rad): 0.031
[ControlCmd]     스티어링(rad): 0.031  |  Throttle: 0.90  |  Brake: 0.00
========================================================

2025-06-05 19:53:14,672 - Modules.control_module - INFO - 
================= [프로세스 단일 흐름 요약] =================
[Perception]     PerceptionOutput(timestamp=251.822264569, detected_objects=[], lane_markings=[], drivable_area_mask=None, traffic_signs=[], semantic_segmentation_map=None, instance_segmentation_map=None, depth_map=None, optical_flow_map=None, scene_flow_map=None, raw_features_for_localization=None, white_line_hsv_metrics=WhiteLineHsvMetrics(timestamp=1749120794.6549566, total_white_pixels=21486, left_ratio=0.06104508998435055, mid_ratio=0.17040786384976525, right_ratio=0.031091802959501556, is_detected=True), yellow_line_hsv_metrics=YellowLineHsvMetrics(timestamp=1749120794.6549633, area=490110.0, center_x=50, is_detected=True))
[Localization]   LocalizationInfo(timestamp=251.822264569, position=(9.45, 0, 0), orientation_quaternion=(1, 0, 0, 0), velocity_vector=(0, 0, 0), covariance_matrix='Sample Covariance')
[PlannedPath]    PlannedPath(timestamp=251.822264569, waypoints=[(10.45, 0), (11.45, 0), (12.45, 0), (13.45, 0), (14.45, 0)])
[Decision]       ManeuverDecision(timestamp=251.822264569, chosen_maneuver='LANE_KEEP', target_speed_kph=10.0, lead_vehicle_id=None)
[ActionCommand]  속도(m/s): 1.26  |  조향(rad): 0.031
[ControlCmd]     스티어링(rad): 0.031  |  Throttle: 0.90  |  Brake: 0.00
========================================================

2025-06-05 19:53:14,723 - Modules.control_module - INFO - 
================= [프로세스 단일 흐름 요약] =================
[Perception]     PerceptionOutput(timestamp=251.822264569, detected_objects=[], lane_markings=[], drivable_area_mask=None, traffic_signs=[], semantic_segmentation_map=None, instance_segmentation_map=None, depth_map=None, optical_flow_map=None, scene_flow_map=None, raw_features_for_localization=None, white_line_hsv_metrics=WhiteLineHsvMetrics(timestamp=1749120794.70484, total_white_pixels=21486, left_ratio=0.06104508998435055, mid_ratio=0.17040786384976525, right_ratio=0.031091802959501556, is_detected=True), yellow_line_hsv_metrics=YellowLineHsvMetrics(timestamp=1749120794.704848, area=490110.0, center_x=50, is_detected=True))
[Localization]   LocalizationInfo(timestamp=251.822264569, position=(9.5, 0, 0), orientation_quaternion=(1, 0, 0, 0), velocity_vector=(0, 0, 0), covariance_matrix='Sample Covariance')
[PlannedPath]    PlannedPath(timestamp=251.822264569, waypoints=[(10.5, 0), (11.5, 0), (12.5, 0), (13.5, 0), (14.5, 0)])
[Decision]       ManeuverDecision(timestamp=251.822264569, chosen_maneuver='LANE_KEEP', target_speed_kph=10.0, lead_vehicle_id=None)
[ActionCommand]  속도(m/s): 1.26  |  조향(rad): 0.031
[ControlCmd]     스티어링(rad): 0.031  |  Throttle: 0.90  |  Brake: 0.00
========================================================

2025-06-05 19:53:14,773 - Modules.control_module - INFO - 
================= [프로세스 단일 흐름 요약] =================
[Perception]     PerceptionOutput(timestamp=252.024755272, detected_objects=[], lane_markings=[], drivable_area_mask=None, traffic_signs=[], semantic_segmentation_map=None, instance_segmentation_map=None, depth_map=None, optical_flow_map=None, scene_flow_map=None, raw_features_for_localization=None, white_line_hsv_metrics=WhiteLineHsvMetrics(timestamp=1749120794.7552497, total_white_pixels=21492, left_ratio=0.06202318075117371, mid_ratio=0.17859937402190923, right_ratio=0.02203806464174455, is_detected=True), yellow_line_hsv_metrics=YellowLineHsvMetrics(timestamp=1749120794.7552567, area=317220.0, center_x=61, is_detected=True))
[Localization]   LocalizationInfo(timestamp=252.024755272, position=(9.55, 0, 0), orientation_quaternion=(1, 0, 0, 0), velocity_vector=(0.24692491684421283, 0, 0), covariance_matrix='Sample Covariance')
[PlannedPath]    PlannedPath(timestamp=252.024755272, waypoints=[(10.55, 0), (11.55, 0), (12.55, 0), (13.55, 0), (14.55, 0)])
[Decision]       ManeuverDecision(timestamp=252.024755272, chosen_maneuver='LANE_KEEP', target_speed_kph=10.0, lead_vehicle_id=None)
[ActionCommand]  속도(m/s): 1.26  |  조향(rad): 0.042
[ControlCmd]     스티어링(rad): 0.042  |  Throttle: 0.90  |  Brake: 0.00
========================================================

2025-06-05 19:53:14,814 - Modules.control_module - INFO - 
================= [프로세스 단일 흐름 요약] =================
[Perception]     PerceptionOutput(timestamp=252.024755272, detected_objects=[], lane_markings=[], drivable_area_mask=None, traffic_signs=[], semantic_segmentation_map=None, instance_segmentation_map=None, depth_map=None, optical_flow_map=None, scene_flow_map=None, raw_features_for_localization=None, white_line_hsv_metrics=WhiteLineHsvMetrics(timestamp=1749120794.804891, total_white_pixels=21492, left_ratio=0.06202318075117371, mid_ratio=0.17859937402190923, right_ratio=0.02203806464174455, is_detected=True), yellow_line_hsv_metrics=YellowLineHsvMetrics(timestamp=1749120794.804898, area=317220.0, center_x=61, is_detected=True))
[Localization]   LocalizationInfo(timestamp=252.024755272, position=(9.600000000000001, 0, 0), orientation_quaternion=(1, 0, 0, 0), velocity_vector=(0, 0, 0), covariance_matrix='Sample Covariance')
[PlannedPath]    PlannedPath(timestamp=252.024755272, waypoints=[(10.600000000000001, 0), (11.600000000000001, 0), (12.600000000000001, 0), (13.600000000000001, 0), (14.600000000000001, 0)])
[Decision]       ManeuverDecision(timestamp=252.024755272, chosen_maneuver='LANE_KEEP', target_speed_kph=10.0, lead_vehicle_id=None)
[ActionCommand]  속도(m/s): 1.26  |  조향(rad): 0.042
[ControlCmd]     스티어링(rad): 0.042  |  Throttle: 0.90  |  Brake: 0.00
========================================================

2025-06-05 19:53:14,865 - Modules.control_module - INFO - 
================= [프로세스 단일 흐름 요약] =================
[Perception]     PerceptionOutput(timestamp=252.024755272, detected_objects=[], lane_markings=[], drivable_area_mask=None, traffic_signs=[], semantic_segmentation_map=None, instance_segmentation_map=None, depth_map=None, optical_flow_map=None, scene_flow_map=None, raw_features_for_localization=None, white_line_hsv_metrics=WhiteLineHsvMetrics(timestamp=1749120794.854384, total_white_pixels=21492, left_ratio=0.06202318075117371, mid_ratio=0.17859937402190923, right_ratio=0.02203806464174455, is_detected=True), yellow_line_hsv_metrics=YellowLineHsvMetrics(timestamp=1749120794.854391, area=317220.0, center_x=61, is_detected=True))
[Localization]   LocalizationInfo(timestamp=252.024755272, position=(9.650000000000002, 0, 0), orientation_quaternion=(1, 0, 0, 0), velocity_vector=(0, 0, 0), covariance_matrix='Sample Covariance')
[PlannedPath]    PlannedPath(timestamp=252.024755272, waypoints=[(10.650000000000002, 0), (11.650000000000002, 0), (12.650000000000002, 0), (13.650000000000002, 0), (14.650000000000002, 0)])
[Decision]       ManeuverDecision(timestamp=252.024755272, chosen_maneuver='LANE_KEEP', target_speed_kph=10.0, lead_vehicle_id=None)
[ActionCommand]  속도(m/s): 1.26  |  조향(rad): 0.042
[ControlCmd]     스티어링(rad): 0.042  |  Throttle: 0.90  |  Brake: 0.00
========================================================

2025-06-05 19:53:14,916 - Modules.control_module - INFO - 
================= [프로세스 단일 흐름 요약] =================
[Perception]     PerceptionOutput(timestamp=252.024755272, detected_objects=[], lane_markings=[], drivable_area_mask=None, traffic_signs=[], semantic_segmentation_map=None, instance_segmentation_map=None, depth_map=None, optical_flow_map=None, scene_flow_map=None, raw_features_for_localization=None, white_line_hsv_metrics=WhiteLineHsvMetrics(timestamp=1749120794.9043021, total_white_pixels=21492, left_ratio=0.06202318075117371, mid_ratio=0.17859937402190923, right_ratio=0.02203806464174455, is_detected=True), yellow_line_hsv_metrics=YellowLineHsvMetrics(timestamp=1749120794.90431, area=317220.0, center_x=61, is_detected=True))
[Localization]   LocalizationInfo(timestamp=252.024755272, position=(9.700000000000003, 0, 0), orientation_quaternion=(1, 0, 0, 0), velocity_vector=(0, 0, 0), covariance_matrix='Sample Covariance')
[PlannedPath]    PlannedPath(timestamp=252.024755272, waypoints=[(10.700000000000003, 0), (11.700000000000003, 0), (12.700000000000003, 0), (13.700000000000003, 0), (14.700000000000003, 0)])
[Decision]       ManeuverDecision(timestamp=252.024755272, chosen_maneuver='LANE_KEEP', target_speed_kph=10.0, lead_vehicle_id=None)
[ActionCommand]  속도(m/s): 1.26  |  조향(rad): 0.042
[ControlCmd]     스티어링(rad): 0.042  |  Throttle: 0.90  |  Brake: 0.00
========================================================

2025-06-05 19:53:15,028 - Modules.control_module - INFO - 
================= [프로세스 단일 흐름 요약] =================
[Perception]     PerceptionOutput(timestamp=252.228616872, detected_objects=[], lane_markings=[], drivable_area_mask=None, traffic_signs=[], semantic_segmentation_map=None, instance_segmentation_map=None, depth_map=None, optical_flow_map=None, scene_flow_map=None, raw_features_for_localization=None, white_line_hsv_metrics=WhiteLineHsvMetrics(timestamp=1749120795.008258, total_white_pixels=21449, left_ratio=0.0641383020344288, mid_ratio=0.17598298122065728, right_ratio=0.022013726635514017, is_detected=True), yellow_line_hsv_metrics=YellowLineHsvMetrics(timestamp=1749120795.0082684, area=246075.0, center_x=70, is_detected=True))
[Localization]   LocalizationInfo(timestamp=252.228616872, position=(9.800000000000004, 0, 0), orientation_quaternion=(1, 0, 0, 0), velocity_vector=(0.24526443430247505, 0, 0), covariance_matrix='Sample Covariance')
[PlannedPath]    PlannedPath(timestamp=252.228616872, waypoints=[(10.800000000000004, 0), (11.800000000000004, 0), (12.800000000000004, 0), (13.800000000000004, 0), (14.800000000000004, 0)])
[Decision]       ManeuverDecision(timestamp=252.228616872, chosen_maneuver='LANE_KEEP', target_speed_kph=10.0, lead_vehicle_id=None)
[ActionCommand]  속도(m/s): 1.26  |  조향(rad): 0.044
[ControlCmd]     스티어링(rad): 0.044  |  Throttle: 0.90  |  Brake: 0.00
========================================================

2025-06-05 19:53:15,069 - Modules.control_module - INFO - 
================= [프로세스 단일 흐름 요약] =================
[Perception]     PerceptionOutput(timestamp=252.329792573, detected_objects=[], lane_markings=[], drivable_area_mask=None, traffic_signs=[], semantic_segmentation_map=None, instance_segmentation_map=None, depth_map=None, optical_flow_map=None, scene_flow_map=None, raw_features_for_localization=None, white_line_hsv_metrics=WhiteLineHsvMetrics(timestamp=1749120795.0508006, total_white_pixels=21430, left_ratio=0.06751271517996871, mid_ratio=0.17235181924882628, right_ratio=0.02203806464174455, is_detected=True), yellow_line_hsv_metrics=YellowLineHsvMetrics(timestamp=1749120795.05081, area=285600.0, center_x=57, is_detected=True))
[Localization]   LocalizationInfo(timestamp=252.329792573, position=(9.850000000000005, 0, 0), orientation_quaternion=(1, 0, 0, 0), velocity_vector=(0.49418980551472325, 0, 0), covariance_matrix='Sample Covariance')
[PlannedPath]    PlannedPath(timestamp=252.329792573, waypoints=[(10.850000000000005, 0), (11.850000000000005, 0), (12.850000000000005, 0), (13.850000000000005, 0), (14.850000000000005, 0)])
[Decision]       ManeuverDecision(timestamp=252.329792573, chosen_maneuver='LANE_KEEP', target_speed_kph=10.0, lead_vehicle_id=None)
[ActionCommand]  속도(m/s): 1.26  |  조향(rad): 0.048
[ControlCmd]     스티어링(rad): 0.048  |  Throttle: 0.90  |  Brake: 0.00
========================================================

2025-06-05 19:53:15,120 - Modules.control_module - INFO - 
================= [프로세스 단일 흐름 요약] =================
[Perception]     PerceptionOutput(timestamp=252.329792573, detected_objects=[], lane_markings=[], drivable_area_mask=None, traffic_signs=[], semantic_segmentation_map=None, instance_segmentation_map=None, depth_map=None, optical_flow_map=None, scene_flow_map=None, raw_features_for_localization=None, white_line_hsv_metrics=WhiteLineHsvMetrics(timestamp=1749120795.1030214, total_white_pixels=21430, left_ratio=0.06751271517996871, mid_ratio=0.17235181924882628, right_ratio=0.02203806464174455, is_detected=True), yellow_line_hsv_metrics=YellowLineHsvMetrics(timestamp=1749120795.103029, area=285600.0, center_x=57, is_detected=True))
[Localization]   LocalizationInfo(timestamp=252.329792573, position=(9.900000000000006, 0, 0), orientation_quaternion=(1, 0, 0, 0), velocity_vector=(0, 0, 0), covariance_matrix='Sample Covariance')
[PlannedPath]    PlannedPath(timestamp=252.329792573, waypoints=[(10.900000000000006, 0), (11.900000000000006, 0), (12.900000000000006, 0), (13.900000000000006, 0), (14.900000000000006, 0)])
[Decision]       ManeuverDecision(timestamp=252.329792573, chosen_maneuver='LANE_KEEP', target_speed_kph=10.0, lead_vehicle_id=None)
[ActionCommand]  속도(m/s): 1.26  |  조향(rad): 0.048
[ControlCmd]     스티어링(rad): 0.048  |  Throttle: 0.90  |  Brake: 0.00
========================================================

2025-06-05 19:53:15,170 - Modules.control_module - INFO - 
================= [프로세스 단일 흐름 요약] =================
[Perception]     PerceptionOutput(timestamp=252.329792573, detected_objects=[], lane_markings=[], drivable_area_mask=None, traffic_signs=[], semantic_segmentation_map=None, instance_segmentation_map=None, depth_map=None, optical_flow_map=None, scene_flow_map=None, raw_features_for_localization=None, white_line_hsv_metrics=WhiteLineHsvMetrics(timestamp=1749120795.1542225, total_white_pixels=21430, left_ratio=0.06751271517996871, mid_ratio=0.17235181924882628, right_ratio=0.02203806464174455, is_detected=True), yellow_line_hsv_metrics=YellowLineHsvMetrics(timestamp=1749120795.154232, area=285600.0, center_x=57, is_detected=True))
[Localization]   LocalizationInfo(timestamp=252.329792573, position=(9.950000000000006, 0, 0), orientation_quaternion=(1, 0, 0, 0), velocity_vector=(0, 0, 0), covariance_matrix='Sample Covariance')
[PlannedPath]    PlannedPath(timestamp=252.329792573, waypoints=[(10.950000000000006, 0), (11.950000000000006, 0), (12.950000000000006, 0), (13.950000000000006, 0), (14.950000000000006, 0)])
[Decision]       ManeuverDecision(timestamp=252.329792573, chosen_maneuver='LANE_KEEP', target_speed_kph=10.0, lead_vehicle_id=None)
[ActionCommand]  속도(m/s): 1.26  |  조향(rad): 0.048
[ControlCmd]     스티어링(rad): 0.048  |  Throttle: 0.90  |  Brake: 0.00
========================================================

2025-06-05 19:53:15,222 - Modules.control_module - INFO - 
================= [프로세스 단일 흐름 요약] =================
[Perception]     PerceptionOutput(timestamp=252.460630874, detected_objects=[], lane_markings=[], drivable_area_mask=None, traffic_signs=[], semantic_segmentation_map=None, instance_segmentation_map=None, depth_map=None, optical_flow_map=None, scene_flow_map=None, raw_features_for_localization=None, white_line_hsv_metrics=WhiteLineHsvMetrics(timestamp=1749120795.2059863, total_white_pixels=21427, left_ratio=0.073564651799687, mid_ratio=0.16621429968701096, right_ratio=0.022086740654205607, is_detected=True), yellow_line_hsv_metrics=YellowLineHsvMetrics(timestamp=1749120795.2059948, area=282795.0, center_x=49, is_detected=True))
[Localization]   LocalizationInfo(timestamp=252.460630874, position=(10.000000000000007, 0, 0), orientation_quaternion=(1, 0, 0, 0), velocity_vector=(0.38215109503749717, 0, 0), covariance_matrix='Sample Covariance')
[PlannedPath]    PlannedPath(timestamp=252.460630874, waypoints=[(11.000000000000007, 0), (12.000000000000007, 0), (13.000000000000007, 0), (14.000000000000007, 0), (15.000000000000007, 0)])
[Decision]       ManeuverDecision(timestamp=252.460630874, chosen_maneuver='LANE_KEEP', target_speed_kph=10.0, lead_vehicle_id=None)
[ActionCommand]  속도(m/s): 0.70  |  조향(rad): 0.222
[ControlCmd]     스티어링(rad): 0.222  |  Throttle: 0.50  |  Brake: 0.00
========================================================

2025-06-05 19:53:15,272 - Modules.control_module - INFO - 
================= [프로세스 단일 흐름 요약] =================
[Perception]     PerceptionOutput(timestamp=252.460630874, detected_objects=[], lane_markings=[], drivable_area_mask=None, traffic_signs=[], semantic_segmentation_map=None, instance_segmentation_map=None, depth_map=None, optical_flow_map=None, scene_flow_map=None, raw_features_for_localization=None, white_line_hsv_metrics=WhiteLineHsvMetrics(timestamp=1749120795.257528, total_white_pixels=21427, left_ratio=0.073564651799687, mid_ratio=0.16621429968701096, right_ratio=0.022086740654205607, is_detected=True), yellow_line_hsv_metrics=YellowLineHsvMetrics(timestamp=1749120795.2575345, area=282795.0, center_x=49, is_detected=True))
[Localization]   LocalizationInfo(timestamp=252.460630874, position=(10.050000000000008, 0, 0), orientation_quaternion=(1, 0, 0, 0), velocity_vector=(0, 0, 0), covariance_matrix='Sample Covariance')
[PlannedPath]    PlannedPath(timestamp=252.460630874, waypoints=[(11.050000000000008, 0), (12.050000000000008, 0), (13.050000000000008, 0), (14.050000000000008, 0), (15.050000000000008, 0)])
[Decision]       ManeuverDecision(timestamp=252.460630874, chosen_maneuver='LANE_KEEP', target_speed_kph=10.0, lead_vehicle_id=None)
[ActionCommand]  속도(m/s): 0.70  |  조향(rad): 0.316
[ControlCmd]     스티어링(rad): 0.316  |  Throttle: 0.50  |  Brake: 0.00
========================================================

2025-06-05 19:53:15,323 - Modules.control_module - INFO - 
================= [프로세스 단일 흐름 요약] =================
[Perception]     PerceptionOutput(timestamp=252.460630874, detected_objects=[], lane_markings=[], drivable_area_mask=None, traffic_signs=[], semantic_segmentation_map=None, instance_segmentation_map=None, depth_map=None, optical_flow_map=None, scene_flow_map=None, raw_features_for_localization=None, white_line_hsv_metrics=WhiteLineHsvMetrics(timestamp=1749120795.3070664, total_white_pixels=21427, left_ratio=0.073564651799687, mid_ratio=0.16621429968701096, right_ratio=0.022086740654205607, is_detected=True), yellow_line_hsv_metrics=YellowLineHsvMetrics(timestamp=1749120795.307073, area=282795.0, center_x=49, is_detected=True))
[Localization]   LocalizationInfo(timestamp=252.460630874, position=(10.100000000000009, 0, 0), orientation_quaternion=(1, 0, 0, 0), velocity_vector=(0, 0, 0), covariance_matrix='Sample Covariance')
[PlannedPath]    PlannedPath(timestamp=252.460630874, waypoints=[(11.100000000000009, 0), (12.100000000000009, 0), (13.100000000000009, 0), (14.100000000000009, 0), (15.100000000000009, 0)])
[Decision]       ManeuverDecision(timestamp=252.460630874, chosen_maneuver='LANE_KEEP', target_speed_kph=10.0, lead_vehicle_id=None)
[ActionCommand]  속도(m/s): 0.70  |  조향(rad): 0.316
[ControlCmd]     스티어링(rad): 0.316  |  Throttle: 0.50  |  Brake: 0.00
========================================================

2025-06-05 19:53:15,374 - Modules.control_module - INFO - 
================= [프로세스 단일 흐름 요약] =================
[Perception]     PerceptionOutput(timestamp=252.669437273, detected_objects=[], lane_markings=[], drivable_area_mask=None, traffic_signs=[], semantic_segmentation_map=None, instance_segmentation_map=None, depth_map=None, optical_flow_map=None, scene_flow_map=None, raw_features_for_localization=None, white_line_hsv_metrics=WhiteLineHsvMetrics(timestamp=1749120795.3578024, total_white_pixels=21290, left_ratio=0.13799638106416276, mid_ratio=0.10010758998435054, right_ratio=0.022086740654205607, is_detected=True), yellow_line_hsv_metrics=YellowLineHsvMetrics(timestamp=1749120795.3578088, area=189210.0, center_x=57, is_detected=True))
[Localization]   LocalizationInfo(timestamp=252.669437273, position=(10.15000000000001, 0, 0), orientation_quaternion=(1, 0, 0, 0), velocity_vector=(0.23945626302382048, 0, 0), covariance_matrix='Sample Covariance')
[PlannedPath]    PlannedPath(timestamp=252.669437273, waypoints=[(11.15000000000001, 0), (12.15000000000001, 0), (13.15000000000001, 0), (14.15000000000001, 0), (15.15000000000001, 0)])
[Decision]       ManeuverDecision(timestamp=252.669437273, chosen_maneuver='LANE_KEEP', target_speed_kph=10.0, lead_vehicle_id=None)
[ActionCommand]  속도(m/s): 0.70  |  조향(rad): 0.383
[ControlCmd]     스티어링(rad): 0.383  |  Throttle: 0.50  |  Brake: 0.00
========================================================

2025-06-05 19:53:15,425 - Modules.control_module - INFO - 
================= [프로세스 단일 흐름 요약] =================
[Perception]     PerceptionOutput(timestamp=252.669437273, detected_objects=[], lane_markings=[], drivable_area_mask=None, traffic_signs=[], semantic_segmentation_map=None, instance_segmentation_map=None, depth_map=None, optical_flow_map=None, scene_flow_map=None, raw_features_for_localization=None, white_line_hsv_metrics=WhiteLineHsvMetrics(timestamp=1749120795.4073188, total_white_pixels=21290, left_ratio=0.13799638106416276, mid_ratio=0.10010758998435054, right_ratio=0.022086740654205607, is_detected=True), yellow_line_hsv_metrics=YellowLineHsvMetrics(timestamp=1749120795.4073253, area=189210.0, center_x=57, is_detected=True))
[Localization]   LocalizationInfo(timestamp=252.669437273, position=(10.20000000000001, 0, 0), orientation_quaternion=(1, 0, 0, 0), velocity_vector=(0, 0, 0), covariance_matrix='Sample Covariance')
[PlannedPath]    PlannedPath(timestamp=252.669437273, waypoints=[(11.20000000000001, 0), (12.20000000000001, 0), (13.20000000000001, 0), (14.20000000000001, 0), (15.20000000000001, 0)])
[Decision]       ManeuverDecision(timestamp=252.669437273, chosen_maneuver='LANE_KEEP', target_speed_kph=10.0, lead_vehicle_id=None)
[ActionCommand]  속도(m/s): 0.70  |  조향(rad): 0.383
[ControlCmd]     스티어링(rad): 0.383  |  Throttle: 0.50  |  Brake: 0.00
========================================================

2025-06-05 19:53:15,476 - Modules.control_module - INFO - 
================= [프로세스 단일 흐름 요약] =================
[Perception]     PerceptionOutput(timestamp=252.669437273, detected_objects=[], lane_markings=[], drivable_area_mask=None, traffic_signs=[], semantic_segmentation_map=None, instance_segmentation_map=None, depth_map=None, optical_flow_map=None, scene_flow_map=None, raw_features_for_localization=None, white_line_hsv_metrics=WhiteLineHsvMetrics(timestamp=1749120795.4576378, total_white_pixels=21290, left_ratio=0.13799638106416276, mid_ratio=0.10010758998435054, right_ratio=0.022086740654205607, is_detected=True), yellow_line_hsv_metrics=YellowLineHsvMetrics(timestamp=1749120795.4576435, area=189210.0, center_x=57, is_detected=True))
[Localization]   LocalizationInfo(timestamp=252.669437273, position=(10.25000000000001, 0, 0), orientation_quaternion=(1, 0, 0, 0), velocity_vector=(0, 0, 0), covariance_matrix='Sample Covariance')
[PlannedPath]    PlannedPath(timestamp=252.669437273, waypoints=[(11.25000000000001, 0), (12.25000000000001, 0), (13.25000000000001, 0), (14.25000000000001, 0), (15.25000000000001, 0)])
[Decision]       ManeuverDecision(timestamp=252.669437273, chosen_maneuver='LANE_KEEP', target_speed_kph=10.0, lead_vehicle_id=None)
[ActionCommand]  속도(m/s): 0.70  |  조향(rad): 0.383
[ControlCmd]     스티어링(rad): 0.383  |  Throttle: 0.50  |  Brake: 0.00
========================================================

2025-06-05 19:53:15,527 - Modules.control_module - INFO - 
================= [프로세스 단일 흐름 요약] =================
[Perception]     PerceptionOutput(timestamp=252.669437273, detected_objects=[], lane_markings=[], drivable_area_mask=None, traffic_signs=[], semantic_segmentation_map=None, instance_segmentation_map=None, depth_map=None, optical_flow_map=None, scene_flow_map=None, raw_features_for_localization=None, white_line_hsv_metrics=WhiteLineHsvMetrics(timestamp=1749120795.507359, total_white_pixels=21290, left_ratio=0.13799638106416276, mid_ratio=0.10010758998435054, right_ratio=0.022086740654205607, is_detected=True), yellow_line_hsv_metrics=YellowLineHsvMetrics(timestamp=1749120795.5073657, area=189210.0, center_x=57, is_detected=True))
[Localization]   LocalizationInfo(timestamp=252.669437273, position=(10.300000000000011, 0, 0), orientation_quaternion=(1, 0, 0, 0), velocity_vector=(0, 0, 0), covariance_matrix='Sample Covariance')
[PlannedPath]    PlannedPath(timestamp=252.669437273, waypoints=[(11.300000000000011, 0), (12.300000000000011, 0), (13.300000000000011, 0), (14.300000000000011, 0), (15.300000000000011, 0)])
[Decision]       ManeuverDecision(timestamp=252.669437273, chosen_maneuver='LANE_KEEP', target_speed_kph=10.0, lead_vehicle_id=None)
[ActionCommand]  속도(m/s): 0.70  |  조향(rad): 0.383
[ControlCmd]     스티어링(rad): 0.383  |  Throttle: 0.50  |  Brake: 0.00
========================================================

2025-06-05 19:53:15,578 - Modules.control_module - INFO - 
================= [프로세스 단일 흐름 요약] =================
[Perception]     PerceptionOutput(timestamp=252.865466673, detected_objects=[], lane_markings=[], drivable_area_mask=None, traffic_signs=[], semantic_segmentation_map=None, instance_segmentation_map=None, depth_map=None, optical_flow_map=None, scene_flow_map=None, raw_features_for_localization=None, white_line_hsv_metrics=WhiteLineHsvMetrics(timestamp=1749120795.5586681, total_white_pixels=21147, left_ratio=0.19829567683881064, mid_ratio=0.03792546948356808, right_ratio=0.022220599688473522, is_detected=True), yellow_line_hsv_metrics=YellowLineHsvMetrics(timestamp=1749120795.558676, area=141270.0, center_x=63, is_detected=True))
[Localization]   LocalizationInfo(timestamp=252.865466673, position=(10.350000000000012, 0, 0), orientation_quaternion=(1, 0, 0, 0), velocity_vector=(0.2550637812491571, 0, 0), covariance_matrix='Sample Covariance')
[PlannedPath]    PlannedPath(timestamp=252.865466673, waypoints=[(11.350000000000012, 0), (12.350000000000012, 0), (13.350000000000012, 0), (14.350000000000012, 0), (15.350000000000012, 0)])
[Decision]       ManeuverDecision(timestamp=252.865466673, chosen_maneuver='LANE_KEEP', target_speed_kph=10.0, lead_vehicle_id=None)
[ActionCommand]  속도(m/s): 0.70  |  조향(rad): 0.446
[ControlCmd]     스티어링(rad): 0.446  |  Throttle: 0.50  |  Brake: 0.00
========================================================

2025-06-05 19:53:15,629 - Modules.control_module - INFO - 
================= [프로세스 단일 흐름 요약] =================
[Perception]     PerceptionOutput(timestamp=252.865466673, detected_objects=[], lane_markings=[], drivable_area_mask=None, traffic_signs=[], semantic_segmentation_map=None, instance_segmentation_map=None, depth_map=None, optical_flow_map=None, scene_flow_map=None, raw_features_for_localization=None, white_line_hsv_metrics=WhiteLineHsvMetrics(timestamp=1749120795.6099262, total_white_pixels=21147, left_ratio=0.19829567683881064, mid_ratio=0.03792546948356808, right_ratio=0.022220599688473522, is_detected=True), yellow_line_hsv_metrics=YellowLineHsvMetrics(timestamp=1749120795.6099355, area=141270.0, center_x=63, is_detected=True))
[Localization]   LocalizationInfo(timestamp=252.865466673, position=(10.400000000000013, 0, 0), orientation_quaternion=(1, 0, 0, 0), velocity_vector=(0, 0, 0), covariance_matrix='Sample Covariance')
[PlannedPath]    PlannedPath(timestamp=252.865466673, waypoints=[(11.400000000000013, 0), (12.400000000000013, 0), (13.400000000000013, 0), (14.400000000000013, 0), (15.400000000000013, 0)])
[Decision]       ManeuverDecision(timestamp=252.865466673, chosen_maneuver='LANE_KEEP', target_speed_kph=10.0, lead_vehicle_id=None)
[ActionCommand]  속도(m/s): 0.70  |  조향(rad): 0.446
[ControlCmd]     스티어링(rad): 0.446  |  Throttle: 0.50  |  Brake: 0.00
========================================================

2025-06-05 19:53:15,974 - Modules.control_module - INFO - 
================= [프로세스 단일 흐름 요약] =================
[Perception]     PerceptionOutput(timestamp=253.247518672, detected_objects=[], lane_markings=[], drivable_area_mask=None, traffic_signs=[], semantic_segmentation_map=None, instance_segmentation_map=None, depth_map=None, optical_flow_map=None, scene_flow_map=None, raw_features_for_localization=None, white_line_hsv_metrics=WhiteLineHsvMetrics(timestamp=1749120795.9602823, total_white_pixels=20856, left_ratio=0.20833333333333334, mid_ratio=0.023718701095461658, right_ratio=0.02282904984423676, is_detected=True), yellow_line_hsv_metrics=YellowLineHsvMetrics(timestamp=1749120795.960289, area=119850.0, center_x=42, is_detected=True))
[Localization]   LocalizationInfo(timestamp=253.247518672, position=(10.750000000000018, 0, 0), orientation_quaternion=(1, 0, 0, 0), velocity_vector=(0.2705337862638482, 0, 0), covariance_matrix='Sample Covariance')
[PlannedPath]    PlannedPath(timestamp=253.247518672, waypoints=[(11.750000000000018, 0), (12.750000000000018, 0), (13.750000000000018, 0), (14.750000000000018, 0), (15.750000000000018, 0)])
[Decision]       ManeuverDecision(timestamp=253.247518672, chosen_maneuver='LANE_KEEP', target_speed_kph=10.0, lead_vehicle_id=None)
[ActionCommand]  속도(m/s): 0.70  |  조향(rad): 0.456
[ControlCmd]     스티어링(rad): 0.456  |  Throttle: 0.50  |  Brake: 0.00
========================================================

2025-06-05 19:53:16,025 - Modules.control_module - INFO - 
================= [프로세스 단일 흐름 요약] =================
[Perception]     PerceptionOutput(timestamp=253.247518672, detected_objects=[], lane_markings=[], drivable_area_mask=None, traffic_signs=[], semantic_segmentation_map=None, instance_segmentation_map=None, depth_map=None, optical_flow_map=None, scene_flow_map=None, raw_features_for_localization=None, white_line_hsv_metrics=WhiteLineHsvMetrics(timestamp=1749120796.0098941, total_white_pixels=20856, left_ratio=0.20833333333333334, mid_ratio=0.023718701095461658, right_ratio=0.02282904984423676, is_detected=True), yellow_line_hsv_metrics=YellowLineHsvMetrics(timestamp=1749120796.009901, area=119850.0, center_x=42, is_detected=True))
[Localization]   LocalizationInfo(timestamp=253.247518672, position=(10.800000000000018, 0, 0), orientation_quaternion=(1, 0, 0, 0), velocity_vector=(0, 0, 0), covariance_matrix='Sample Covariance')
[PlannedPath]    PlannedPath(timestamp=253.247518672, waypoints=[(11.800000000000018, 0), (12.800000000000018, 0), (13.800000000000018, 0), (14.800000000000018, 0), (15.800000000000018, 0)])
[Decision]       ManeuverDecision(timestamp=253.247518672, chosen_maneuver='LANE_KEEP', target_speed_kph=10.0, lead_vehicle_id=None)
[ActionCommand]  속도(m/s): 0.70  |  조향(rad): 0.456
[ControlCmd]     스티어링(rad): 0.456  |  Throttle: 0.50  |  Brake: 0.00
========================================================

2025-06-05 19:53:16,076 - Modules.control_module - INFO - 
================= [프로세스 단일 흐름 요약] =================
[Perception]     PerceptionOutput(timestamp=253.247518672, detected_objects=[], lane_markings=[], drivable_area_mask=None, traffic_signs=[], semantic_segmentation_map=None, instance_segmentation_map=None, depth_map=None, optical_flow_map=None, scene_flow_map=None, raw_features_for_localization=None, white_line_hsv_metrics=WhiteLineHsvMetrics(timestamp=1749120796.0599008, total_white_pixels=20856, left_ratio=0.20833333333333334, mid_ratio=0.023718701095461658, right_ratio=0.02282904984423676, is_detected=True), yellow_line_hsv_metrics=YellowLineHsvMetrics(timestamp=1749120796.0599082, area=119850.0, center_x=42, is_detected=True))
[Localization]   LocalizationInfo(timestamp=253.247518672, position=(10.85000000000002, 0, 0), orientation_quaternion=(1, 0, 0, 0), velocity_vector=(0, 0, 0), covariance_matrix='Sample Covariance')
[PlannedPath]    PlannedPath(timestamp=253.247518672, waypoints=[(11.85000000000002, 0), (12.85000000000002, 0), (13.85000000000002, 0), (14.85000000000002, 0), (15.85000000000002, 0)])
[Decision]       ManeuverDecision(timestamp=253.247518672, chosen_maneuver='LANE_KEEP', target_speed_kph=10.0, lead_vehicle_id=None)
[ActionCommand]  속도(m/s): 0.70  |  조향(rad): 0.456
[ControlCmd]     스티어링(rad): 0.456  |  Throttle: 0.50  |  Brake: 0.00
========================================================

2025-06-05 19:53:16,127 - Modules.control_module - INFO - 
================= [프로세스 단일 흐름 요약] =================
[Perception]     PerceptionOutput(timestamp=253.247518672, detected_objects=[], lane_markings=[], drivable_area_mask=None, traffic_signs=[], semantic_segmentation_map=None, instance_segmentation_map=None, depth_map=None, optical_flow_map=None, scene_flow_map=None, raw_features_for_localization=None, white_line_hsv_metrics=WhiteLineHsvMetrics(timestamp=1749120796.1105351, total_white_pixels=20856, left_ratio=0.20833333333333334, mid_ratio=0.023718701095461658, right_ratio=0.02282904984423676, is_detected=True), yellow_line_hsv_metrics=YellowLineHsvMetrics(timestamp=1749120796.1105423, area=119850.0, center_x=42, is_detected=True))
[Localization]   LocalizationInfo(timestamp=253.247518672, position=(10.90000000000002, 0, 0), orientation_quaternion=(1, 0, 0, 0), velocity_vector=(0, 0, 0), covariance_matrix='Sample Covariance')
[PlannedPath]    PlannedPath(timestamp=253.247518672, waypoints=[(11.90000000000002, 0), (12.90000000000002, 0), (13.90000000000002, 0), (14.90000000000002, 0), (15.90000000000002, 0)])
[Decision]       ManeuverDecision(timestamp=253.247518672, chosen_maneuver='LANE_KEEP', target_speed_kph=10.0, lead_vehicle_id=None)
[ActionCommand]  속도(m/s): 0.70  |  조향(rad): 0.456
[ControlCmd]     스티어링(rad): 0.456  |  Throttle: 0.50  |  Brake: 0.00
========================================================

2025-06-05 19:53:16,533 - Modules.control_module - INFO - 
================= [프로세스 단일 흐름 요약] =================
[Perception]     PerceptionOutput(timestamp=253.65387957, detected_objects=[], lane_markings=[], drivable_area_mask=None, traffic_signs=[], semantic_segmentation_map=None, instance_segmentation_map=None, depth_map=None, optical_flow_map=None, scene_flow_map=None, raw_features_for_localization=None, white_line_hsv_metrics=WhiteLineHsvMetrics(timestamp=1749120796.5121317, total_white_pixels=18172, left_ratio=0.17694884585289514, mid_ratio=0.021725841158059468, right_ratio=0.023388823987538943, is_detected=True), yellow_line_hsv_metrics=YellowLineHsvMetrics(timestamp=1749120796.51214, area=50235.0, center_x=32, is_detected=True))
[Localization]   LocalizationInfo(timestamp=253.65387957, position=(11.300000000000026, 0, 0), orientation_quaternion=(1, 0, 0, 0), velocity_vector=(0, 0, 0), covariance_matrix='Sample Covariance')
[PlannedPath]    PlannedPath(timestamp=253.65387957, waypoints=[(12.300000000000026, 0), (13.300000000000026, 0), (14.300000000000026, 0), (15.300000000000026, 0), (16.300000000000026, 0)])
[Decision]       ManeuverDecision(timestamp=253.65387957, chosen_maneuver='LANE_KEEP', target_speed_kph=10.0, lead_vehicle_id=None)
[ActionCommand]  속도(m/s): 0.70  |  조향(rad): 0.423
[ControlCmd]     스티어링(rad): 0.423  |  Throttle: 0.50  |  Brake: 0.00
========================================================

2025-06-05 19:53:16,625 - Modules.control_module - INFO - 
================= [프로세스 단일 흐름 요약] =================
[Perception]     PerceptionOutput(timestamp=253.862698568, detected_objects=[], lane_markings=[], drivable_area_mask=None, traffic_signs=[], semantic_segmentation_map=None, instance_segmentation_map=None, depth_map=None, optical_flow_map=None, scene_flow_map=None, raw_features_for_localization=None, white_line_hsv_metrics=WhiteLineHsvMetrics(timestamp=1749120796.61048, total_white_pixels=14021, left_ratio=0.12655271909233176, mid_ratio=0.021077856025039123, right_ratio=0.023680880062305294, is_detected=True), yellow_line_hsv_metrics=YellowLineHsvMetrics(timestamp=1749120796.610489, area=31365.0, center_x=18, is_detected=True))
[Localization]   LocalizationInfo(timestamp=253.862698568, position=(11.400000000000027, 0, 0), orientation_quaternion=(1, 0, 0, 0), velocity_vector=(0, 0, 0), covariance_matrix='Sample Covariance')
[PlannedPath]    PlannedPath(timestamp=253.862698568, waypoints=[(12.400000000000027, 0), (13.400000000000027, 0), (14.400000000000027, 0), (15.400000000000027, 0), (16.400000000000027, 0)])
[Decision]       ManeuverDecision(timestamp=253.862698568, chosen_maneuver='LANE_KEEP', target_speed_kph=10.0, lead_vehicle_id=None)
[ActionCommand]  속도(m/s): 0.70  |  조향(rad): 0.370
[ControlCmd]     스티어링(rad): 0.370  |  Throttle: 0.50  |  Brake: 0.00
========================================================

2025-06-05 19:53:16,676 - Modules.control_module - INFO - 
================= [프로세스 단일 흐름 요약] =================
[Perception]     PerceptionOutput(timestamp=253.862698568, detected_objects=[], lane_markings=[], drivable_area_mask=None, traffic_signs=[], semantic_segmentation_map=None, instance_segmentation_map=None, depth_map=None, optical_flow_map=None, scene_flow_map=None, raw_features_for_localization=None, white_line_hsv_metrics=WhiteLineHsvMetrics(timestamp=1749120796.6608117, total_white_pixels=14021, left_ratio=0.12655271909233176, mid_ratio=0.021077856025039123, right_ratio=0.023680880062305294, is_detected=True), yellow_line_hsv_metrics=YellowLineHsvMetrics(timestamp=1749120796.6608174, area=31365.0, center_x=18, is_detected=True))
[Localization]   LocalizationInfo(timestamp=253.862698568, position=(11.450000000000028, 0, 0), orientation_quaternion=(1, 0, 0, 0), velocity_vector=(0, 0, 0), covariance_matrix='Sample Covariance')
[PlannedPath]    PlannedPath(timestamp=253.862698568, waypoints=[(12.450000000000028, 0), (13.450000000000028, 0), (14.450000000000028, 0), (15.450000000000028, 0), (16.450000000000028, 0)])
[Decision]       ManeuverDecision(timestamp=253.862698568, chosen_maneuver='LANE_KEEP', target_speed_kph=10.0, lead_vehicle_id=None)
[ActionCommand]  속도(m/s): 0.70  |  조향(rad): 0.370
[ControlCmd]     스티어링(rad): 0.370  |  Throttle: 0.50  |  Brake: 0.00
========================================================

2025-06-05 19:53:16,727 - Modules.control_module - INFO - 
================= [프로세스 단일 흐름 요약] =================
[Perception]     PerceptionOutput(timestamp=253.862698568, detected_objects=[], lane_markings=[], drivable_area_mask=None, traffic_signs=[], semantic_segmentation_map=None, instance_segmentation_map=None, depth_map=None, optical_flow_map=None, scene_flow_map=None, raw_features_for_localization=None, white_line_hsv_metrics=WhiteLineHsvMetrics(timestamp=1749120796.71111, total_white_pixels=14021, left_ratio=0.12655271909233176, mid_ratio=0.021077856025039123, right_ratio=0.023680880062305294, is_detected=True), yellow_line_hsv_metrics=YellowLineHsvMetrics(timestamp=1749120796.711116, area=31365.0, center_x=18, is_detected=True))
[Localization]   LocalizationInfo(timestamp=253.862698568, position=(11.500000000000028, 0, 0), orientation_quaternion=(1, 0, 0, 0), velocity_vector=(0, 0, 0), covariance_matrix='Sample Covariance')
[PlannedPath]    PlannedPath(timestamp=253.862698568, waypoints=[(12.500000000000028, 0), (13.500000000000028, 0), (14.500000000000028, 0), (15.500000000000028, 0), (16.50000000000003, 0)])
[Decision]       ManeuverDecision(timestamp=253.862698568, chosen_maneuver='LANE_KEEP', target_speed_kph=10.0, lead_vehicle_id=None)
[ActionCommand]  속도(m/s): 0.70  |  조향(rad): 0.370
[ControlCmd]     스티어링(rad): 0.370  |  Throttle: 0.50  |  Brake: 0.00
========================================================

2025-06-05 19:53:16,778 - Modules.control_module - INFO - 
================= [프로세스 단일 흐름 요약] =================
[Perception]     PerceptionOutput(timestamp=253.862698568, detected_objects=[], lane_markings=[], drivable_area_mask=None, traffic_signs=[], semantic_segmentation_map=None, instance_segmentation_map=None, depth_map=None, optical_flow_map=None, scene_flow_map=None, raw_features_for_localization=None, white_line_hsv_metrics=WhiteLineHsvMetrics(timestamp=1749120796.7612298, total_white_pixels=14021, left_ratio=0.12655271909233176, mid_ratio=0.021077856025039123, right_ratio=0.023680880062305294, is_detected=True), yellow_line_hsv_metrics=YellowLineHsvMetrics(timestamp=1749120796.7612376, area=31365.0, center_x=18, is_detected=True))
[Localization]   LocalizationInfo(timestamp=253.862698568, position=(11.55000000000003, 0, 0), orientation_quaternion=(1, 0, 0, 0), velocity_vector=(0, 0, 0), covariance_matrix='Sample Covariance')
[PlannedPath]    PlannedPath(timestamp=253.862698568, waypoints=[(12.55000000000003, 0), (13.55000000000003, 0), (14.55000000000003, 0), (15.55000000000003, 0), (16.55000000000003, 0)])
[Decision]       ManeuverDecision(timestamp=253.862698568, chosen_maneuver='LANE_KEEP', target_speed_kph=10.0, lead_vehicle_id=None)
[ActionCommand]  속도(m/s): 0.70  |  조향(rad): 0.370
[ControlCmd]     스티어링(rad): 0.370  |  Throttle: 0.50  |  Brake: 0.00
========================================================

2025-06-05 19:53:16,829 - Modules.control_module - INFO - 
================= [프로세스 단일 흐름 요약] =================
[Perception]     PerceptionOutput(timestamp=253.862698568, detected_objects=[], lane_markings=[], drivable_area_mask=None, traffic_signs=[], semantic_segmentation_map=None, instance_segmentation_map=None, depth_map=None, optical_flow_map=None, scene_flow_map=None, raw_features_for_localization=None, white_line_hsv_metrics=WhiteLineHsvMetrics(timestamp=1749120796.8114824, total_white_pixels=14021, left_ratio=0.12655271909233176, mid_ratio=0.021077856025039123, right_ratio=0.023680880062305294, is_detected=True), yellow_line_hsv_metrics=YellowLineHsvMetrics(timestamp=1749120796.8114874, area=31365.0, center_x=18, is_detected=True))
[Localization]   LocalizationInfo(timestamp=253.862698568, position=(11.60000000000003, 0, 0), orientation_quaternion=(1, 0, 0, 0), velocity_vector=(0, 0, 0), covariance_matrix='Sample Covariance')
[PlannedPath]    PlannedPath(timestamp=253.862698568, waypoints=[(12.60000000000003, 0), (13.60000000000003, 0), (14.60000000000003, 0), (15.60000000000003, 0), (16.60000000000003, 0)])
[Decision]       ManeuverDecision(timestamp=253.862698568, chosen_maneuver='LANE_KEEP', target_speed_kph=10.0, lead_vehicle_id=None)
[ActionCommand]  속도(m/s): 0.70  |  조향(rad): 0.370
[ControlCmd]     스티어링(rad): 0.370  |  Throttle: 0.50  |  Brake: 0.00
========================================================

2025-06-05 19:53:16,879 - Modules.control_module - INFO - 
================= [프로세스 단일 흐름 요약] =================
[Perception]     PerceptionOutput(timestamp=253.862698568, detected_objects=[], lane_markings=[], drivable_area_mask=None, traffic_signs=[], semantic_segmentation_map=None, instance_segmentation_map=None, depth_map=None, optical_flow_map=None, scene_flow_map=None, raw_features_for_localization=None, white_line_hsv_metrics=WhiteLineHsvMetrics(timestamp=1749120796.8615541, total_white_pixels=14021, left_ratio=0.12655271909233176, mid_ratio=0.021077856025039123, right_ratio=0.023680880062305294, is_detected=True), yellow_line_hsv_metrics=YellowLineHsvMetrics(timestamp=1749120796.8615608, area=31365.0, center_x=18, is_detected=True))
[Localization]   LocalizationInfo(timestamp=253.862698568, position=(11.65000000000003, 0, 0), orientation_quaternion=(1, 0, 0, 0), velocity_vector=(0, 0, 0), covariance_matrix='Sample Covariance')
[PlannedPath]    PlannedPath(timestamp=253.862698568, waypoints=[(12.65000000000003, 0), (13.65000000000003, 0), (14.65000000000003, 0), (15.65000000000003, 0), (16.65000000000003, 0)])
[Decision]       ManeuverDecision(timestamp=253.862698568, chosen_maneuver='LANE_KEEP', target_speed_kph=10.0, lead_vehicle_id=None)
[ActionCommand]  속도(m/s): 0.70  |  조향(rad): 0.370
[ControlCmd]     스티어링(rad): 0.370  |  Throttle: 0.50  |  Brake: 0.00
========================================================

2025-06-05 19:53:16,885 - rospy.core - INFO - signal_shutdown [signal-2]
2025-06-05 19:53:16,885 - root - INFO - MainSystem: Stopping all modules...
2025-06-05 19:53:16,885 - root - INFO - MainSystem: Stopping ControlModule...
2025-06-05 19:53:17,060 - rospy.core - INFO - signal_shutdown [signal-2]
2025-06-05 19:53:17,228 - rospy.core - INFO - signal_shutdown [signal-2]
2025-06-05 19:53:17,285 - Modules.control_module - INFO - 
================= [프로세스 단일 흐름 요약] =================
[Perception]     PerceptionOutput(timestamp=253.862698568, detected_objects=[], lane_markings=[], drivable_area_mask=None, traffic_signs=[], semantic_segmentation_map=None, instance_segmentation_map=None, depth_map=None, optical_flow_map=None, scene_flow_map=None, raw_features_for_localization=None, white_line_hsv_metrics=WhiteLineHsvMetrics(timestamp=1749120797.2691848, total_white_pixels=14021, left_ratio=0.12655271909233176, mid_ratio=0.021077856025039123, right_ratio=0.023680880062305294, is_detected=True), yellow_line_hsv_metrics=YellowLineHsvMetrics(timestamp=1749120797.2691905, area=31365.0, center_x=18, is_detected=True))
[Localization]   LocalizationInfo(timestamp=253.862698568, position=(12.050000000000036, 0, 0), orientation_quaternion=(1, 0, 0, 0), velocity_vector=(0, 0, 0), covariance_matrix='Sample Covariance')
[PlannedPath]    PlannedPath(timestamp=253.862698568, waypoints=[(13.050000000000036, 0), (14.050000000000036, 0), (15.050000000000036, 0), (16.050000000000036, 0), (17.050000000000036, 0)])
[Decision]       ManeuverDecision(timestamp=253.862698568, chosen_maneuver='LANE_KEEP', target_speed_kph=10.0, lead_vehicle_id=None)
[ActionCommand]  속도(m/s): 0.70  |  조향(rad): 0.370
[ControlCmd]     스티어링(rad): 0.370  |  Throttle: 0.50  |  Brake: 0.00
========================================================

2025-06-05 19:53:17,285 - Modules.control_module - INFO - ControlModule: Thread stopped.
2025-06-05 19:53:17,285 - Modules.control_module - INFO - ControlModule: Stopped.
2025-06-05 19:53:17,285 - root - INFO - MainSystem: Stopping PlanningModule...
2025-06-05 19:53:17,295 - Modules.planning_module - INFO - PlanningModule: Thread stopped.
2025-06-05 19:53:17,295 - Modules.planning_module - INFO - PlanningModule: Stopped.
2025-06-05 19:53:17,295 - root - INFO - MainSystem: Stopping PredictionModule...
2025-06-05 19:53:17,328 - Modules.prediction_module - INFO - PredictionModule: Thread stopped.
2025-06-05 19:53:17,329 - Modules.prediction_module - INFO - PredictionModule: Stopped.
2025-06-05 19:53:17,329 - root - INFO - MainSystem: Stopping LocalizationModule...
2025-06-05 19:53:17,339 - Modules.localization_module - INFO - LocalizationModule: Thread stopped.
2025-06-05 19:53:17,339 - Modules.localization_module - INFO - LocalizationModule: Stopped.
2025-06-05 19:53:17,339 - root - INFO - MainSystem: Stopping PerceptionModule...
2025-06-05 19:53:17,348 - Modules.perception_module - INFO - PerceptionModule: Thread stopped.
2025-06-05 19:53:17,349 - Modules.perception_module - INFO - PerceptionModule: Stopped.
2025-06-05 19:53:17,349 - root - INFO - MainSystem: All modules stopped.
2025-06-05 19:53:17,354 - rospy.internal - INFO - topic[/rosout] removing connection to /rosout
2025-06-05 19:53:17,354 - rospy.internal - INFO - topic[/xycar_motor] removing connection to /unity_endpoint
2025-06-05 19:53:17,354 - rospy.internal - INFO - topic[/usb_cam/image_raw] removing connection to http://localhost:43823/
2025-06-05 19:53:17,355 - rospy.internal - INFO - topic[/scan] removing connection to http://localhost:43823/
2025-06-05 19:53:17,356 - rospy.impl.masterslave - INFO - signal-2
2025-06-05 19:56:26,936 - rospy.internal - INFO - topic[/usb_cam/image_raw] adding connection to [http://localhost:43823/], count 0
2025-06-05 19:56:26,992 - rospy.internal - INFO - topic[/xycar_motor] adding connection to [/unity_endpoint], count 0
2025-06-05 19:56:27,195 - rospy.internal - INFO - topic[/rosout] adding connection to [/rosout], count 0
2025-06-05 19:56:28,906 - rospy.internal - INFO - topic impl's ref count is zero, deleting topic /usb_cam/image_raw...
2025-06-05 19:56:28,907 - rospy.internal - INFO - topic[/usb_cam/image_raw] removing connection to http://localhost:43823/
2025-06-05 19:56:28,911 - rospy.internal - INFO - topic[/scan] adding connection to [http://localhost:43823/], count 0
2025-06-05 19:56:29,042 - rospy.internal - INFO - topic impl's ref count is zero, deleting topic /scan...
2025-06-05 19:56:29,042 - rospy.internal - INFO - topic[/scan] removing connection to http://localhost:43823/
2025-06-05 19:56:29,043 - root - INFO - Sys.stdout redirected to logger. Subsequent print() statements will be logged to file and console.
2025-06-05 19:56:29,043 - root - INFO - This is a test print after redirection. It should appear in the log file and on the console.
2025-06-05 19:56:29,043 - root - INFO - Active perception algorithm set to: hsv_lane_detection
2025-06-05 19:56:29,044 - root - INFO - MainSystem: Initializing queues...
2025-06-05 19:56:29,044 - root - INFO - MainSystem: Initializing modules...
2025-06-05 19:56:29,044 - root - INFO - SensorInputManager: Initialized.
2025-06-05 19:56:29,044 - Modules.perception_module - INFO - PerceptionModule initialized. Active algorithm: hsv_lane_detection
2025-06-05 19:56:29,044 - Modules.localization_module - INFO - LocalizationModule: Active strategy: placeholder_localization with params: {'update_rate_hz': 10, 'sim_step_x': 0.05}
2025-06-05 19:56:29,044 - Modules.localization_module - INFO - LocalizationModule: Initialized.
2025-06-05 19:56:29,044 - Modules.prediction_module - INFO - PredictionModule: Active strategy: simple_extrapolation with params: {'prediction_horizon_sec': 2.0, 'time_step_sec': 0.5}
2025-06-05 19:56:29,045 - Modules.prediction_module - INFO - PredictionModule (Behavioral): Initialized.
2025-06-05 19:56:29,045 - Modules.planning_module - INFO - PathPlannerComponent: Initialized. Strategy: simple_waypoint_planner with params: {'num_waypoints': 5, 'waypoint_spacing_m': 1.0}
2025-06-05 19:56:29,045 - Modules.planning_module - INFO - DecisionMakerComponent: Initialized. Strategy: default_lane_keep with params: {'target_speed_kph': 10.0}
2025-06-05 19:56:29,045 - Modules.planning_module - INFO - ActionPlannerComponent: Initialized with params: {'steering_kp': 0.006, 'max_steer_rad': 0.4, 'single_lane_steer_rad': 0.1, 'initial_straight_frames': 50, 'initial_speed_xycar_units': 60, 'steering_gain': 0.6, 'steering_offset_gain_deg': 15, 'max_angle_deg': 30, 'yellow_fallback_gain': 0.005, 'yellow_max_angle_deg': 25, 'no_line_escape_angle_deg': -15, 'max_delta_steering_deg': 10, 'speed_tiers_xycar_units': {'straight': 45, 'gentle_turn': 35, 'sharp_turn': 25, 'fallback': 20, 'no_line': 20}, 'xycar_speed_to_mps_factor': 0.028, 'white_ratio_diff_threshold_for_offset': 0.05}
2025-06-05 19:56:29,045 - Modules.planning_module - INFO - PlanningModule: Initialized.
2025-06-05 19:56:29,045 - Modules.control_module - INFO - ControlModule: Active control law: basic_pid with params: {'max_control_speed_mps': 1.4, 'log_velocity_threshold_mps': 0.05, 'log_angle_threshold_rad': 0.005}
2025-06-05 19:56:29,045 - Modules.control_module - INFO - VehicleInterface: Initialized with ROS motor publisher. MaxSpeed: 50.0, MaxAngle: 50.0
2025-06-05 19:56:29,045 - Modules.control_module - INFO - ControlModule: Initialized.
2025-06-05 19:56:29,045 - root - INFO - MainSystem: Initialized.
2025-06-05 19:56:29,046 - root - INFO - MainSystem: Starting all modules...
2025-06-05 19:56:29,048 - root - INFO - SensorInputManager: ROS subscribers for Camera and LiDAR started.
2025-06-05 19:56:29,049 - root - INFO - SensorInputManager: Sensors started.
2025-06-05 19:56:29,051 - rospy.internal - INFO - topic[/scan] adding connection to [http://localhost:43823/], count 0
2025-06-05 19:56:29,051 - rospy.internal - INFO - topic[/usb_cam/image_raw] adding connection to [http://localhost:43823/], count 0
2025-06-05 19:56:29,550 - Modules.perception_module - INFO - PerceptionModule: Thread started.
2025-06-05 19:56:29,550 - Modules.perception_module - INFO - PerceptionModule: Started.
2025-06-05 19:56:29,553 - Modules.localization_module - INFO - LocalizationModule: Thread started. Strategy: placeholder_localization
2025-06-05 19:56:29,554 - Modules.localization_module - INFO - LocalizationModule: Started.
2025-06-05 19:56:29,555 - Modules.prediction_module - INFO - PredictionModule: Thread started. Strategy: simple_extrapolation
2025-06-05 19:56:29,556 - Modules.prediction_module - INFO - PredictionModule: Started.
2025-06-05 19:56:29,556 - Modules.planning_module - INFO - PlanningModule: Thread started.
2025-06-05 19:56:29,557 - Modules.planning_module - INFO - PlanningModule: Started.
2025-06-05 19:56:29,557 - Modules.control_module - INFO - ControlModule: Thread started. Control Law: basic_pid
2025-06-05 19:56:29,557 - Modules.control_module - INFO - ControlModule: Started.
2025-06-05 19:56:29,558 - root - INFO - MainSystem: All modules started.
2025-06-05 19:56:29,558 - root - INFO - ===================================================
2025-06-05 19:56:29,558 - root - INFO -  S T A R T    D R I V I N G (Modular System)...
2025-06-05 19:56:29,558 - root - INFO -  LiDAR Visualization runs in Visualize.py (if launched).
2025-06-05 19:56:29,558 - root - INFO - ===================================================
2025-06-05 19:56:29,735 - Modules.prediction_module - INFO - PredictionModule: Waiting for initial localization data.
2025-06-05 19:56:29,740 - Modules.control_module - INFO - 
================= [프로세스 단일 흐름 요약] =================
[Perception]     PerceptionOutput(timestamp=258.295828125, detected_objects=[], lane_markings=[], drivable_area_mask=None, traffic_signs=[], semantic_segmentation_map=None, instance_segmentation_map=None, depth_map=None, optical_flow_map=None, scene_flow_map=None, raw_features_for_localization=None, white_line_hsv_metrics=WhiteLineHsvMetrics(timestamp=1749120989.5596843, total_white_pixels=60758, left_ratio=0.2191167840375587, mid_ratio=0.2717013888888889, right_ratio=0.25083966121495327, is_detected=True), yellow_line_hsv_metrics=YellowLineHsvMetrics(timestamp=1749120989.5596929, area=686205.0, center_x=469, is_detected=True))
[Localization]   LocalizationInfo(timestamp=258.295828125, position=(0.05, 0, 0), orientation_quaternion=(1, 0, 0, 0), velocity_vector=(0.00019357649081270853, 0, 0), covariance_matrix='Sample Covariance')
[PlannedPath]    PlannedPath(timestamp=258.295828125, waypoints=[(1.05, 0), (2.05, 0), (3.05, 0), (4.05, 0), (5.05, 0)])
[Decision]       ManeuverDecision(timestamp=258.295828125, chosen_maneuver='LANE_KEEP', target_speed_kph=10.0, lead_vehicle_id=None)
[ActionCommand]  속도(m/s): 1.68  |  조향(rad): 0.000
[ControlCmd]     스티어링(rad): 0.000  |  Throttle: 1.00  |  Brake: 0.00
========================================================

2025-06-05 19:56:29,768 - Modules.prediction_module - INFO - PredictionModule: Waiting for initial localization data.
2025-06-05 19:56:29,821 - Modules.control_module - INFO - 
================= [프로세스 단일 흐름 요약] =================
[Perception]     PerceptionOutput(timestamp=258.295828125, detected_objects=[], lane_markings=[], drivable_area_mask=None, traffic_signs=[], semantic_segmentation_map=None, instance_segmentation_map=None, depth_map=None, optical_flow_map=None, scene_flow_map=None, raw_features_for_localization=None, white_line_hsv_metrics=WhiteLineHsvMetrics(timestamp=1749120989.779226, total_white_pixels=60758, left_ratio=0.2191167840375587, mid_ratio=0.2717013888888889, right_ratio=0.25083966121495327, is_detected=True), yellow_line_hsv_metrics=YellowLineHsvMetrics(timestamp=1749120989.7792344, area=686205.0, center_x=469, is_detected=True))
[Localization]   LocalizationInfo(timestamp=258.295828125, position=(0.15000000000000002, 0, 0), orientation_quaternion=(1, 0, 0, 0), velocity_vector=(0, 0, 0), covariance_matrix='Sample Covariance')
[PlannedPath]    PlannedPath(timestamp=258.295828125, waypoints=[(1.15, 0), (2.15, 0), (3.15, 0), (4.15, 0), (5.15, 0)])
[Decision]       ManeuverDecision(timestamp=258.295828125, chosen_maneuver='LANE_KEEP', target_speed_kph=10.0, lead_vehicle_id=None)
[ActionCommand]  속도(m/s): 1.68  |  조향(rad): 0.000
[ControlCmd]     스티어링(rad): 0.000  |  Throttle: 1.00  |  Brake: 0.00
========================================================

2025-06-05 19:56:29,852 - Modules.control_module - INFO - 
================= [프로세스 단일 흐름 요약] =================
[Perception]     PerceptionOutput(timestamp=258.295828125, detected_objects=[], lane_markings=[], drivable_area_mask=None, traffic_signs=[], semantic_segmentation_map=None, instance_segmentation_map=None, depth_map=None, optical_flow_map=None, scene_flow_map=None, raw_features_for_localization=None, white_line_hsv_metrics=WhiteLineHsvMetrics(timestamp=1749120989.8234072, total_white_pixels=60758, left_ratio=0.2191167840375587, mid_ratio=0.2717013888888889, right_ratio=0.25083966121495327, is_detected=True), yellow_line_hsv_metrics=YellowLineHsvMetrics(timestamp=1749120989.8234146, area=686205.0, center_x=469, is_detected=True))
[Localization]   LocalizationInfo(timestamp=258.295828125, position=(0.2, 0, 0), orientation_quaternion=(1, 0, 0, 0), velocity_vector=(0, 0, 0), covariance_matrix='Sample Covariance')
[PlannedPath]    PlannedPath(timestamp=258.295828125, waypoints=[(1.2, 0), (2.2, 0), (3.2, 0), (4.2, 0), (5.2, 0)])
[Decision]       ManeuverDecision(timestamp=258.295828125, chosen_maneuver='LANE_KEEP', target_speed_kph=10.0, lead_vehicle_id=None)
[ActionCommand]  속도(m/s): 1.68  |  조향(rad): 0.000
[ControlCmd]     스티어링(rad): 0.000  |  Throttle: 1.00  |  Brake: 0.00
========================================================

2025-06-05 19:56:29,883 - Modules.control_module - INFO - 
================= [프로세스 단일 흐름 요약] =================
[Perception]     PerceptionOutput(timestamp=258.485031327, detected_objects=[], lane_markings=[], drivable_area_mask=None, traffic_signs=[], semantic_segmentation_map=None, instance_segmentation_map=None, depth_map=None, optical_flow_map=None, scene_flow_map=None, raw_features_for_localization=None, white_line_hsv_metrics=WhiteLineHsvMetrics(timestamp=1749120989.860419, total_white_pixels=60828, left_ratio=0.21915346244131456, mid_ratio=0.27199481611893583, right_ratio=0.25136292834890966, is_detected=True), yellow_line_hsv_metrics=YellowLineHsvMetrics(timestamp=1749120989.8604295, area=693090.0, center_x=468, is_detected=True))
[Localization]   LocalizationInfo(timestamp=258.485031327, position=(0.25, 0, 0), orientation_quaternion=(1, 0, 0, 0), velocity_vector=(0.2642661406967274, 0, 0), covariance_matrix='Sample Covariance')
[PlannedPath]    PlannedPath(timestamp=258.485031327, waypoints=[(1.25, 0), (2.25, 0), (3.25, 0), (4.25, 0), (5.25, 0)])
[Decision]       ManeuverDecision(timestamp=258.485031327, chosen_maneuver='LANE_KEEP', target_speed_kph=10.0, lead_vehicle_id=None)
[ActionCommand]  속도(m/s): 1.68  |  조향(rad): 0.000
[ControlCmd]     스티어링(rad): 0.000  |  Throttle: 1.00  |  Brake: 0.00
========================================================

2025-06-05 19:56:29,944 - Modules.control_module - INFO - 
================= [프로세스 단일 흐름 요약] =================
[Perception]     PerceptionOutput(timestamp=258.485031327, detected_objects=[], lane_markings=[], drivable_area_mask=None, traffic_signs=[], semantic_segmentation_map=None, instance_segmentation_map=None, depth_map=None, optical_flow_map=None, scene_flow_map=None, raw_features_for_localization=None, white_line_hsv_metrics=WhiteLineHsvMetrics(timestamp=1749120989.9220073, total_white_pixels=60828, left_ratio=0.21915346244131456, mid_ratio=0.27199481611893583, right_ratio=0.25136292834890966, is_detected=True), yellow_line_hsv_metrics=YellowLineHsvMetrics(timestamp=1749120989.9220767, area=693090.0, center_x=468, is_detected=True))
[Localization]   LocalizationInfo(timestamp=258.485031327, position=(0.35, 0, 0), orientation_quaternion=(1, 0, 0, 0), velocity_vector=(0, 0, 0), covariance_matrix='Sample Covariance')
[PlannedPath]    PlannedPath(timestamp=258.485031327, waypoints=[(1.35, 0), (2.35, 0), (3.35, 0), (4.35, 0), (5.35, 0)])
[Decision]       ManeuverDecision(timestamp=258.485031327, chosen_maneuver='LANE_KEEP', target_speed_kph=10.0, lead_vehicle_id=None)
[ActionCommand]  속도(m/s): 1.68  |  조향(rad): 0.000
[ControlCmd]     스티어링(rad): 0.000  |  Throttle: 1.00  |  Brake: 0.00
========================================================

2025-06-05 19:56:29,974 - Modules.control_module - INFO - 
================= [프로세스 단일 흐름 요약] =================
[Perception]     PerceptionOutput(timestamp=258.485031327, detected_objects=[], lane_markings=[], drivable_area_mask=None, traffic_signs=[], semantic_segmentation_map=None, instance_segmentation_map=None, depth_map=None, optical_flow_map=None, scene_flow_map=None, raw_features_for_localization=None, white_line_hsv_metrics=WhiteLineHsvMetrics(timestamp=1749120989.948068, total_white_pixels=60828, left_ratio=0.21915346244131456, mid_ratio=0.27199481611893583, right_ratio=0.25136292834890966, is_detected=True), yellow_line_hsv_metrics=YellowLineHsvMetrics(timestamp=1749120989.9480753, area=693090.0, center_x=468, is_detected=True))
[Localization]   LocalizationInfo(timestamp=258.485031327, position=(0.39999999999999997, 0, 0), orientation_quaternion=(1, 0, 0, 0), velocity_vector=(0, 0, 0), covariance_matrix='Sample Covariance')
[PlannedPath]    PlannedPath(timestamp=258.485031327, waypoints=[(1.4, 0), (2.4, 0), (3.4, 0), (4.4, 0), (5.4, 0)])
[Decision]       ManeuverDecision(timestamp=258.485031327, chosen_maneuver='LANE_KEEP', target_speed_kph=10.0, lead_vehicle_id=None)
[ActionCommand]  속도(m/s): 1.68  |  조향(rad): 0.000
[ControlCmd]     스티어링(rad): 0.000  |  Throttle: 1.00  |  Brake: 0.00
========================================================

2025-06-05 19:56:29,994 - Modules.control_module - INFO - 
================= [프로세스 단일 흐름 요약] =================
[Perception]     PerceptionOutput(timestamp=258.680278727, detected_objects=[], lane_markings=[], drivable_area_mask=None, traffic_signs=[], semantic_segmentation_map=None, instance_segmentation_map=None, depth_map=None, optical_flow_map=None, scene_flow_map=None, raw_features_for_localization=None, white_line_hsv_metrics=WhiteLineHsvMetrics(timestamp=1749120989.9764695, total_white_pixels=60834, left_ratio=0.2190801056338028, mid_ratio=0.27175029342723006, right_ratio=0.2517523364485981, is_detected=True), yellow_line_hsv_metrics=YellowLineHsvMetrics(timestamp=1749120989.976488, area=693345.0, center_x=468, is_detected=True))
[Localization]   LocalizationInfo(timestamp=258.680278727, position=(0.44999999999999996, 0, 0), orientation_quaternion=(1, 0, 0, 0), velocity_vector=(0.25608535632232443, 0, 0), covariance_matrix='Sample Covariance')
[PlannedPath]    PlannedPath(timestamp=258.680278727, waypoints=[(1.45, 0), (2.45, 0), (3.45, 0), (4.45, 0), (5.45, 0)])
[Decision]       ManeuverDecision(timestamp=258.680278727, chosen_maneuver='LANE_KEEP', target_speed_kph=10.0, lead_vehicle_id=None)
[ActionCommand]  속도(m/s): 1.68  |  조향(rad): 0.000
[ControlCmd]     스티어링(rad): 0.000  |  Throttle: 1.00  |  Brake: 0.00
========================================================

2025-06-05 19:56:30,015 - Modules.control_module - INFO - 
================= [프로세스 단일 흐름 요약] =================
[Perception]     PerceptionOutput(timestamp=258.680278727, detected_objects=[], lane_markings=[], drivable_area_mask=None, traffic_signs=[], semantic_segmentation_map=None, instance_segmentation_map=None, depth_map=None, optical_flow_map=None, scene_flow_map=None, raw_features_for_localization=None, white_line_hsv_metrics=WhiteLineHsvMetrics(timestamp=1749120989.999402, total_white_pixels=60834, left_ratio=0.2190801056338028, mid_ratio=0.27175029342723006, right_ratio=0.2517523364485981, is_detected=True), yellow_line_hsv_metrics=YellowLineHsvMetrics(timestamp=1749120989.9994094, area=693345.0, center_x=468, is_detected=True))
[Localization]   LocalizationInfo(timestamp=258.680278727, position=(0.49999999999999994, 0, 0), orientation_quaternion=(1, 0, 0, 0), velocity_vector=(0, 0, 0), covariance_matrix='Sample Covariance')
[PlannedPath]    PlannedPath(timestamp=258.680278727, waypoints=[(1.5, 0), (2.5, 0), (3.5, 0), (4.5, 0), (5.5, 0)])
[Decision]       ManeuverDecision(timestamp=258.680278727, chosen_maneuver='LANE_KEEP', target_speed_kph=10.0, lead_vehicle_id=None)
[ActionCommand]  속도(m/s): 1.68  |  조향(rad): 0.000
[ControlCmd]     스티어링(rad): 0.000  |  Throttle: 1.00  |  Brake: 0.00
========================================================

2025-06-05 19:56:30,035 - Modules.control_module - INFO - 
================= [프로세스 단일 흐름 요약] =================
[Perception]     PerceptionOutput(timestamp=258.680278727, detected_objects=[], lane_markings=[], drivable_area_mask=None, traffic_signs=[], semantic_segmentation_map=None, instance_segmentation_map=None, depth_map=None, optical_flow_map=None, scene_flow_map=None, raw_features_for_localization=None, white_line_hsv_metrics=WhiteLineHsvMetrics(timestamp=1749120990.020925, total_white_pixels=60834, left_ratio=0.2190801056338028, mid_ratio=0.27175029342723006, right_ratio=0.2517523364485981, is_detected=True), yellow_line_hsv_metrics=YellowLineHsvMetrics(timestamp=1749120990.0209348, area=693345.0, center_x=468, is_detected=True))
[Localization]   LocalizationInfo(timestamp=258.680278727, position=(0.5499999999999999, 0, 0), orientation_quaternion=(1, 0, 0, 0), velocity_vector=(0, 0, 0), covariance_matrix='Sample Covariance')
[PlannedPath]    PlannedPath(timestamp=258.680278727, waypoints=[(1.5499999999999998, 0), (2.55, 0), (3.55, 0), (4.55, 0), (5.55, 0)])
[Decision]       ManeuverDecision(timestamp=258.680278727, chosen_maneuver='LANE_KEEP', target_speed_kph=10.0, lead_vehicle_id=None)
[ActionCommand]  속도(m/s): 1.68  |  조향(rad): 0.000
[ControlCmd]     스티어링(rad): 0.000  |  Throttle: 1.00  |  Brake: 0.00
========================================================

2025-06-05 19:56:30,126 - Modules.control_module - INFO - 
================= [프로세스 단일 흐름 요약] =================
[Perception]     PerceptionOutput(timestamp=258.942660629, detected_objects=[], lane_markings=[], drivable_area_mask=None, traffic_signs=[], semantic_segmentation_map=None, instance_segmentation_map=None, depth_map=None, optical_flow_map=None, scene_flow_map=None, raw_features_for_localization=None, white_line_hsv_metrics=WhiteLineHsvMetrics(timestamp=1749120990.1064918, total_white_pixels=60819, left_ratio=0.21897007042253522, mid_ratio=0.27176251956181535, right_ratio=0.2516671534267913, is_detected=True), yellow_line_hsv_metrics=YellowLineHsvMetrics(timestamp=1749120990.106498, area=696660.0, center_x=467, is_detected=True))
[Localization]   LocalizationInfo(timestamp=258.942660629, position=(0.7500000000000001, 0, 0), orientation_quaternion=(1, 0, 0, 0), velocity_vector=(0.19056192374120773, 0, 0), covariance_matrix='Sample Covariance')
[PlannedPath]    PlannedPath(timestamp=258.942660629, waypoints=[(1.75, 0), (2.75, 0), (3.75, 0), (4.75, 0), (5.75, 0)])
[Decision]       ManeuverDecision(timestamp=258.942660629, chosen_maneuver='LANE_KEEP', target_speed_kph=10.0, lead_vehicle_id=None)
[ActionCommand]  속도(m/s): 1.68  |  조향(rad): 0.000
[ControlCmd]     스티어링(rad): 0.000  |  Throttle: 1.00  |  Brake: 0.00
========================================================

2025-06-05 19:56:30,147 - Modules.control_module - INFO - 
================= [프로세스 단일 흐름 요약] =================
[Perception]     PerceptionOutput(timestamp=258.942660629, detected_objects=[], lane_markings=[], drivable_area_mask=None, traffic_signs=[], semantic_segmentation_map=None, instance_segmentation_map=None, depth_map=None, optical_flow_map=None, scene_flow_map=None, raw_features_for_localization=None, white_line_hsv_metrics=WhiteLineHsvMetrics(timestamp=1749120990.12842, total_white_pixels=60819, left_ratio=0.21897007042253522, mid_ratio=0.27176251956181535, right_ratio=0.2516671534267913, is_detected=True), yellow_line_hsv_metrics=YellowLineHsvMetrics(timestamp=1749120990.1284237, area=696660.0, center_x=467, is_detected=True))
[Localization]   LocalizationInfo(timestamp=258.942660629, position=(0.8000000000000002, 0, 0), orientation_quaternion=(1, 0, 0, 0), velocity_vector=(0, 0, 0), covariance_matrix='Sample Covariance')
[PlannedPath]    PlannedPath(timestamp=258.942660629, waypoints=[(1.8000000000000003, 0), (2.8000000000000003, 0), (3.8000000000000003, 0), (4.8, 0), (5.8, 0)])
[Decision]       ManeuverDecision(timestamp=258.942660629, chosen_maneuver='LANE_KEEP', target_speed_kph=10.0, lead_vehicle_id=None)
[ActionCommand]  속도(m/s): 1.68  |  조향(rad): 0.000
[ControlCmd]     스티어링(rad): 0.000  |  Throttle: 1.00  |  Brake: 0.00
========================================================

2025-06-05 19:56:30,380 - Modules.control_module - INFO - 
================= [프로세스 단일 흐름 요약] =================
[Perception]     PerceptionOutput(timestamp=258.942660629, detected_objects=[], lane_markings=[], drivable_area_mask=None, traffic_signs=[], semantic_segmentation_map=None, instance_segmentation_map=None, depth_map=None, optical_flow_map=None, scene_flow_map=None, raw_features_for_localization=None, white_line_hsv_metrics=WhiteLineHsvMetrics(timestamp=1749120990.3678474, total_white_pixels=60819, left_ratio=0.21897007042253522, mid_ratio=0.27176251956181535, right_ratio=0.2516671534267913, is_detected=True), yellow_line_hsv_metrics=YellowLineHsvMetrics(timestamp=1749120990.3678532, area=696660.0, center_x=467, is_detected=True))
[Localization]   LocalizationInfo(timestamp=258.942660629, position=(1.1500000000000004, 0, 0), orientation_quaternion=(1, 0, 0, 0), velocity_vector=(0, 0, 0), covariance_matrix='Sample Covariance')
[PlannedPath]    PlannedPath(timestamp=258.942660629, waypoints=[(2.1500000000000004, 0), (3.1500000000000004, 0), (4.15, 0), (5.15, 0), (6.15, 0)])
[Decision]       ManeuverDecision(timestamp=258.942660629, chosen_maneuver='LANE_KEEP', target_speed_kph=10.0, lead_vehicle_id=None)
[ActionCommand]  속도(m/s): 1.68  |  조향(rad): 0.000
[ControlCmd]     스티어링(rad): 0.000  |  Throttle: 1.00  |  Brake: 0.00
========================================================

2025-06-05 19:56:30,441 - Modules.control_module - INFO - 
================= [프로세스 단일 흐름 요약] =================
[Perception]     PerceptionOutput(timestamp=258.942660629, detected_objects=[], lane_markings=[], drivable_area_mask=None, traffic_signs=[], semantic_segmentation_map=None, instance_segmentation_map=None, depth_map=None, optical_flow_map=None, scene_flow_map=None, raw_features_for_localization=None, white_line_hsv_metrics=WhiteLineHsvMetrics(timestamp=1749120990.4175982, total_white_pixels=60819, left_ratio=0.21897007042253522, mid_ratio=0.27176251956181535, right_ratio=0.2516671534267913, is_detected=True), yellow_line_hsv_metrics=YellowLineHsvMetrics(timestamp=1749120990.4176102, area=696660.0, center_x=467, is_detected=True))
[Localization]   LocalizationInfo(timestamp=258.942660629, position=(1.2000000000000004, 0, 0), orientation_quaternion=(1, 0, 0, 0), velocity_vector=(0, 0, 0), covariance_matrix='Sample Covariance')
[PlannedPath]    PlannedPath(timestamp=258.942660629, waypoints=[(2.2, 0), (3.2, 0), (4.2, 0), (5.2, 0), (6.2, 0)])
[Decision]       ManeuverDecision(timestamp=258.942660629, chosen_maneuver='LANE_KEEP', target_speed_kph=10.0, lead_vehicle_id=None)
[ActionCommand]  속도(m/s): 1.68  |  조향(rad): 0.000
[ControlCmd]     스티어링(rad): 0.000  |  Throttle: 1.00  |  Brake: 0.00
========================================================

2025-06-05 19:56:30,482 - Modules.control_module - INFO - 
================= [프로세스 단일 흐름 요약] =================
[Perception]     PerceptionOutput(timestamp=258.942660629, detected_objects=[], lane_markings=[], drivable_area_mask=None, traffic_signs=[], semantic_segmentation_map=None, instance_segmentation_map=None, depth_map=None, optical_flow_map=None, scene_flow_map=None, raw_features_for_localization=None, white_line_hsv_metrics=WhiteLineHsvMetrics(timestamp=1749120990.4643602, total_white_pixels=60819, left_ratio=0.21897007042253522, mid_ratio=0.27176251956181535, right_ratio=0.2516671534267913, is_detected=True), yellow_line_hsv_metrics=YellowLineHsvMetrics(timestamp=1749120990.464365, area=696660.0, center_x=467, is_detected=True))
[Localization]   LocalizationInfo(timestamp=258.942660629, position=(1.2500000000000004, 0, 0), orientation_quaternion=(1, 0, 0, 0), velocity_vector=(0, 0, 0), covariance_matrix='Sample Covariance')
[PlannedPath]    PlannedPath(timestamp=258.942660629, waypoints=[(2.2500000000000004, 0), (3.2500000000000004, 0), (4.25, 0), (5.25, 0), (6.25, 0)])
[Decision]       ManeuverDecision(timestamp=258.942660629, chosen_maneuver='LANE_KEEP', target_speed_kph=10.0, lead_vehicle_id=None)
[ActionCommand]  속도(m/s): 1.68  |  조향(rad): 0.000
[ControlCmd]     스티어링(rad): 0.000  |  Throttle: 1.00  |  Brake: 0.00
========================================================

2025-06-05 19:56:30,684 - Modules.control_module - INFO - 
================= [프로세스 단일 흐름 요약] =================
[Perception]     PerceptionOutput(timestamp=258.942660629, detected_objects=[], lane_markings=[], drivable_area_mask=None, traffic_signs=[], semantic_segmentation_map=None, instance_segmentation_map=None, depth_map=None, optical_flow_map=None, scene_flow_map=None, raw_features_for_localization=None, white_line_hsv_metrics=WhiteLineHsvMetrics(timestamp=1749120990.672984, total_white_pixels=60819, left_ratio=0.21897007042253522, mid_ratio=0.27176251956181535, right_ratio=0.2516671534267913, is_detected=True), yellow_line_hsv_metrics=YellowLineHsvMetrics(timestamp=1749120990.6729908, area=696660.0, center_x=467, is_detected=True))
[Localization]   LocalizationInfo(timestamp=258.942660629, position=(1.4500000000000006, 0, 0), orientation_quaternion=(1, 0, 0, 0), velocity_vector=(0, 0, 0), covariance_matrix='Sample Covariance')
[PlannedPath]    PlannedPath(timestamp=258.942660629, waypoints=[(2.4500000000000006, 0), (3.4500000000000006, 0), (4.450000000000001, 0), (5.450000000000001, 0), (6.450000000000001, 0)])
[Decision]       ManeuverDecision(timestamp=258.942660629, chosen_maneuver='LANE_KEEP', target_speed_kph=10.0, lead_vehicle_id=None)
[ActionCommand]  속도(m/s): 1.68  |  조향(rad): 0.000
[ControlCmd]     스티어링(rad): 0.000  |  Throttle: 1.00  |  Brake: 0.00
========================================================

2025-06-05 19:56:30,735 - Modules.control_module - INFO - 
================= [프로세스 단일 흐름 요약] =================
[Perception]     PerceptionOutput(timestamp=258.942660629, detected_objects=[], lane_markings=[], drivable_area_mask=None, traffic_signs=[], semantic_segmentation_map=None, instance_segmentation_map=None, depth_map=None, optical_flow_map=None, scene_flow_map=None, raw_features_for_localization=None, white_line_hsv_metrics=WhiteLineHsvMetrics(timestamp=1749120990.7225406, total_white_pixels=60819, left_ratio=0.21897007042253522, mid_ratio=0.27176251956181535, right_ratio=0.2516671534267913, is_detected=True), yellow_line_hsv_metrics=YellowLineHsvMetrics(timestamp=1749120990.7225578, area=696660.0, center_x=467, is_detected=True))
[Localization]   LocalizationInfo(timestamp=258.942660629, position=(1.5000000000000007, 0, 0), orientation_quaternion=(1, 0, 0, 0), velocity_vector=(0, 0, 0), covariance_matrix='Sample Covariance')
[PlannedPath]    PlannedPath(timestamp=258.942660629, waypoints=[(2.500000000000001, 0), (3.500000000000001, 0), (4.500000000000001, 0), (5.500000000000001, 0), (6.500000000000001, 0)])
[Decision]       ManeuverDecision(timestamp=258.942660629, chosen_maneuver='LANE_KEEP', target_speed_kph=10.0, lead_vehicle_id=None)
[ActionCommand]  속도(m/s): 1.68  |  조향(rad): 0.000
[ControlCmd]     스티어링(rad): 0.000  |  Throttle: 1.00  |  Brake: 0.00
========================================================

2025-06-05 19:56:30,786 - Modules.control_module - INFO - 
================= [프로세스 단일 흐름 요약] =================
[Perception]     PerceptionOutput(timestamp=258.942660629, detected_objects=[], lane_markings=[], drivable_area_mask=None, traffic_signs=[], semantic_segmentation_map=None, instance_segmentation_map=None, depth_map=None, optical_flow_map=None, scene_flow_map=None, raw_features_for_localization=None, white_line_hsv_metrics=WhiteLineHsvMetrics(timestamp=1749120990.7728937, total_white_pixels=60819, left_ratio=0.21897007042253522, mid_ratio=0.27176251956181535, right_ratio=0.2516671534267913, is_detected=True), yellow_line_hsv_metrics=YellowLineHsvMetrics(timestamp=1749120990.7728999, area=696660.0, center_x=467, is_detected=True))
[Localization]   LocalizationInfo(timestamp=258.942660629, position=(1.5500000000000007, 0, 0), orientation_quaternion=(1, 0, 0, 0), velocity_vector=(0, 0, 0), covariance_matrix='Sample Covariance')
[PlannedPath]    PlannedPath(timestamp=258.942660629, waypoints=[(2.5500000000000007, 0), (3.5500000000000007, 0), (4.550000000000001, 0), (5.550000000000001, 0), (6.550000000000001, 0)])
[Decision]       ManeuverDecision(timestamp=258.942660629, chosen_maneuver='LANE_KEEP', target_speed_kph=10.0, lead_vehicle_id=None)
[ActionCommand]  속도(m/s): 1.68  |  조향(rad): 0.000
[ControlCmd]     스티어링(rad): 0.000  |  Throttle: 1.00  |  Brake: 0.00
========================================================

2025-06-05 19:56:30,837 - Modules.control_module - INFO - 
================= [프로세스 단일 흐름 요약] =================
[Perception]     PerceptionOutput(timestamp=258.942660629, detected_objects=[], lane_markings=[], drivable_area_mask=None, traffic_signs=[], semantic_segmentation_map=None, instance_segmentation_map=None, depth_map=None, optical_flow_map=None, scene_flow_map=None, raw_features_for_localization=None, white_line_hsv_metrics=WhiteLineHsvMetrics(timestamp=1749120990.822413, total_white_pixels=60819, left_ratio=0.21897007042253522, mid_ratio=0.27176251956181535, right_ratio=0.2516671534267913, is_detected=True), yellow_line_hsv_metrics=YellowLineHsvMetrics(timestamp=1749120990.822421, area=696660.0, center_x=467, is_detected=True))
[Localization]   LocalizationInfo(timestamp=258.942660629, position=(1.6000000000000008, 0, 0), orientation_quaternion=(1, 0, 0, 0), velocity_vector=(0, 0, 0), covariance_matrix='Sample Covariance')
[PlannedPath]    PlannedPath(timestamp=258.942660629, waypoints=[(2.6000000000000005, 0), (3.6000000000000005, 0), (4.6000000000000005, 0), (5.6000000000000005, 0), (6.6000000000000005, 0)])
[Decision]       ManeuverDecision(timestamp=258.942660629, chosen_maneuver='LANE_KEEP', target_speed_kph=10.0, lead_vehicle_id=None)
[ActionCommand]  속도(m/s): 1.68  |  조향(rad): 0.000
[ControlCmd]     스티어링(rad): 0.000  |  Throttle: 1.00  |  Brake: 0.00
========================================================

2025-06-05 19:56:30,887 - Modules.control_module - INFO - 
================= [프로세스 단일 흐름 요약] =================
[Perception]     PerceptionOutput(timestamp=258.942660629, detected_objects=[], lane_markings=[], drivable_area_mask=None, traffic_signs=[], semantic_segmentation_map=None, instance_segmentation_map=None, depth_map=None, optical_flow_map=None, scene_flow_map=None, raw_features_for_localization=None, white_line_hsv_metrics=WhiteLineHsvMetrics(timestamp=1749120990.8719225, total_white_pixels=60819, left_ratio=0.21897007042253522, mid_ratio=0.27176251956181535, right_ratio=0.2516671534267913, is_detected=True), yellow_line_hsv_metrics=YellowLineHsvMetrics(timestamp=1749120990.8719287, area=696660.0, center_x=467, is_detected=True))
[Localization]   LocalizationInfo(timestamp=258.942660629, position=(1.6500000000000008, 0, 0), orientation_quaternion=(1, 0, 0, 0), velocity_vector=(0, 0, 0), covariance_matrix='Sample Covariance')
[PlannedPath]    PlannedPath(timestamp=258.942660629, waypoints=[(2.650000000000001, 0), (3.650000000000001, 0), (4.65, 0), (5.65, 0), (6.65, 0)])
[Decision]       ManeuverDecision(timestamp=258.942660629, chosen_maneuver='LANE_KEEP', target_speed_kph=10.0, lead_vehicle_id=None)
[ActionCommand]  속도(m/s): 1.68  |  조향(rad): 0.000
[ControlCmd]     스티어링(rad): 0.000  |  Throttle: 1.00  |  Brake: 0.00
========================================================

2025-06-05 19:56:30,938 - Modules.control_module - INFO - 
================= [프로세스 단일 흐름 요약] =================
[Perception]     PerceptionOutput(timestamp=258.942660629, detected_objects=[], lane_markings=[], drivable_area_mask=None, traffic_signs=[], semantic_segmentation_map=None, instance_segmentation_map=None, depth_map=None, optical_flow_map=None, scene_flow_map=None, raw_features_for_localization=None, white_line_hsv_metrics=WhiteLineHsvMetrics(timestamp=1749120990.92158, total_white_pixels=60819, left_ratio=0.21897007042253522, mid_ratio=0.27176251956181535, right_ratio=0.2516671534267913, is_detected=True), yellow_line_hsv_metrics=YellowLineHsvMetrics(timestamp=1749120990.9215872, area=696660.0, center_x=467, is_detected=True))
[Localization]   LocalizationInfo(timestamp=258.942660629, position=(1.7000000000000008, 0, 0), orientation_quaternion=(1, 0, 0, 0), velocity_vector=(0, 0, 0), covariance_matrix='Sample Covariance')
[PlannedPath]    PlannedPath(timestamp=258.942660629, waypoints=[(2.700000000000001, 0), (3.700000000000001, 0), (4.700000000000001, 0), (5.700000000000001, 0), (6.700000000000001, 0)])
[Decision]       ManeuverDecision(timestamp=258.942660629, chosen_maneuver='LANE_KEEP', target_speed_kph=10.0, lead_vehicle_id=None)
[ActionCommand]  속도(m/s): 1.68  |  조향(rad): 0.000
[ControlCmd]     스티어링(rad): 0.000  |  Throttle: 1.00  |  Brake: 0.00
========================================================

2025-06-05 19:56:31,090 - Modules.control_module - INFO - 
================= [프로세스 단일 흐름 요약] =================
[Perception]     PerceptionOutput(timestamp=258.942660629, detected_objects=[], lane_markings=[], drivable_area_mask=None, traffic_signs=[], semantic_segmentation_map=None, instance_segmentation_map=None, depth_map=None, optical_flow_map=None, scene_flow_map=None, raw_features_for_localization=None, white_line_hsv_metrics=WhiteLineHsvMetrics(timestamp=1749120991.0773268, total_white_pixels=60819, left_ratio=0.21897007042253522, mid_ratio=0.27176251956181535, right_ratio=0.2516671534267913, is_detected=True), yellow_line_hsv_metrics=YellowLineHsvMetrics(timestamp=1749120991.0773342, area=696660.0, center_x=467, is_detected=True))
[Localization]   LocalizationInfo(timestamp=258.942660629, position=(1.850000000000001, 0, 0), orientation_quaternion=(1, 0, 0, 0), velocity_vector=(0, 0, 0), covariance_matrix='Sample Covariance')
[PlannedPath]    PlannedPath(timestamp=258.942660629, waypoints=[(2.850000000000001, 0), (3.850000000000001, 0), (4.850000000000001, 0), (5.850000000000001, 0), (6.850000000000001, 0)])
[Decision]       ManeuverDecision(timestamp=258.942660629, chosen_maneuver='LANE_KEEP', target_speed_kph=10.0, lead_vehicle_id=None)
[ActionCommand]  속도(m/s): 1.68  |  조향(rad): 0.000
[ControlCmd]     스티어링(rad): 0.000  |  Throttle: 1.00  |  Brake: 0.00
========================================================

2025-06-05 19:56:31,141 - Modules.control_module - INFO - 
================= [프로세스 단일 흐름 요약] =================
[Perception]     PerceptionOutput(timestamp=258.942660629, detected_objects=[], lane_markings=[], drivable_area_mask=None, traffic_signs=[], semantic_segmentation_map=None, instance_segmentation_map=None, depth_map=None, optical_flow_map=None, scene_flow_map=None, raw_features_for_localization=None, white_line_hsv_metrics=WhiteLineHsvMetrics(timestamp=1749120991.126047, total_white_pixels=60819, left_ratio=0.21897007042253522, mid_ratio=0.27176251956181535, right_ratio=0.2516671534267913, is_detected=True), yellow_line_hsv_metrics=YellowLineHsvMetrics(timestamp=1749120991.126055, area=696660.0, center_x=467, is_detected=True))
[Localization]   LocalizationInfo(timestamp=258.942660629, position=(1.900000000000001, 0, 0), orientation_quaternion=(1, 0, 0, 0), velocity_vector=(0, 0, 0), covariance_matrix='Sample Covariance')
[PlannedPath]    PlannedPath(timestamp=258.942660629, waypoints=[(2.9000000000000012, 0), (3.9000000000000012, 0), (4.900000000000001, 0), (5.900000000000001, 0), (6.900000000000001, 0)])
[Decision]       ManeuverDecision(timestamp=258.942660629, chosen_maneuver='LANE_KEEP', target_speed_kph=10.0, lead_vehicle_id=None)
[ActionCommand]  속도(m/s): 1.68  |  조향(rad): 0.000
[ControlCmd]     스티어링(rad): 0.000  |  Throttle: 1.00  |  Brake: 0.00
========================================================

2025-06-05 19:56:31,192 - Modules.control_module - INFO - 
================= [프로세스 단일 흐름 요약] =================
[Perception]     PerceptionOutput(timestamp=258.942660629, detected_objects=[], lane_markings=[], drivable_area_mask=None, traffic_signs=[], semantic_segmentation_map=None, instance_segmentation_map=None, depth_map=None, optical_flow_map=None, scene_flow_map=None, raw_features_for_localization=None, white_line_hsv_metrics=WhiteLineHsvMetrics(timestamp=1749120991.1760995, total_white_pixels=60819, left_ratio=0.21897007042253522, mid_ratio=0.27176251956181535, right_ratio=0.2516671534267913, is_detected=True), yellow_line_hsv_metrics=YellowLineHsvMetrics(timestamp=1749120991.1761062, area=696660.0, center_x=467, is_detected=True))
[Localization]   LocalizationInfo(timestamp=258.942660629, position=(1.950000000000001, 0, 0), orientation_quaternion=(1, 0, 0, 0), velocity_vector=(0, 0, 0), covariance_matrix='Sample Covariance')
[PlannedPath]    PlannedPath(timestamp=258.942660629, waypoints=[(2.950000000000001, 0), (3.950000000000001, 0), (4.950000000000001, 0), (5.950000000000001, 0), (6.950000000000001, 0)])
[Decision]       ManeuverDecision(timestamp=258.942660629, chosen_maneuver='LANE_KEEP', target_speed_kph=10.0, lead_vehicle_id=None)
[ActionCommand]  속도(m/s): 1.68  |  조향(rad): 0.000
[ControlCmd]     스티어링(rad): 0.000  |  Throttle: 1.00  |  Brake: 0.00
========================================================

2025-06-05 19:56:31,243 - Modules.control_module - INFO - 
================= [프로세스 단일 흐름 요약] =================
[Perception]     PerceptionOutput(timestamp=258.942660629, detected_objects=[], lane_markings=[], drivable_area_mask=None, traffic_signs=[], semantic_segmentation_map=None, instance_segmentation_map=None, depth_map=None, optical_flow_map=None, scene_flow_map=None, raw_features_for_localization=None, white_line_hsv_metrics=WhiteLineHsvMetrics(timestamp=1749120991.2266355, total_white_pixels=60819, left_ratio=0.21897007042253522, mid_ratio=0.27176251956181535, right_ratio=0.2516671534267913, is_detected=True), yellow_line_hsv_metrics=YellowLineHsvMetrics(timestamp=1749120991.2266426, area=696660.0, center_x=467, is_detected=True))
[Localization]   LocalizationInfo(timestamp=258.942660629, position=(2.000000000000001, 0, 0), orientation_quaternion=(1, 0, 0, 0), velocity_vector=(0, 0, 0), covariance_matrix='Sample Covariance')
[PlannedPath]    PlannedPath(timestamp=258.942660629, waypoints=[(3.000000000000001, 0), (4.000000000000001, 0), (5.000000000000001, 0), (6.000000000000001, 0), (7.000000000000001, 0)])
[Decision]       ManeuverDecision(timestamp=258.942660629, chosen_maneuver='LANE_KEEP', target_speed_kph=10.0, lead_vehicle_id=None)
[ActionCommand]  속도(m/s): 1.68  |  조향(rad): 0.000
[ControlCmd]     스티어링(rad): 0.000  |  Throttle: 1.00  |  Brake: 0.00
========================================================

2025-06-05 19:56:31,293 - Modules.control_module - INFO - 
================= [프로세스 단일 흐름 요약] =================
[Perception]     PerceptionOutput(timestamp=258.942660629, detected_objects=[], lane_markings=[], drivable_area_mask=None, traffic_signs=[], semantic_segmentation_map=None, instance_segmentation_map=None, depth_map=None, optical_flow_map=None, scene_flow_map=None, raw_features_for_localization=None, white_line_hsv_metrics=WhiteLineHsvMetrics(timestamp=1749120991.2786393, total_white_pixels=60819, left_ratio=0.21897007042253522, mid_ratio=0.27176251956181535, right_ratio=0.2516671534267913, is_detected=True), yellow_line_hsv_metrics=YellowLineHsvMetrics(timestamp=1749120991.2786458, area=696660.0, center_x=467, is_detected=True))
[Localization]   LocalizationInfo(timestamp=258.942660629, position=(2.0500000000000007, 0, 0), orientation_quaternion=(1, 0, 0, 0), velocity_vector=(0, 0, 0), covariance_matrix='Sample Covariance')
[PlannedPath]    PlannedPath(timestamp=258.942660629, waypoints=[(3.0500000000000007, 0), (4.050000000000001, 0), (5.050000000000001, 0), (6.050000000000001, 0), (7.050000000000001, 0)])
[Decision]       ManeuverDecision(timestamp=258.942660629, chosen_maneuver='LANE_KEEP', target_speed_kph=10.0, lead_vehicle_id=None)
[ActionCommand]  속도(m/s): 1.68  |  조향(rad): 0.000
[ControlCmd]     스티어링(rad): 0.000  |  Throttle: 1.00  |  Brake: 0.00
========================================================

2025-06-05 19:56:31,334 - Modules.control_module - INFO - 
================= [프로세스 단일 흐름 요약] =================
[Perception]     PerceptionOutput(timestamp=258.942660629, detected_objects=[], lane_markings=[], drivable_area_mask=None, traffic_signs=[], semantic_segmentation_map=None, instance_segmentation_map=None, depth_map=None, optical_flow_map=None, scene_flow_map=None, raw_features_for_localization=None, white_line_hsv_metrics=WhiteLineHsvMetrics(timestamp=1749120991.319029, total_white_pixels=60819, left_ratio=0.21897007042253522, mid_ratio=0.27176251956181535, right_ratio=0.2516671534267913, is_detected=True), yellow_line_hsv_metrics=YellowLineHsvMetrics(timestamp=1749120991.3190396, area=696660.0, center_x=467, is_detected=True))
[Localization]   LocalizationInfo(timestamp=258.942660629, position=(2.1000000000000005, 0, 0), orientation_quaternion=(1, 0, 0, 0), velocity_vector=(0, 0, 0), covariance_matrix='Sample Covariance')
[PlannedPath]    PlannedPath(timestamp=258.942660629, waypoints=[(3.1000000000000005, 0), (4.1000000000000005, 0), (5.1000000000000005, 0), (6.1000000000000005, 0), (7.1000000000000005, 0)])
[Decision]       ManeuverDecision(timestamp=258.942660629, chosen_maneuver='LANE_KEEP', target_speed_kph=10.0, lead_vehicle_id=None)
[ActionCommand]  속도(m/s): 1.68  |  조향(rad): 0.000
[ControlCmd]     스티어링(rad): 0.000  |  Throttle: 1.00  |  Brake: 0.00
========================================================

2025-06-05 19:56:31,384 - Modules.control_module - INFO - 
================= [프로세스 단일 흐름 요약] =================
[Perception]     PerceptionOutput(timestamp=259.060623915, detected_objects=[], lane_markings=[], drivable_area_mask=None, traffic_signs=[], semantic_segmentation_map=None, instance_segmentation_map=None, depth_map=None, optical_flow_map=None, scene_flow_map=None, raw_features_for_localization=None, white_line_hsv_metrics=WhiteLineHsvMetrics(timestamp=1749120991.3712745, total_white_pixels=61354, left_ratio=0.2191045579029734, mid_ratio=0.2748435054773083, right_ratio=0.2549771222741433, is_detected=True), yellow_line_hsv_metrics=YellowLineHsvMetrics(timestamp=1749120991.3712811, area=652290.0, center_x=462, is_detected=True))
[Localization]   LocalizationInfo(timestamp=259.060623915, position=(2.1500000000000004, 0, 0), orientation_quaternion=(1, 0, 0, 0), velocity_vector=(0.4238606917070083, 0, 0), covariance_matrix='Sample Covariance')
[PlannedPath]    PlannedPath(timestamp=259.060623915, waypoints=[(3.1500000000000004, 0), (4.15, 0), (5.15, 0), (6.15, 0), (7.15, 0)])
[Decision]       ManeuverDecision(timestamp=259.060623915, chosen_maneuver='LANE_KEEP', target_speed_kph=10.0, lead_vehicle_id=None)
[ActionCommand]  속도(m/s): 1.68  |  조향(rad): 0.000
[ControlCmd]     스티어링(rad): 0.000  |  Throttle: 1.00  |  Brake: 0.00
========================================================

2025-06-05 19:56:31,435 - Modules.control_module - INFO - 
================= [프로세스 단일 흐름 요약] =================
[Perception]     PerceptionOutput(timestamp=259.060623915, detected_objects=[], lane_markings=[], drivable_area_mask=None, traffic_signs=[], semantic_segmentation_map=None, instance_segmentation_map=None, depth_map=None, optical_flow_map=None, scene_flow_map=None, raw_features_for_localization=None, white_line_hsv_metrics=WhiteLineHsvMetrics(timestamp=1749120991.4216373, total_white_pixels=61354, left_ratio=0.2191045579029734, mid_ratio=0.2748435054773083, right_ratio=0.2549771222741433, is_detected=True), yellow_line_hsv_metrics=YellowLineHsvMetrics(timestamp=1749120991.4216442, area=652290.0, center_x=462, is_detected=True))
[Localization]   LocalizationInfo(timestamp=259.060623915, position=(2.2, 0, 0), orientation_quaternion=(1, 0, 0, 0), velocity_vector=(0, 0, 0), covariance_matrix='Sample Covariance')
[PlannedPath]    PlannedPath(timestamp=259.060623915, waypoints=[(3.2, 0), (4.2, 0), (5.2, 0), (6.2, 0), (7.2, 0)])
[Decision]       ManeuverDecision(timestamp=259.060623915, chosen_maneuver='LANE_KEEP', target_speed_kph=10.0, lead_vehicle_id=None)
[ActionCommand]  속도(m/s): 1.68  |  조향(rad): 0.000
[ControlCmd]     스티어링(rad): 0.000  |  Throttle: 1.00  |  Brake: 0.00
========================================================

2025-06-05 19:56:31,537 - Modules.control_module - INFO - 
================= [프로세스 단일 흐름 요약] =================
[Perception]     PerceptionOutput(timestamp=259.060623915, detected_objects=[], lane_markings=[], drivable_area_mask=None, traffic_signs=[], semantic_segmentation_map=None, instance_segmentation_map=None, depth_map=None, optical_flow_map=None, scene_flow_map=None, raw_features_for_localization=None, white_line_hsv_metrics=WhiteLineHsvMetrics(timestamp=1749120991.5233805, total_white_pixels=61354, left_ratio=0.2191045579029734, mid_ratio=0.2748435054773083, right_ratio=0.2549771222741433, is_detected=True), yellow_line_hsv_metrics=YellowLineHsvMetrics(timestamp=1749120991.5233858, area=652290.0, center_x=462, is_detected=True))
[Localization]   LocalizationInfo(timestamp=259.060623915, position=(2.3, 0, 0), orientation_quaternion=(1, 0, 0, 0), velocity_vector=(0, 0, 0), covariance_matrix='Sample Covariance')
[PlannedPath]    PlannedPath(timestamp=259.060623915, waypoints=[(3.3, 0), (4.3, 0), (5.3, 0), (6.3, 0), (7.3, 0)])
[Decision]       ManeuverDecision(timestamp=259.060623915, chosen_maneuver='LANE_KEEP', target_speed_kph=10.0, lead_vehicle_id=None)
[ActionCommand]  속도(m/s): 1.68  |  조향(rad): 0.000
[ControlCmd]     스티어링(rad): 0.000  |  Throttle: 1.00  |  Brake: 0.00
========================================================

2025-06-05 19:56:31,588 - Modules.control_module - INFO - 
================= [프로세스 단일 흐름 요약] =================
[Perception]     PerceptionOutput(timestamp=259.301412918, detected_objects=[], lane_markings=[], drivable_area_mask=None, traffic_signs=[], semantic_segmentation_map=None, instance_segmentation_map=None, depth_map=None, optical_flow_map=None, scene_flow_map=None, raw_features_for_localization=None, white_line_hsv_metrics=WhiteLineHsvMetrics(timestamp=1749120991.5731897, total_white_pixels=62412, left_ratio=0.21584017996870108, mid_ratio=0.28303501564945227, right_ratio=0.26294781931464173, is_detected=True), yellow_line_hsv_metrics=YellowLineHsvMetrics(timestamp=1749120991.5732028, area=406215.0, center_x=384, is_detected=True))
[Localization]   LocalizationInfo(timestamp=259.301412918, position=(2.3499999999999996, 0, 0), orientation_quaternion=(1, 0, 0, 0), velocity_vector=(0.20765067913008148, 0, 0), covariance_matrix='Sample Covariance')
[PlannedPath]    PlannedPath(timestamp=259.301412918, waypoints=[(3.3499999999999996, 0), (4.35, 0), (5.35, 0), (6.35, 0), (7.35, 0)])
[Decision]       ManeuverDecision(timestamp=259.301412918, chosen_maneuver='LANE_KEEP', target_speed_kph=10.0, lead_vehicle_id=None)
[ActionCommand]  속도(m/s): 1.68  |  조향(rad): 0.000
[ControlCmd]     스티어링(rad): 0.000  |  Throttle: 1.00  |  Brake: 0.00
========================================================

2025-06-05 19:56:31,638 - Modules.control_module - INFO - 
================= [프로세스 단일 흐름 요약] =================
[Perception]     PerceptionOutput(timestamp=259.301412918, detected_objects=[], lane_markings=[], drivable_area_mask=None, traffic_signs=[], semantic_segmentation_map=None, instance_segmentation_map=None, depth_map=None, optical_flow_map=None, scene_flow_map=None, raw_features_for_localization=None, white_line_hsv_metrics=WhiteLineHsvMetrics(timestamp=1749120991.6243622, total_white_pixels=62412, left_ratio=0.21584017996870108, mid_ratio=0.28303501564945227, right_ratio=0.26294781931464173, is_detected=True), yellow_line_hsv_metrics=YellowLineHsvMetrics(timestamp=1749120991.6243706, area=406215.0, center_x=384, is_detected=True))
[Localization]   LocalizationInfo(timestamp=259.301412918, position=(2.3999999999999995, 0, 0), orientation_quaternion=(1, 0, 0, 0), velocity_vector=(0, 0, 0), covariance_matrix='Sample Covariance')
[PlannedPath]    PlannedPath(timestamp=259.301412918, waypoints=[(3.3999999999999995, 0), (4.3999999999999995, 0), (5.3999999999999995, 0), (6.3999999999999995, 0), (7.3999999999999995, 0)])
[Decision]       ManeuverDecision(timestamp=259.301412918, chosen_maneuver='LANE_KEEP', target_speed_kph=10.0, lead_vehicle_id=None)
[ActionCommand]  속도(m/s): 1.68  |  조향(rad): 0.000
[ControlCmd]     스티어링(rad): 0.000  |  Throttle: 1.00  |  Brake: 0.00
========================================================

2025-06-05 19:56:31,690 - Modules.control_module - INFO - 
================= [프로세스 단일 흐름 요약] =================
[Perception]     PerceptionOutput(timestamp=259.301412918, detected_objects=[], lane_markings=[], drivable_area_mask=None, traffic_signs=[], semantic_segmentation_map=None, instance_segmentation_map=None, depth_map=None, optical_flow_map=None, scene_flow_map=None, raw_features_for_localization=None, white_line_hsv_metrics=WhiteLineHsvMetrics(timestamp=1749120991.6748238, total_white_pixels=62412, left_ratio=0.21584017996870108, mid_ratio=0.28303501564945227, right_ratio=0.26294781931464173, is_detected=True), yellow_line_hsv_metrics=YellowLineHsvMetrics(timestamp=1749120991.674831, area=406215.0, center_x=384, is_detected=True))
[Localization]   LocalizationInfo(timestamp=259.301412918, position=(2.4499999999999993, 0, 0), orientation_quaternion=(1, 0, 0, 0), velocity_vector=(0, 0, 0), covariance_matrix='Sample Covariance')
[PlannedPath]    PlannedPath(timestamp=259.301412918, waypoints=[(3.4499999999999993, 0), (4.449999999999999, 0), (5.449999999999999, 0), (6.449999999999999, 0), (7.449999999999999, 0)])
[Decision]       ManeuverDecision(timestamp=259.301412918, chosen_maneuver='LANE_KEEP', target_speed_kph=10.0, lead_vehicle_id=None)
[ActionCommand]  속도(m/s): 1.68  |  조향(rad): 0.000
[ControlCmd]     스티어링(rad): 0.000  |  Throttle: 1.00  |  Brake: 0.00
========================================================

2025-06-05 19:56:31,741 - Modules.control_module - INFO - 
================= [프로세스 단일 흐름 요약] =================
[Perception]     PerceptionOutput(timestamp=259.301412918, detected_objects=[], lane_markings=[], drivable_area_mask=None, traffic_signs=[], semantic_segmentation_map=None, instance_segmentation_map=None, depth_map=None, optical_flow_map=None, scene_flow_map=None, raw_features_for_localization=None, white_line_hsv_metrics=WhiteLineHsvMetrics(timestamp=1749120991.725312, total_white_pixels=62412, left_ratio=0.21584017996870108, mid_ratio=0.28303501564945227, right_ratio=0.26294781931464173, is_detected=True), yellow_line_hsv_metrics=YellowLineHsvMetrics(timestamp=1749120991.72532, area=406215.0, center_x=384, is_detected=True))
[Localization]   LocalizationInfo(timestamp=259.301412918, position=(2.499999999999999, 0, 0), orientation_quaternion=(1, 0, 0, 0), velocity_vector=(0, 0, 0), covariance_matrix='Sample Covariance')
[PlannedPath]    PlannedPath(timestamp=259.301412918, waypoints=[(3.499999999999999, 0), (4.499999999999999, 0), (5.499999999999999, 0), (6.499999999999999, 0), (7.499999999999999, 0)])
[Decision]       ManeuverDecision(timestamp=259.301412918, chosen_maneuver='LANE_KEEP', target_speed_kph=10.0, lead_vehicle_id=None)
[ActionCommand]  속도(m/s): 1.68  |  조향(rad): 0.000
[ControlCmd]     스티어링(rad): 0.000  |  Throttle: 1.00  |  Brake: 0.00
========================================================

2025-06-05 19:56:31,944 - Modules.control_module - INFO - 
================= [프로세스 단일 흐름 요약] =================
[Perception]     PerceptionOutput(timestamp=259.529560615, detected_objects=[], lane_markings=[], drivable_area_mask=None, traffic_signs=[], semantic_segmentation_map=None, instance_segmentation_map=None, depth_map=None, optical_flow_map=None, scene_flow_map=None, raw_features_for_localization=None, white_line_hsv_metrics=WhiteLineHsvMetrics(timestamp=1749120991.9242485, total_white_pixels=57352, left_ratio=0.24841060250391236, mid_ratio=0.23910651408450703, right_ratio=0.21267766744548286, is_detected=True), yellow_line_hsv_metrics=YellowLineHsvMetrics(timestamp=1749120991.9242606, area=528870.0, center_x=400, is_detected=True))
[Localization]   LocalizationInfo(timestamp=259.529560615, position=(2.6999999999999984, 0, 0), orientation_quaternion=(1, 0, 0, 0), velocity_vector=(0, 0, 0), covariance_matrix='Sample Covariance')
[PlannedPath]    PlannedPath(timestamp=259.529560615, waypoints=[(3.6999999999999984, 0), (4.699999999999998, 0), (5.699999999999998, 0), (6.699999999999998, 0), (7.699999999999998, 0)])
[Decision]       ManeuverDecision(timestamp=259.529560615, chosen_maneuver='LANE_KEEP', target_speed_kph=10.0, lead_vehicle_id=None)
[ActionCommand]  속도(m/s): 1.68  |  조향(rad): 0.000
[ControlCmd]     스티어링(rad): 0.000  |  Throttle: 1.00  |  Brake: 0.00
========================================================

2025-06-05 19:56:32,136 - Modules.control_module - INFO - 
================= [프로세스 단일 흐름 요약] =================
[Perception]     PerceptionOutput(timestamp=259.822417113, detected_objects=[], lane_markings=[], drivable_area_mask=None, traffic_signs=[], semantic_segmentation_map=None, instance_segmentation_map=None, depth_map=None, optical_flow_map=None, scene_flow_map=None, raw_features_for_localization=None, white_line_hsv_metrics=WhiteLineHsvMetrics(timestamp=1749120992.12427, total_white_pixels=48751, left_ratio=0.23455839201877934, mid_ratio=0.19014084507042253, right_ratio=0.17053640965732086, is_detected=True), yellow_line_hsv_metrics=YellowLineHsvMetrics(timestamp=1749120992.124275, area=845325.0, center_x=420, is_detected=True))
[Localization]   LocalizationInfo(timestamp=259.822417113, position=(2.8999999999999977, 0, 0), orientation_quaternion=(1, 0, 0, 0), velocity_vector=(0, 0, 0), covariance_matrix='Sample Covariance')
[PlannedPath]    PlannedPath(timestamp=259.822417113, waypoints=[(3.8999999999999977, 0), (4.899999999999998, 0), (5.899999999999998, 0), (6.899999999999998, 0), (7.899999999999998, 0)])
[Decision]       ManeuverDecision(timestamp=259.822417113, chosen_maneuver='LANE_KEEP', target_speed_kph=10.0, lead_vehicle_id=None)
[ActionCommand]  속도(m/s): 1.68  |  조향(rad): 0.000
[ControlCmd]     스티어링(rad): 0.000  |  Throttle: 1.00  |  Brake: 0.00
========================================================

2025-06-05 19:56:32,197 - Modules.control_module - INFO - 
================= [프로세스 단일 흐름 요약] =================
[Perception]     PerceptionOutput(timestamp=259.822417113, detected_objects=[], lane_markings=[], drivable_area_mask=None, traffic_signs=[], semantic_segmentation_map=None, instance_segmentation_map=None, depth_map=None, optical_flow_map=None, scene_flow_map=None, raw_features_for_localization=None, white_line_hsv_metrics=WhiteLineHsvMetrics(timestamp=1749120992.1834915, total_white_pixels=48751, left_ratio=0.23455839201877934, mid_ratio=0.19014084507042253, right_ratio=0.17053640965732086, is_detected=True), yellow_line_hsv_metrics=YellowLineHsvMetrics(timestamp=1749120992.1834989, area=845325.0, center_x=420, is_detected=True))
[Localization]   LocalizationInfo(timestamp=259.822417113, position=(2.9499999999999975, 0, 0), orientation_quaternion=(1, 0, 0, 0), velocity_vector=(0, 0, 0), covariance_matrix='Sample Covariance')
[PlannedPath]    PlannedPath(timestamp=259.822417113, waypoints=[(3.9499999999999975, 0), (4.9499999999999975, 0), (5.9499999999999975, 0), (6.9499999999999975, 0), (7.9499999999999975, 0)])
[Decision]       ManeuverDecision(timestamp=259.822417113, chosen_maneuver='LANE_KEEP', target_speed_kph=10.0, lead_vehicle_id=None)
[ActionCommand]  속도(m/s): 1.68  |  조향(rad): 0.000
[ControlCmd]     스티어링(rad): 0.000  |  Throttle: 1.00  |  Brake: 0.00
========================================================

2025-06-05 19:56:32,248 - Modules.control_module - INFO - 
================= [프로세스 단일 흐름 요약] =================
[Perception]     PerceptionOutput(timestamp=259.930539512, detected_objects=[], lane_markings=[], drivable_area_mask=None, traffic_signs=[], semantic_segmentation_map=None, instance_segmentation_map=None, depth_map=None, optical_flow_map=None, scene_flow_map=None, raw_features_for_localization=None, white_line_hsv_metrics=WhiteLineHsvMetrics(timestamp=1749120992.2345917, total_white_pixels=43219, left_ratio=0.2234203834115806, mid_ratio=0.16398914319248825, right_ratio=0.14033294392523366, is_detected=True), yellow_line_hsv_metrics=YellowLineHsvMetrics(timestamp=1749120992.2345998, area=1161780.0, center_x=432, is_detected=True))
[Localization]   LocalizationInfo(timestamp=259.930539512, position=(2.9999999999999973, 0, 0), orientation_quaternion=(1, 0, 0, 0), velocity_vector=(0.46243886985886173, 0, 0), covariance_matrix='Sample Covariance')
[PlannedPath]    PlannedPath(timestamp=259.930539512, waypoints=[(3.9999999999999973, 0), (4.999999999999997, 0), (5.999999999999997, 0), (6.999999999999997, 0), (7.999999999999997, 0)])
[Decision]       ManeuverDecision(timestamp=259.930539512, chosen_maneuver='LANE_KEEP', target_speed_kph=10.0, lead_vehicle_id=None)
[ActionCommand]  속도(m/s): 1.68  |  조향(rad): 0.000
[ControlCmd]     스티어링(rad): 0.000  |  Throttle: 1.00  |  Brake: 0.00
========================================================

2025-06-05 19:56:32,340 - Modules.control_module - INFO - 
================= [프로세스 단일 흐름 요약] =================
[Perception]     PerceptionOutput(timestamp=259.930539512, detected_objects=[], lane_markings=[], drivable_area_mask=None, traffic_signs=[], semantic_segmentation_map=None, instance_segmentation_map=None, depth_map=None, optical_flow_map=None, scene_flow_map=None, raw_features_for_localization=None, white_line_hsv_metrics=WhiteLineHsvMetrics(timestamp=1749120992.326035, total_white_pixels=43219, left_ratio=0.2234203834115806, mid_ratio=0.16398914319248825, right_ratio=0.14033294392523366, is_detected=True), yellow_line_hsv_metrics=YellowLineHsvMetrics(timestamp=1749120992.3260422, area=1161780.0, center_x=432, is_detected=True))
[Localization]   LocalizationInfo(timestamp=259.930539512, position=(3.099999999999997, 0, 0), orientation_quaternion=(1, 0, 0, 0), velocity_vector=(0, 0, 0), covariance_matrix='Sample Covariance')
[PlannedPath]    PlannedPath(timestamp=259.930539512, waypoints=[(4.099999999999997, 0), (5.099999999999997, 0), (6.099999999999997, 0), (7.099999999999997, 0), (8.099999999999998, 0)])
[Decision]       ManeuverDecision(timestamp=259.930539512, chosen_maneuver='LANE_KEEP', target_speed_kph=10.0, lead_vehicle_id=None)
[ActionCommand]  속도(m/s): 1.68  |  조향(rad): 0.000
[ControlCmd]     스티어링(rad): 0.000  |  Throttle: 1.00  |  Brake: 0.00
========================================================

2025-06-05 19:56:32,543 - Modules.control_module - INFO - 
================= [프로세스 단일 흐름 요약] =================
[Perception]     PerceptionOutput(timestamp=260.154381313, detected_objects=[], lane_markings=[], drivable_area_mask=None, traffic_signs=[], semantic_segmentation_map=None, instance_segmentation_map=None, depth_map=None, optical_flow_map=None, scene_flow_map=None, raw_features_for_localization=None, white_line_hsv_metrics=WhiteLineHsvMetrics(timestamp=1749120992.5284522, total_white_pixels=28306, left_ratio=0.18421116979655713, mid_ratio=0.09242957746478873, right_ratio=0.06910776869158879, is_detected=True), yellow_line_hsv_metrics=YellowLineHsvMetrics(timestamp=1749120992.5284593, area=1885215.0, center_x=467, is_detected=True))
[Localization]   LocalizationInfo(timestamp=260.154381313, position=(3.2999999999999963, 0, 0), orientation_quaternion=(1, 0, 0, 0), velocity_vector=(0, 0, 0), covariance_matrix='Sample Covariance')
[PlannedPath]    PlannedPath(timestamp=260.154381313, waypoints=[(4.299999999999996, 0), (5.299999999999996, 0), (6.299999999999996, 0), (7.299999999999996, 0), (8.299999999999997, 0)])
[Decision]       ManeuverDecision(timestamp=260.154381313, chosen_maneuver='LANE_KEEP', target_speed_kph=10.0, lead_vehicle_id=None)
[ActionCommand]  속도(m/s): 1.68  |  조향(rad): 0.000
[ControlCmd]     스티어링(rad): 0.000  |  Throttle: 1.00  |  Brake: 0.00
========================================================

2025-06-05 19:56:32,594 - Modules.control_module - INFO - 
================= [프로세스 단일 흐름 요약] =================
[Perception]     PerceptionOutput(timestamp=260.154381313, detected_objects=[], lane_markings=[], drivable_area_mask=None, traffic_signs=[], semantic_segmentation_map=None, instance_segmentation_map=None, depth_map=None, optical_flow_map=None, scene_flow_map=None, raw_features_for_localization=None, white_line_hsv_metrics=WhiteLineHsvMetrics(timestamp=1749120992.578176, total_white_pixels=28306, left_ratio=0.18421116979655713, mid_ratio=0.09242957746478873, right_ratio=0.06910776869158879, is_detected=True), yellow_line_hsv_metrics=YellowLineHsvMetrics(timestamp=1749120992.578183, area=1885215.0, center_x=467, is_detected=True))
[Localization]   LocalizationInfo(timestamp=260.154381313, position=(3.349999999999996, 0, 0), orientation_quaternion=(1, 0, 0, 0), velocity_vector=(0, 0, 0), covariance_matrix='Sample Covariance')
[PlannedPath]    PlannedPath(timestamp=260.154381313, waypoints=[(4.349999999999996, 0), (5.349999999999996, 0), (6.349999999999996, 0), (7.349999999999996, 0), (8.349999999999996, 0)])
[Decision]       ManeuverDecision(timestamp=260.154381313, chosen_maneuver='LANE_KEEP', target_speed_kph=10.0, lead_vehicle_id=None)
[ActionCommand]  속도(m/s): 1.68  |  조향(rad): 0.000
[ControlCmd]     스티어링(rad): 0.000  |  Throttle: 1.00  |  Brake: 0.00
========================================================

2025-06-05 19:56:32,695 - Modules.control_module - INFO - 
================= [프로세스 단일 흐름 요약] =================
[Perception]     PerceptionOutput(timestamp=260.372815214, detected_objects=[], lane_markings=[], drivable_area_mask=None, traffic_signs=[], semantic_segmentation_map=None, instance_segmentation_map=None, depth_map=None, optical_flow_map=None, scene_flow_map=None, raw_features_for_localization=None, white_line_hsv_metrics=WhiteLineHsvMetrics(timestamp=1749120992.6804655, total_white_pixels=23464, left_ratio=0.18693759780907668, mid_ratio=0.06146077856025039, right_ratio=0.03829585280373832, is_detected=True), yellow_line_hsv_metrics=YellowLineHsvMetrics(timestamp=1749120992.6804733, area=2863395.0, center_x=504, is_detected=True))
[Localization]   LocalizationInfo(timestamp=260.372815214, position=(3.4499999999999957, 0, 0), orientation_quaternion=(1, 0, 0, 0), velocity_vector=(0.22890219774078976, 0, 0), covariance_matrix='Sample Covariance')
[PlannedPath]    PlannedPath(timestamp=260.372815214, waypoints=[(4.449999999999996, 0), (5.449999999999996, 0), (6.449999999999996, 0), (7.449999999999996, 0), (8.449999999999996, 0)])
[Decision]       ManeuverDecision(timestamp=260.372815214, chosen_maneuver='LANE_KEEP', target_speed_kph=10.0, lead_vehicle_id=None)
[ActionCommand]  속도(m/s): 1.68  |  조향(rad): 0.000
[ControlCmd]     스티어링(rad): 0.000  |  Throttle: 1.00  |  Brake: 0.00
========================================================

2025-06-05 19:56:32,746 - Modules.control_module - INFO - 
================= [프로세스 단일 흐름 요약] =================
[Perception]     PerceptionOutput(timestamp=260.372815214, detected_objects=[], lane_markings=[], drivable_area_mask=None, traffic_signs=[], semantic_segmentation_map=None, instance_segmentation_map=None, depth_map=None, optical_flow_map=None, scene_flow_map=None, raw_features_for_localization=None, white_line_hsv_metrics=WhiteLineHsvMetrics(timestamp=1749120992.7303965, total_white_pixels=23464, left_ratio=0.18693759780907668, mid_ratio=0.06146077856025039, right_ratio=0.03829585280373832, is_detected=True), yellow_line_hsv_metrics=YellowLineHsvMetrics(timestamp=1749120992.7304037, area=2863395.0, center_x=504, is_detected=True))
[Localization]   LocalizationInfo(timestamp=260.372815214, position=(3.4999999999999956, 0, 0), orientation_quaternion=(1, 0, 0, 0), velocity_vector=(0, 0, 0), covariance_matrix='Sample Covariance')
[PlannedPath]    PlannedPath(timestamp=260.372815214, waypoints=[(4.499999999999996, 0), (5.499999999999996, 0), (6.499999999999996, 0), (7.499999999999996, 0), (8.499999999999996, 0)])
[Decision]       ManeuverDecision(timestamp=260.372815214, chosen_maneuver='LANE_KEEP', target_speed_kph=10.0, lead_vehicle_id=None)
[ActionCommand]  속도(m/s): 1.68  |  조향(rad): 0.000
[ControlCmd]     스티어링(rad): 0.000  |  Throttle: 1.00  |  Brake: 0.00
========================================================

2025-06-05 19:56:32,797 - Modules.control_module - INFO - 
================= [프로세스 단일 흐름 요약] =================
[Perception]     PerceptionOutput(timestamp=260.372815214, detected_objects=[], lane_markings=[], drivable_area_mask=None, traffic_signs=[], semantic_segmentation_map=None, instance_segmentation_map=None, depth_map=None, optical_flow_map=None, scene_flow_map=None, raw_features_for_localization=None, white_line_hsv_metrics=WhiteLineHsvMetrics(timestamp=1749120992.7813218, total_white_pixels=23464, left_ratio=0.18693759780907668, mid_ratio=0.06146077856025039, right_ratio=0.03829585280373832, is_detected=True), yellow_line_hsv_metrics=YellowLineHsvMetrics(timestamp=1749120992.781328, area=2863395.0, center_x=504, is_detected=True))
[Localization]   LocalizationInfo(timestamp=260.372815214, position=(3.5499999999999954, 0, 0), orientation_quaternion=(1, 0, 0, 0), velocity_vector=(0, 0, 0), covariance_matrix='Sample Covariance')
[PlannedPath]    PlannedPath(timestamp=260.372815214, waypoints=[(4.549999999999995, 0), (5.549999999999995, 0), (6.549999999999995, 0), (7.549999999999995, 0), (8.549999999999995, 0)])
[Decision]       ManeuverDecision(timestamp=260.372815214, chosen_maneuver='LANE_KEEP', target_speed_kph=10.0, lead_vehicle_id=None)
[ActionCommand]  속도(m/s): 1.68  |  조향(rad): 0.000
[ControlCmd]     스티어링(rad): 0.000  |  Throttle: 1.00  |  Brake: 0.00
========================================================

2025-06-05 19:56:32,848 - Modules.control_module - INFO - 
================= [프로세스 단일 흐름 요약] =================
[Perception]     PerceptionOutput(timestamp=260.372815214, detected_objects=[], lane_markings=[], drivable_area_mask=None, traffic_signs=[], semantic_segmentation_map=None, instance_segmentation_map=None, depth_map=None, optical_flow_map=None, scene_flow_map=None, raw_features_for_localization=None, white_line_hsv_metrics=WhiteLineHsvMetrics(timestamp=1749120992.8306875, total_white_pixels=23464, left_ratio=0.18693759780907668, mid_ratio=0.06146077856025039, right_ratio=0.03829585280373832, is_detected=True), yellow_line_hsv_metrics=YellowLineHsvMetrics(timestamp=1749120992.830694, area=2863395.0, center_x=504, is_detected=True))
[Localization]   LocalizationInfo(timestamp=260.372815214, position=(3.599999999999995, 0, 0), orientation_quaternion=(1, 0, 0, 0), velocity_vector=(0, 0, 0), covariance_matrix='Sample Covariance')
[PlannedPath]    PlannedPath(timestamp=260.372815214, waypoints=[(4.599999999999995, 0), (5.599999999999995, 0), (6.599999999999995, 0), (7.599999999999995, 0), (8.599999999999994, 0)])
[Decision]       ManeuverDecision(timestamp=260.372815214, chosen_maneuver='LANE_KEEP', target_speed_kph=10.0, lead_vehicle_id=None)
[ActionCommand]  속도(m/s): 1.68  |  조향(rad): 0.000
[ControlCmd]     스티어링(rad): 0.000  |  Throttle: 1.00  |  Brake: 0.00
========================================================

2025-06-05 19:56:32,899 - Modules.control_module - INFO - 
================= [프로세스 단일 흐름 요약] =================
[Perception]     PerceptionOutput(timestamp=260.584546513, detected_objects=[], lane_markings=[], drivable_area_mask=None, traffic_signs=[], semantic_segmentation_map=None, instance_segmentation_map=None, depth_map=None, optical_flow_map=None, scene_flow_map=None, raw_features_for_localization=None, white_line_hsv_metrics=WhiteLineHsvMetrics(timestamp=1749120992.880231, total_white_pixels=23525, left_ratio=0.18721879890453835, mid_ratio=0.06196205007824726, right_ratio=0.038259345794392524, is_detected=True), yellow_line_hsv_metrics=YellowLineHsvMetrics(timestamp=1749120992.8802369, area=2709885.0, center_x=505, is_detected=True))
[Localization]   LocalizationInfo(timestamp=260.584546513, position=(3.649999999999995, 0, 0), orientation_quaternion=(1, 0, 0, 0), velocity_vector=(0.23614836463076852, 0, 0), covariance_matrix='Sample Covariance')
[PlannedPath]    PlannedPath(timestamp=260.584546513, waypoints=[(4.649999999999995, 0), (5.649999999999995, 0), (6.649999999999995, 0), (7.649999999999995, 0), (8.649999999999995, 0)])
[Decision]       ManeuverDecision(timestamp=260.584546513, chosen_maneuver='LANE_KEEP', target_speed_kph=10.0, lead_vehicle_id=None)
[ActionCommand]  속도(m/s): 1.68  |  조향(rad): 0.000
[ControlCmd]     스티어링(rad): 0.000  |  Throttle: 1.00  |  Brake: 0.00
========================================================

2025-06-05 19:56:32,950 - Modules.control_module - INFO - 
================= [프로세스 단일 흐름 요약] =================
[Perception]     PerceptionOutput(timestamp=260.584546513, detected_objects=[], lane_markings=[], drivable_area_mask=None, traffic_signs=[], semantic_segmentation_map=None, instance_segmentation_map=None, depth_map=None, optical_flow_map=None, scene_flow_map=None, raw_features_for_localization=None, white_line_hsv_metrics=WhiteLineHsvMetrics(timestamp=1749120992.930705, total_white_pixels=23525, left_ratio=0.18721879890453835, mid_ratio=0.06196205007824726, right_ratio=0.038259345794392524, is_detected=True), yellow_line_hsv_metrics=YellowLineHsvMetrics(timestamp=1749120992.9307117, area=2709885.0, center_x=505, is_detected=True))
[Localization]   LocalizationInfo(timestamp=260.584546513, position=(3.699999999999995, 0, 0), orientation_quaternion=(1, 0, 0, 0), velocity_vector=(0, 0, 0), covariance_matrix='Sample Covariance')
[PlannedPath]    PlannedPath(timestamp=260.584546513, waypoints=[(4.699999999999995, 0), (5.699999999999995, 0), (6.699999999999995, 0), (7.699999999999995, 0), (8.699999999999996, 0)])
[Decision]       ManeuverDecision(timestamp=260.584546513, chosen_maneuver='LANE_KEEP', target_speed_kph=10.0, lead_vehicle_id=None)
[ActionCommand]  속도(m/s): 1.68  |  조향(rad): 0.000
[ControlCmd]     스티어링(rad): 0.000  |  Throttle: 1.00  |  Brake: 0.00
========================================================

2025-06-05 19:56:33,001 - Modules.control_module - INFO - 
================= [프로세스 단일 흐름 요약] =================
[Perception]     PerceptionOutput(timestamp=260.584546513, detected_objects=[], lane_markings=[], drivable_area_mask=None, traffic_signs=[], semantic_segmentation_map=None, instance_segmentation_map=None, depth_map=None, optical_flow_map=None, scene_flow_map=None, raw_features_for_localization=None, white_line_hsv_metrics=WhiteLineHsvMetrics(timestamp=1749120992.9823256, total_white_pixels=23525, left_ratio=0.18721879890453835, mid_ratio=0.06196205007824726, right_ratio=0.038259345794392524, is_detected=True), yellow_line_hsv_metrics=YellowLineHsvMetrics(timestamp=1749120992.9823353, area=2709885.0, center_x=505, is_detected=True))
[Localization]   LocalizationInfo(timestamp=260.584546513, position=(3.7499999999999947, 0, 0), orientation_quaternion=(1, 0, 0, 0), velocity_vector=(0, 0, 0), covariance_matrix='Sample Covariance')
[PlannedPath]    PlannedPath(timestamp=260.584546513, waypoints=[(4.749999999999995, 0), (5.749999999999995, 0), (6.749999999999995, 0), (7.749999999999995, 0), (8.749999999999995, 0)])
[Decision]       ManeuverDecision(timestamp=260.584546513, chosen_maneuver='LANE_KEEP', target_speed_kph=10.0, lead_vehicle_id=None)
[ActionCommand]  속도(m/s): 1.68  |  조향(rad): 0.000
[ControlCmd]     스티어링(rad): 0.000  |  Throttle: 1.00  |  Brake: 0.00
========================================================

2025-06-05 19:56:33,102 - Modules.control_module - INFO - 
================= [프로세스 단일 흐름 요약] =================
[Perception]     PerceptionOutput(timestamp=260.584546513, detected_objects=[], lane_markings=[], drivable_area_mask=None, traffic_signs=[], semantic_segmentation_map=None, instance_segmentation_map=None, depth_map=None, optical_flow_map=None, scene_flow_map=None, raw_features_for_localization=None, white_line_hsv_metrics=WhiteLineHsvMetrics(timestamp=1749120993.0854557, total_white_pixels=23525, left_ratio=0.18721879890453835, mid_ratio=0.06196205007824726, right_ratio=0.038259345794392524, is_detected=True), yellow_line_hsv_metrics=YellowLineHsvMetrics(timestamp=1749120993.0854611, area=2709885.0, center_x=505, is_detected=True))
[Localization]   LocalizationInfo(timestamp=260.584546513, position=(3.8499999999999943, 0, 0), orientation_quaternion=(1, 0, 0, 0), velocity_vector=(0, 0, 0), covariance_matrix='Sample Covariance')
[PlannedPath]    PlannedPath(timestamp=260.584546513, waypoints=[(4.849999999999994, 0), (5.849999999999994, 0), (6.849999999999994, 0), (7.849999999999994, 0), (8.849999999999994, 0)])
[Decision]       ManeuverDecision(timestamp=260.584546513, chosen_maneuver='LANE_KEEP', target_speed_kph=10.0, lead_vehicle_id=None)
[ActionCommand]  속도(m/s): 1.68  |  조향(rad): 0.000
[ControlCmd]     스티어링(rad): 0.000  |  Throttle: 1.00  |  Brake: 0.00
========================================================

2025-06-05 19:56:33,153 - Modules.control_module - INFO - 
================= [프로세스 단일 흐름 요약] =================
[Perception]     PerceptionOutput(timestamp=260.808301516, detected_objects=[], lane_markings=[], drivable_area_mask=None, traffic_signs=[], semantic_segmentation_map=None, instance_segmentation_map=None, depth_map=None, optical_flow_map=None, scene_flow_map=None, raw_features_for_localization=None, white_line_hsv_metrics=WhiteLineHsvMetrics(timestamp=1749120993.134993, total_white_pixels=23529, left_ratio=0.18797681924882628, mid_ratio=0.06126516040688576, right_ratio=0.03824717679127726, is_detected=True), yellow_line_hsv_metrics=YellowLineHsvMetrics(timestamp=1749120993.1349998, area=2436780.0, center_x=509, is_detected=True))
[Localization]   LocalizationInfo(timestamp=260.808301516, position=(3.899999999999994, 0, 0), orientation_quaternion=(1, 0, 0, 0), velocity_vector=(0.22345869066449847, 0, 0), covariance_matrix='Sample Covariance')
[PlannedPath]    PlannedPath(timestamp=260.808301516, waypoints=[(4.899999999999994, 0), (5.899999999999994, 0), (6.899999999999994, 0), (7.899999999999994, 0), (8.899999999999995, 0)])
[Decision]       ManeuverDecision(timestamp=260.808301516, chosen_maneuver='LANE_KEEP', target_speed_kph=10.0, lead_vehicle_id=None)
[ActionCommand]  속도(m/s): 1.68  |  조향(rad): 0.000
[ControlCmd]     스티어링(rad): 0.000  |  Throttle: 1.00  |  Brake: 0.00
========================================================

2025-06-05 19:56:33,609 - Modules.control_module - INFO - 
================= [프로세스 단일 흐름 요약] =================
[Perception]     PerceptionOutput(timestamp=261.219612216, detected_objects=[], lane_markings=[], drivable_area_mask=None, traffic_signs=[], semantic_segmentation_map=None, instance_segmentation_map=None, depth_map=None, optical_flow_map=None, scene_flow_map=None, raw_features_for_localization=None, white_line_hsv_metrics=WhiteLineHsvMetrics(timestamp=1749120993.5919073, total_white_pixels=23589, left_ratio=0.18884487480438183, mid_ratio=0.06115512519561815, right_ratio=0.03822283878504673, is_detected=True), yellow_line_hsv_metrics=YellowLineHsvMetrics(timestamp=1749120993.5919135, area=1044735.0, center_x=424, is_detected=True))
[Localization]   LocalizationInfo(timestamp=261.219612216, position=(4.3499999999999925, 0, 0), orientation_quaternion=(1, 0, 0, 0), velocity_vector=(0, 0, 0), covariance_matrix='Sample Covariance')
[PlannedPath]    PlannedPath(timestamp=261.219612216, waypoints=[(5.3499999999999925, 0), (6.3499999999999925, 0), (7.3499999999999925, 0), (8.349999999999993, 0), (9.349999999999993, 0)])
[Decision]       ManeuverDecision(timestamp=261.219612216, chosen_maneuver='LANE_KEEP', target_speed_kph=10.0, lead_vehicle_id=None)
[ActionCommand]  속도(m/s): 1.68  |  조향(rad): 0.000
[ControlCmd]     스티어링(rad): 0.000  |  Throttle: 1.00  |  Brake: 0.00
========================================================

2025-06-05 19:56:33,903 - Modules.control_module - INFO - 
================= [프로세스 단일 흐름 요약] =================
[Perception]     PerceptionOutput(timestamp=261.428211118, detected_objects=[], lane_markings=[], drivable_area_mask=None, traffic_signs=[], semantic_segmentation_map=None, instance_segmentation_map=None, depth_map=None, optical_flow_map=None, scene_flow_map=None, raw_features_for_localization=None, white_line_hsv_metrics=WhiteLineHsvMetrics(timestamp=1749120993.8869832, total_white_pixels=23526, left_ratio=0.1880990805946792, mid_ratio=0.061118446791862284, right_ratio=0.038235007788161995, is_detected=True), yellow_line_hsv_metrics=YellowLineHsvMetrics(timestamp=1749120993.8869886, area=1751085.0, center_x=459, is_detected=True))
[Localization]   LocalizationInfo(timestamp=261.428211118, position=(4.6499999999999915, 0, 0), orientation_quaternion=(1, 0, 0, 0), velocity_vector=(0, 0, 0), covariance_matrix='Sample Covariance')
[PlannedPath]    PlannedPath(timestamp=261.428211118, waypoints=[(5.6499999999999915, 0), (6.6499999999999915, 0), (7.6499999999999915, 0), (8.649999999999991, 0), (9.649999999999991, 0)])
[Decision]       ManeuverDecision(timestamp=261.428211118, chosen_maneuver='LANE_KEEP', target_speed_kph=10.0, lead_vehicle_id=None)
[ActionCommand]  속도(m/s): 0.70  |  조향(rad): 0.175
[ControlCmd]     스티어링(rad): 0.175  |  Throttle: 0.50  |  Brake: 0.00
========================================================

2025-06-05 19:56:33,954 - Modules.control_module - INFO - 
================= [프로세스 단일 흐름 요약] =================
[Perception]     PerceptionOutput(timestamp=261.628188917, detected_objects=[], lane_markings=[], drivable_area_mask=None, traffic_signs=[], semantic_segmentation_map=None, instance_segmentation_map=None, depth_map=None, optical_flow_map=None, scene_flow_map=None, raw_features_for_localization=None, white_line_hsv_metrics=WhiteLineHsvMetrics(timestamp=1749120993.9357724, total_white_pixels=23592, left_ratio=0.1889060054773083, mid_ratio=0.061118446791862284, right_ratio=0.038235007788161995, is_detected=True), yellow_line_hsv_metrics=YellowLineHsvMetrics(timestamp=1749120993.9357772, area=2891955.0, center_x=504, is_detected=True))
[Localization]   LocalizationInfo(timestamp=261.628188917, position=(4.699999999999991, 0, 0), orientation_quaternion=(1, 0, 0, 0), velocity_vector=(0.2500277543308573, 0, 0), covariance_matrix='Sample Covariance')
[PlannedPath]    PlannedPath(timestamp=261.628188917, waypoints=[(5.699999999999991, 0), (6.699999999999991, 0), (7.699999999999991, 0), (8.699999999999992, 0), (9.699999999999992, 0)])
[Decision]       ManeuverDecision(timestamp=261.628188917, chosen_maneuver='LANE_KEEP', target_speed_kph=10.0, lead_vehicle_id=None)
[ActionCommand]  속도(m/s): 0.70  |  조향(rad): 0.349
[ControlCmd]     스티어링(rad): 0.349  |  Throttle: 0.50  |  Brake: 0.00
========================================================

2025-06-05 19:56:34,359 - Modules.control_module - INFO - 
================= [프로세스 단일 흐름 요약] =================
[Perception]     PerceptionOutput(timestamp=262.022015717, detected_objects=[], lane_markings=[], drivable_area_mask=None, traffic_signs=[], semantic_segmentation_map=None, instance_segmentation_map=None, depth_map=None, optical_flow_map=None, scene_flow_map=None, raw_features_for_localization=None, white_line_hsv_metrics=WhiteLineHsvMetrics(timestamp=1749120994.3422215, total_white_pixels=23621, left_ratio=0.1891505281690141, mid_ratio=0.0602870696400626, right_ratio=0.039172021028037386, is_detected=True), yellow_line_hsv_metrics=YellowLineHsvMetrics(timestamp=1749120994.3422287, area=2655315.0, center_x=505, is_detected=True))
[Localization]   LocalizationInfo(timestamp=262.022015717, position=(5.09999999999999, 0, 0), orientation_quaternion=(1, 0, 0, 0), velocity_vector=(0, 0, 0), covariance_matrix='Sample Covariance')
[PlannedPath]    PlannedPath(timestamp=262.022015717, waypoints=[(6.09999999999999, 0), (7.09999999999999, 0), (8.09999999999999, 0), (9.09999999999999, 0), (10.09999999999999, 0)])
[Decision]       ManeuverDecision(timestamp=262.022015717, chosen_maneuver='LANE_KEEP', target_speed_kph=10.0, lead_vehicle_id=None)
[ActionCommand]  속도(m/s): 0.70  |  조향(rad): 0.419
[ControlCmd]     스티어링(rad): 0.419  |  Throttle: 0.50  |  Brake: 0.00
========================================================

2025-06-05 19:56:34,755 - Modules.control_module - INFO - 
================= [프로세스 단일 흐름 요약] =================
[Perception]     PerceptionOutput(timestamp=262.425070011, detected_objects=[], lane_markings=[], drivable_area_mask=None, traffic_signs=[], semantic_segmentation_map=None, instance_segmentation_map=None, depth_map=None, optical_flow_map=None, scene_flow_map=None, raw_features_for_localization=None, white_line_hsv_metrics=WhiteLineHsvMetrics(timestamp=1749120994.7462046, total_white_pixels=22857, left_ratio=0.18863703051643194, mid_ratio=0.05111746870109546, right_ratio=0.039512753115264795, is_detected=True), yellow_line_hsv_metrics=YellowLineHsvMetrics(timestamp=1749120994.7462113, area=2352375.0, center_x=483, is_detected=True))
[Localization]   LocalizationInfo(timestamp=262.425070011, position=(5.4999999999999885, 0, 0), orientation_quaternion=(1, 0, 0, 0), velocity_vector=(0.24038958613276326, 0, 0), covariance_matrix='Sample Covariance')
[PlannedPath]    PlannedPath(timestamp=262.425070011, waypoints=[(6.4999999999999885, 0), (7.4999999999999885, 0), (8.49999999999999, 0), (9.49999999999999, 0), (10.49999999999999, 0)])
[Decision]       ManeuverDecision(timestamp=262.425070011, chosen_maneuver='LANE_KEEP', target_speed_kph=10.0, lead_vehicle_id=None)
[ActionCommand]  속도(m/s): 0.70  |  조향(rad): 0.418
[ControlCmd]     스티어링(rad): 0.418  |  Throttle: 0.50  |  Brake: 0.00
========================================================

2025-06-05 19:56:34,806 - Modules.control_module - INFO - 
================= [프로세스 단일 흐름 요약] =================
[Perception]     PerceptionOutput(timestamp=262.425070011, detected_objects=[], lane_markings=[], drivable_area_mask=None, traffic_signs=[], semantic_segmentation_map=None, instance_segmentation_map=None, depth_map=None, optical_flow_map=None, scene_flow_map=None, raw_features_for_localization=None, white_line_hsv_metrics=WhiteLineHsvMetrics(timestamp=1749120994.7961068, total_white_pixels=22857, left_ratio=0.18863703051643194, mid_ratio=0.05111746870109546, right_ratio=0.039512753115264795, is_detected=True), yellow_line_hsv_metrics=YellowLineHsvMetrics(timestamp=1749120994.796113, area=2352375.0, center_x=483, is_detected=True))
[Localization]   LocalizationInfo(timestamp=262.425070011, position=(5.549999999999988, 0, 0), orientation_quaternion=(1, 0, 0, 0), velocity_vector=(0, 0, 0), covariance_matrix='Sample Covariance')
[PlannedPath]    PlannedPath(timestamp=262.425070011, waypoints=[(6.549999999999988, 0), (7.549999999999988, 0), (8.549999999999988, 0), (9.549999999999988, 0), (10.549999999999988, 0)])
[Decision]       ManeuverDecision(timestamp=262.425070011, chosen_maneuver='LANE_KEEP', target_speed_kph=10.0, lead_vehicle_id=None)
[ActionCommand]  속도(m/s): 0.70  |  조향(rad): 0.418
[ControlCmd]     스티어링(rad): 0.418  |  Throttle: 0.50  |  Brake: 0.00
========================================================

2025-06-05 19:56:34,856 - Modules.control_module - INFO - 
================= [프로세스 단일 흐름 요약] =================
[Perception]     PerceptionOutput(timestamp=262.425070011, detected_objects=[], lane_markings=[], drivable_area_mask=None, traffic_signs=[], semantic_segmentation_map=None, instance_segmentation_map=None, depth_map=None, optical_flow_map=None, scene_flow_map=None, raw_features_for_localization=None, white_line_hsv_metrics=WhiteLineHsvMetrics(timestamp=1749120994.8462036, total_white_pixels=22857, left_ratio=0.18863703051643194, mid_ratio=0.05111746870109546, right_ratio=0.039512753115264795, is_detected=True), yellow_line_hsv_metrics=YellowLineHsvMetrics(timestamp=1749120994.84621, area=2352375.0, center_x=483, is_detected=True))
[Localization]   LocalizationInfo(timestamp=262.425070011, position=(5.599999999999988, 0, 0), orientation_quaternion=(1, 0, 0, 0), velocity_vector=(0, 0, 0), covariance_matrix='Sample Covariance')
[PlannedPath]    PlannedPath(timestamp=262.425070011, waypoints=[(6.599999999999988, 0), (7.599999999999988, 0), (8.599999999999987, 0), (9.599999999999987, 0), (10.599999999999987, 0)])
[Decision]       ManeuverDecision(timestamp=262.425070011, chosen_maneuver='LANE_KEEP', target_speed_kph=10.0, lead_vehicle_id=None)
[ActionCommand]  속도(m/s): 0.70  |  조향(rad): 0.418
[ControlCmd]     스티어링(rad): 0.418  |  Throttle: 0.50  |  Brake: 0.00
========================================================

2025-06-05 19:56:34,907 - Modules.control_module - INFO - 
================= [프로세스 단일 흐름 요약] =================
[Perception]     PerceptionOutput(timestamp=262.629136415, detected_objects=[], lane_markings=[], drivable_area_mask=None, traffic_signs=[], semantic_segmentation_map=None, instance_segmentation_map=None, depth_map=None, optical_flow_map=None, scene_flow_map=None, raw_features_for_localization=None, white_line_hsv_metrics=WhiteLineHsvMetrics(timestamp=1749120994.8952978, total_white_pixels=22023, left_ratio=0.1816803599374022, mid_ratio=0.046581572769953054, right_ratio=0.04080266744548287, is_detected=True), yellow_line_hsv_metrics=YellowLineHsvMetrics(timestamp=1749120994.8953047, area=2115480.0, center_x=466, is_detected=True))
[Localization]   LocalizationInfo(timestamp=262.629136415, position=(5.649999999999988, 0, 0), orientation_quaternion=(1, 0, 0, 0), velocity_vector=(0.2450182833623089, 0, 0), covariance_matrix='Sample Covariance')
[PlannedPath]    PlannedPath(timestamp=262.629136415, waypoints=[(6.649999999999988, 0), (7.649999999999988, 0), (8.649999999999988, 0), (9.649999999999988, 0), (10.649999999999988, 0)])
[Decision]       ManeuverDecision(timestamp=262.629136415, chosen_maneuver='LANE_KEEP', target_speed_kph=10.0, lead_vehicle_id=None)
[ActionCommand]  속도(m/s): 0.70  |  조향(rad): 0.409
[ControlCmd]     스티어링(rad): 0.409  |  Throttle: 0.50  |  Brake: 0.00
========================================================

2025-06-05 19:56:34,958 - Modules.control_module - INFO - 
================= [프로세스 단일 흐름 요약] =================
[Perception]     PerceptionOutput(timestamp=262.629136415, detected_objects=[], lane_markings=[], drivable_area_mask=None, traffic_signs=[], semantic_segmentation_map=None, instance_segmentation_map=None, depth_map=None, optical_flow_map=None, scene_flow_map=None, raw_features_for_localization=None, white_line_hsv_metrics=WhiteLineHsvMetrics(timestamp=1749120994.9455035, total_white_pixels=22023, left_ratio=0.1816803599374022, mid_ratio=0.046581572769953054, right_ratio=0.04080266744548287, is_detected=True), yellow_line_hsv_metrics=YellowLineHsvMetrics(timestamp=1749120994.94551, area=2115480.0, center_x=466, is_detected=True))
[Localization]   LocalizationInfo(timestamp=262.629136415, position=(5.699999999999988, 0, 0), orientation_quaternion=(1, 0, 0, 0), velocity_vector=(0, 0, 0), covariance_matrix='Sample Covariance')
[PlannedPath]    PlannedPath(timestamp=262.629136415, waypoints=[(6.699999999999988, 0), (7.699999999999988, 0), (8.699999999999989, 0), (9.699999999999989, 0), (10.699999999999989, 0)])
[Decision]       ManeuverDecision(timestamp=262.629136415, chosen_maneuver='LANE_KEEP', target_speed_kph=10.0, lead_vehicle_id=None)
[ActionCommand]  속도(m/s): 0.70  |  조향(rad): 0.409
[ControlCmd]     스티어링(rad): 0.409  |  Throttle: 0.50  |  Brake: 0.00
========================================================

2025-06-05 19:56:35,009 - Modules.control_module - INFO - 
================= [프로세스 단일 흐름 요약] =================
[Perception]     PerceptionOutput(timestamp=262.629136415, detected_objects=[], lane_markings=[], drivable_area_mask=None, traffic_signs=[], semantic_segmentation_map=None, instance_segmentation_map=None, depth_map=None, optical_flow_map=None, scene_flow_map=None, raw_features_for_localization=None, white_line_hsv_metrics=WhiteLineHsvMetrics(timestamp=1749120994.9943087, total_white_pixels=22023, left_ratio=0.1816803599374022, mid_ratio=0.046581572769953054, right_ratio=0.04080266744548287, is_detected=True), yellow_line_hsv_metrics=YellowLineHsvMetrics(timestamp=1749120994.9943156, area=2115480.0, center_x=466, is_detected=True))
[Localization]   LocalizationInfo(timestamp=262.629136415, position=(5.749999999999988, 0, 0), orientation_quaternion=(1, 0, 0, 0), velocity_vector=(0, 0, 0), covariance_matrix='Sample Covariance')
[PlannedPath]    PlannedPath(timestamp=262.629136415, waypoints=[(6.749999999999988, 0), (7.749999999999988, 0), (8.749999999999988, 0), (9.749999999999988, 0), (10.749999999999988, 0)])
[Decision]       ManeuverDecision(timestamp=262.629136415, chosen_maneuver='LANE_KEEP', target_speed_kph=10.0, lead_vehicle_id=None)
[ActionCommand]  속도(m/s): 0.70  |  조향(rad): 0.409
[ControlCmd]     스티어링(rad): 0.409  |  Throttle: 0.50  |  Brake: 0.00
========================================================

2025-06-05 19:56:35,060 - Modules.control_module - INFO - 
================= [프로세스 단일 흐름 요약] =================
[Perception]     PerceptionOutput(timestamp=262.629136415, detected_objects=[], lane_markings=[], drivable_area_mask=None, traffic_signs=[], semantic_segmentation_map=None, instance_segmentation_map=None, depth_map=None, optical_flow_map=None, scene_flow_map=None, raw_features_for_localization=None, white_line_hsv_metrics=WhiteLineHsvMetrics(timestamp=1749120995.0440435, total_white_pixels=22023, left_ratio=0.1816803599374022, mid_ratio=0.046581572769953054, right_ratio=0.04080266744548287, is_detected=True), yellow_line_hsv_metrics=YellowLineHsvMetrics(timestamp=1749120995.044051, area=2115480.0, center_x=466, is_detected=True))
[Localization]   LocalizationInfo(timestamp=262.629136415, position=(5.799999999999987, 0, 0), orientation_quaternion=(1, 0, 0, 0), velocity_vector=(0, 0, 0), covariance_matrix='Sample Covariance')
[PlannedPath]    PlannedPath(timestamp=262.629136415, waypoints=[(6.799999999999987, 0), (7.799999999999987, 0), (8.799999999999986, 0), (9.799999999999986, 0), (10.799999999999986, 0)])
[Decision]       ManeuverDecision(timestamp=262.629136415, chosen_maneuver='LANE_KEEP', target_speed_kph=10.0, lead_vehicle_id=None)
[ActionCommand]  속도(m/s): 0.70  |  조향(rad): 0.409
[ControlCmd]     스티어링(rad): 0.409  |  Throttle: 0.50  |  Brake: 0.00
========================================================

2025-06-05 19:56:35,111 - Modules.control_module - INFO - 
================= [프로세스 단일 흐름 요약] =================
[Perception]     PerceptionOutput(timestamp=262.629136415, detected_objects=[], lane_markings=[], drivable_area_mask=None, traffic_signs=[], semantic_segmentation_map=None, instance_segmentation_map=None, depth_map=None, optical_flow_map=None, scene_flow_map=None, raw_features_for_localization=None, white_line_hsv_metrics=WhiteLineHsvMetrics(timestamp=1749120995.092674, total_white_pixels=22023, left_ratio=0.1816803599374022, mid_ratio=0.046581572769953054, right_ratio=0.04080266744548287, is_detected=True), yellow_line_hsv_metrics=YellowLineHsvMetrics(timestamp=1749120995.0926805, area=2115480.0, center_x=466, is_detected=True))
[Localization]   LocalizationInfo(timestamp=262.629136415, position=(5.849999999999987, 0, 0), orientation_quaternion=(1, 0, 0, 0), velocity_vector=(0, 0, 0), covariance_matrix='Sample Covariance')
[PlannedPath]    PlannedPath(timestamp=262.629136415, waypoints=[(6.849999999999987, 0), (7.849999999999987, 0), (8.849999999999987, 0), (9.849999999999987, 0), (10.849999999999987, 0)])
[Decision]       ManeuverDecision(timestamp=262.629136415, chosen_maneuver='LANE_KEEP', target_speed_kph=10.0, lead_vehicle_id=None)
[ActionCommand]  속도(m/s): 0.70  |  조향(rad): 0.409
[ControlCmd]     스티어링(rad): 0.409  |  Throttle: 0.50  |  Brake: 0.00
========================================================

2025-06-05 19:56:35,151 - Modules.control_module - INFO - 
================= [프로세스 단일 흐름 요약] =================
[Perception]     PerceptionOutput(timestamp=262.831854613, detected_objects=[], lane_markings=[], drivable_area_mask=None, traffic_signs=[], semantic_segmentation_map=None, instance_segmentation_map=None, depth_map=None, optical_flow_map=None, scene_flow_map=None, raw_features_for_localization=None, white_line_hsv_metrics=WhiteLineHsvMetrics(timestamp=1749120995.142196, total_white_pixels=20740, left_ratio=0.16829274256651017, mid_ratio=0.04265698356807512, right_ratio=0.04242114485981308, is_detected=True), yellow_line_hsv_metrics=YellowLineHsvMetrics(timestamp=1749120995.1422012, area=1751595.0, center_x=443, is_detected=True))
[Localization]   LocalizationInfo(timestamp=262.831854613, position=(5.899999999999987, 0, 0), orientation_quaternion=(1, 0, 0, 0), velocity_vector=(0.24664781205285097, 0, 0), covariance_matrix='Sample Covariance')
[PlannedPath]    PlannedPath(timestamp=262.831854613, waypoints=[(6.899999999999987, 0), (7.899999999999987, 0), (8.899999999999988, 0), (9.899999999999988, 0), (10.899999999999988, 0)])
[Decision]       ManeuverDecision(timestamp=262.831854613, chosen_maneuver='LANE_KEEP', target_speed_kph=10.0, lead_vehicle_id=None)
[ActionCommand]  속도(m/s): 0.70  |  조향(rad): 0.394
[ControlCmd]     스티어링(rad): 0.394  |  Throttle: 0.50  |  Brake: 0.00
========================================================

2025-06-05 19:56:35,212 - Modules.control_module - INFO - 
================= [프로세스 단일 흐름 요약] =================
[Perception]     PerceptionOutput(timestamp=262.831854613, detected_objects=[], lane_markings=[], drivable_area_mask=None, traffic_signs=[], semantic_segmentation_map=None, instance_segmentation_map=None, depth_map=None, optical_flow_map=None, scene_flow_map=None, raw_features_for_localization=None, white_line_hsv_metrics=WhiteLineHsvMetrics(timestamp=1749120995.2017996, total_white_pixels=20740, left_ratio=0.16829274256651017, mid_ratio=0.04265698356807512, right_ratio=0.04242114485981308, is_detected=True), yellow_line_hsv_metrics=YellowLineHsvMetrics(timestamp=1749120995.201809, area=1751595.0, center_x=443, is_detected=True))
[Localization]   LocalizationInfo(timestamp=262.831854613, position=(5.949999999999987, 0, 0), orientation_quaternion=(1, 0, 0, 0), velocity_vector=(0, 0, 0), covariance_matrix='Sample Covariance')
[PlannedPath]    PlannedPath(timestamp=262.831854613, waypoints=[(6.949999999999987, 0), (7.949999999999987, 0), (8.949999999999987, 0), (9.949999999999987, 0), (10.949999999999987, 0)])
[Decision]       ManeuverDecision(timestamp=262.831854613, chosen_maneuver='LANE_KEEP', target_speed_kph=10.0, lead_vehicle_id=None)
[ActionCommand]  속도(m/s): 0.70  |  조향(rad): 0.394
[ControlCmd]     스티어링(rad): 0.394  |  Throttle: 0.50  |  Brake: 0.00
========================================================

2025-06-05 19:56:35,263 - Modules.control_module - INFO - 
================= [프로세스 단일 흐름 요약] =================
[Perception]     PerceptionOutput(timestamp=262.831854613, detected_objects=[], lane_markings=[], drivable_area_mask=None, traffic_signs=[], semantic_segmentation_map=None, instance_segmentation_map=None, depth_map=None, optical_flow_map=None, scene_flow_map=None, raw_features_for_localization=None, white_line_hsv_metrics=WhiteLineHsvMetrics(timestamp=1749120995.251344, total_white_pixels=20740, left_ratio=0.16829274256651017, mid_ratio=0.04265698356807512, right_ratio=0.04242114485981308, is_detected=True), yellow_line_hsv_metrics=YellowLineHsvMetrics(timestamp=1749120995.2513514, area=1751595.0, center_x=443, is_detected=True))
[Localization]   LocalizationInfo(timestamp=262.831854613, position=(5.999999999999987, 0, 0), orientation_quaternion=(1, 0, 0, 0), velocity_vector=(0, 0, 0), covariance_matrix='Sample Covariance')
[PlannedPath]    PlannedPath(timestamp=262.831854613, waypoints=[(6.999999999999987, 0), (7.999999999999987, 0), (8.999999999999986, 0), (9.999999999999986, 0), (10.999999999999986, 0)])
[Decision]       ManeuverDecision(timestamp=262.831854613, chosen_maneuver='LANE_KEEP', target_speed_kph=10.0, lead_vehicle_id=None)
[ActionCommand]  속도(m/s): 0.70  |  조향(rad): 0.394
[ControlCmd]     스티어링(rad): 0.394  |  Throttle: 0.50  |  Brake: 0.00
========================================================

2025-06-05 19:56:35,314 - Modules.control_module - INFO - 
================= [프로세스 단일 흐름 요약] =================
[Perception]     PerceptionOutput(timestamp=262.831854613, detected_objects=[], lane_markings=[], drivable_area_mask=None, traffic_signs=[], semantic_segmentation_map=None, instance_segmentation_map=None, depth_map=None, optical_flow_map=None, scene_flow_map=None, raw_features_for_localization=None, white_line_hsv_metrics=WhiteLineHsvMetrics(timestamp=1749120995.30116, total_white_pixels=20740, left_ratio=0.16829274256651017, mid_ratio=0.04265698356807512, right_ratio=0.04242114485981308, is_detected=True), yellow_line_hsv_metrics=YellowLineHsvMetrics(timestamp=1749120995.3011703, area=1751595.0, center_x=443, is_detected=True))
[Localization]   LocalizationInfo(timestamp=262.831854613, position=(6.0499999999999865, 0, 0), orientation_quaternion=(1, 0, 0, 0), velocity_vector=(0, 0, 0), covariance_matrix='Sample Covariance')
[PlannedPath]    PlannedPath(timestamp=262.831854613, waypoints=[(7.0499999999999865, 0), (8.049999999999986, 0), (9.049999999999986, 0), (10.049999999999986, 0), (11.049999999999986, 0)])
[Decision]       ManeuverDecision(timestamp=262.831854613, chosen_maneuver='LANE_KEEP', target_speed_kph=10.0, lead_vehicle_id=None)
[ActionCommand]  속도(m/s): 0.70  |  조향(rad): 0.394
[ControlCmd]     스티어링(rad): 0.394  |  Throttle: 0.50  |  Brake: 0.00
========================================================

2025-06-05 19:56:35,365 - Modules.control_module - INFO - 
================= [프로세스 단일 흐름 요약] =================
[Perception]     PerceptionOutput(timestamp=263.042258014, detected_objects=[], lane_markings=[], drivable_area_mask=None, traffic_signs=[], semantic_segmentation_map=None, instance_segmentation_map=None, depth_map=None, optical_flow_map=None, scene_flow_map=None, raw_features_for_localization=None, white_line_hsv_metrics=WhiteLineHsvMetrics(timestamp=1749120995.3526666, total_white_pixels=19311, left_ratio=0.15212979264475743, mid_ratio=0.03982052034428795, right_ratio=0.043942270249221184, is_detected=True), yellow_line_hsv_metrics=YellowLineHsvMetrics(timestamp=1749120995.352677, area=1189065.0, center_x=393, is_detected=True))
[Localization]   LocalizationInfo(timestamp=263.042258014, position=(6.099999999999986, 0, 0), orientation_quaternion=(1, 0, 0, 0), velocity_vector=(0.23763874425203876, 0, 0), covariance_matrix='Sample Covariance')
[PlannedPath]    PlannedPath(timestamp=263.042258014, waypoints=[(7.099999999999986, 0), (8.099999999999987, 0), (9.099999999999987, 0), (10.099999999999987, 0), (11.099999999999987, 0)])
[Decision]       ManeuverDecision(timestamp=263.042258014, chosen_maneuver='LANE_KEEP', target_speed_kph=10.0, lead_vehicle_id=None)
[ActionCommand]  속도(m/s): 0.70  |  조향(rad): 0.375
[ControlCmd]     스티어링(rad): 0.375  |  Throttle: 0.50  |  Brake: 0.00
========================================================

2025-06-05 19:56:35,415 - Modules.control_module - INFO - 
================= [프로세스 단일 흐름 요약] =================
[Perception]     PerceptionOutput(timestamp=263.042258014, detected_objects=[], lane_markings=[], drivable_area_mask=None, traffic_signs=[], semantic_segmentation_map=None, instance_segmentation_map=None, depth_map=None, optical_flow_map=None, scene_flow_map=None, raw_features_for_localization=None, white_line_hsv_metrics=WhiteLineHsvMetrics(timestamp=1749120995.4026408, total_white_pixels=19311, left_ratio=0.15212979264475743, mid_ratio=0.03982052034428795, right_ratio=0.043942270249221184, is_detected=True), yellow_line_hsv_metrics=YellowLineHsvMetrics(timestamp=1749120995.4026508, area=1189065.0, center_x=393, is_detected=True))
[Localization]   LocalizationInfo(timestamp=263.042258014, position=(6.149999999999986, 0, 0), orientation_quaternion=(1, 0, 0, 0), velocity_vector=(0, 0, 0), covariance_matrix='Sample Covariance')
[PlannedPath]    PlannedPath(timestamp=263.042258014, waypoints=[(7.149999999999986, 0), (8.149999999999986, 0), (9.149999999999986, 0), (10.149999999999986, 0), (11.149999999999986, 0)])
[Decision]       ManeuverDecision(timestamp=263.042258014, chosen_maneuver='LANE_KEEP', target_speed_kph=10.0, lead_vehicle_id=None)
[ActionCommand]  속도(m/s): 0.70  |  조향(rad): 0.375
[ControlCmd]     스티어링(rad): 0.375  |  Throttle: 0.50  |  Brake: 0.00
========================================================

2025-06-05 19:56:35,466 - Modules.control_module - INFO - 
================= [프로세스 단일 흐름 요약] =================
[Perception]     PerceptionOutput(timestamp=263.042258014, detected_objects=[], lane_markings=[], drivable_area_mask=None, traffic_signs=[], semantic_segmentation_map=None, instance_segmentation_map=None, depth_map=None, optical_flow_map=None, scene_flow_map=None, raw_features_for_localization=None, white_line_hsv_metrics=WhiteLineHsvMetrics(timestamp=1749120995.4521604, total_white_pixels=19311, left_ratio=0.15212979264475743, mid_ratio=0.03982052034428795, right_ratio=0.043942270249221184, is_detected=True), yellow_line_hsv_metrics=YellowLineHsvMetrics(timestamp=1749120995.4521677, area=1189065.0, center_x=393, is_detected=True))
[Localization]   LocalizationInfo(timestamp=263.042258014, position=(6.199999999999986, 0, 0), orientation_quaternion=(1, 0, 0, 0), velocity_vector=(0, 0, 0), covariance_matrix='Sample Covariance')
[PlannedPath]    PlannedPath(timestamp=263.042258014, waypoints=[(7.199999999999986, 0), (8.199999999999985, 0), (9.199999999999985, 0), (10.199999999999985, 0), (11.199999999999985, 0)])
[Decision]       ManeuverDecision(timestamp=263.042258014, chosen_maneuver='LANE_KEEP', target_speed_kph=10.0, lead_vehicle_id=None)
[ActionCommand]  속도(m/s): 0.70  |  조향(rad): 0.375
[ControlCmd]     스티어링(rad): 0.375  |  Throttle: 0.50  |  Brake: 0.00
========================================================

2025-06-05 19:56:35,518 - Modules.control_module - INFO - 
================= [프로세스 단일 흐름 요약] =================
[Perception]     PerceptionOutput(timestamp=263.042258014, detected_objects=[], lane_markings=[], drivable_area_mask=None, traffic_signs=[], semantic_segmentation_map=None, instance_segmentation_map=None, depth_map=None, optical_flow_map=None, scene_flow_map=None, raw_features_for_localization=None, white_line_hsv_metrics=WhiteLineHsvMetrics(timestamp=1749120995.501912, total_white_pixels=19311, left_ratio=0.15212979264475743, mid_ratio=0.03982052034428795, right_ratio=0.043942270249221184, is_detected=True), yellow_line_hsv_metrics=YellowLineHsvMetrics(timestamp=1749120995.5019257, area=1189065.0, center_x=393, is_detected=True))
[Localization]   LocalizationInfo(timestamp=263.042258014, position=(6.249999999999986, 0, 0), orientation_quaternion=(1, 0, 0, 0), velocity_vector=(0, 0, 0), covariance_matrix='Sample Covariance')
[PlannedPath]    PlannedPath(timestamp=263.042258014, waypoints=[(7.249999999999986, 0), (8.249999999999986, 0), (9.249999999999986, 0), (10.249999999999986, 0), (11.249999999999986, 0)])
[Decision]       ManeuverDecision(timestamp=263.042258014, chosen_maneuver='LANE_KEEP', target_speed_kph=10.0, lead_vehicle_id=None)
[ActionCommand]  속도(m/s): 0.70  |  조향(rad): 0.375
[ControlCmd]     스티어링(rad): 0.375  |  Throttle: 0.50  |  Brake: 0.00
========================================================

2025-06-05 19:56:35,568 - Modules.control_module - INFO - 
================= [프로세스 단일 흐름 요약] =================
[Perception]     PerceptionOutput(timestamp=263.265825014, detected_objects=[], lane_markings=[], drivable_area_mask=None, traffic_signs=[], semantic_segmentation_map=None, instance_segmentation_map=None, depth_map=None, optical_flow_map=None, scene_flow_map=None, raw_features_for_localization=None, white_line_hsv_metrics=WhiteLineHsvMetrics(timestamp=1749120995.5530927, total_white_pixels=17939, left_ratio=0.13468309859154928, mid_ratio=0.03738751956181534, right_ratio=0.047033197040498444, is_detected=True), yellow_line_hsv_metrics=YellowLineHsvMetrics(timestamp=1749120995.5531, area=969510.0, center_x=339, is_detected=True))
[Localization]   LocalizationInfo(timestamp=263.265825014, position=(6.299999999999986, 0, 0), orientation_quaternion=(1, 0, 0, 0), velocity_vector=(0.22364660258451427, 0, 0), covariance_matrix='Sample Covariance')
[PlannedPath]    PlannedPath(timestamp=263.265825014, waypoints=[(7.299999999999986, 0), (8.299999999999986, 0), (9.299999999999986, 0), (10.299999999999986, 0), (11.299999999999986, 0)])
[Decision]       ManeuverDecision(timestamp=263.265825014, chosen_maneuver='LANE_KEEP', target_speed_kph=10.0, lead_vehicle_id=None)
[ActionCommand]  속도(m/s): 0.70  |  조향(rad): 0.354
[ControlCmd]     스티어링(rad): 0.354  |  Throttle: 0.50  |  Brake: 0.00
========================================================

2025-06-05 19:56:35,619 - Modules.control_module - INFO - 
================= [프로세스 단일 흐름 요약] =================
[Perception]     PerceptionOutput(timestamp=263.265825014, detected_objects=[], lane_markings=[], drivable_area_mask=None, traffic_signs=[], semantic_segmentation_map=None, instance_segmentation_map=None, depth_map=None, optical_flow_map=None, scene_flow_map=None, raw_features_for_localization=None, white_line_hsv_metrics=WhiteLineHsvMetrics(timestamp=1749120995.6038105, total_white_pixels=17939, left_ratio=0.13468309859154928, mid_ratio=0.03738751956181534, right_ratio=0.047033197040498444, is_detected=True), yellow_line_hsv_metrics=YellowLineHsvMetrics(timestamp=1749120995.6038213, area=969510.0, center_x=339, is_detected=True))
[Localization]   LocalizationInfo(timestamp=263.265825014, position=(6.349999999999985, 0, 0), orientation_quaternion=(1, 0, 0, 0), velocity_vector=(0, 0, 0), covariance_matrix='Sample Covariance')
[PlannedPath]    PlannedPath(timestamp=263.265825014, waypoints=[(7.349999999999985, 0), (8.349999999999985, 0), (9.349999999999985, 0), (10.349999999999985, 0), (11.349999999999985, 0)])
[Decision]       ManeuverDecision(timestamp=263.265825014, chosen_maneuver='LANE_KEEP', target_speed_kph=10.0, lead_vehicle_id=None)
[ActionCommand]  속도(m/s): 0.70  |  조향(rad): 0.354
[ControlCmd]     스티어링(rad): 0.354  |  Throttle: 0.50  |  Brake: 0.00
========================================================

2025-06-05 19:56:35,660 - Modules.control_module - INFO - 
================= [프로세스 단일 흐름 요약] =================
[Perception]     PerceptionOutput(timestamp=263.265825014, detected_objects=[], lane_markings=[], drivable_area_mask=None, traffic_signs=[], semantic_segmentation_map=None, instance_segmentation_map=None, depth_map=None, optical_flow_map=None, scene_flow_map=None, raw_features_for_localization=None, white_line_hsv_metrics=WhiteLineHsvMetrics(timestamp=1749120995.6451347, total_white_pixels=17939, left_ratio=0.13468309859154928, mid_ratio=0.03738751956181534, right_ratio=0.047033197040498444, is_detected=True), yellow_line_hsv_metrics=YellowLineHsvMetrics(timestamp=1749120995.6451418, area=969510.0, center_x=339, is_detected=True))
[Localization]   LocalizationInfo(timestamp=263.265825014, position=(6.399999999999985, 0, 0), orientation_quaternion=(1, 0, 0, 0), velocity_vector=(0, 0, 0), covariance_matrix='Sample Covariance')
[PlannedPath]    PlannedPath(timestamp=263.265825014, waypoints=[(7.399999999999985, 0), (8.399999999999984, 0), (9.399999999999984, 0), (10.399999999999984, 0), (11.399999999999984, 0)])
[Decision]       ManeuverDecision(timestamp=263.265825014, chosen_maneuver='LANE_KEEP', target_speed_kph=10.0, lead_vehicle_id=None)
[ActionCommand]  속도(m/s): 0.70  |  조향(rad): 0.354
[ControlCmd]     스티어링(rad): 0.354  |  Throttle: 0.50  |  Brake: 0.00
========================================================

2025-06-05 19:56:35,721 - Modules.control_module - INFO - 
================= [프로세스 단일 흐름 요약] =================
[Perception]     PerceptionOutput(timestamp=263.265825014, detected_objects=[], lane_markings=[], drivable_area_mask=None, traffic_signs=[], semantic_segmentation_map=None, instance_segmentation_map=None, depth_map=None, optical_flow_map=None, scene_flow_map=None, raw_features_for_localization=None, white_line_hsv_metrics=WhiteLineHsvMetrics(timestamp=1749120995.7042127, total_white_pixels=17939, left_ratio=0.13468309859154928, mid_ratio=0.03738751956181534, right_ratio=0.047033197040498444, is_detected=True), yellow_line_hsv_metrics=YellowLineHsvMetrics(timestamp=1749120995.7042196, area=969510.0, center_x=339, is_detected=True))
[Localization]   LocalizationInfo(timestamp=263.265825014, position=(6.449999999999985, 0, 0), orientation_quaternion=(1, 0, 0, 0), velocity_vector=(0, 0, 0), covariance_matrix='Sample Covariance')
[PlannedPath]    PlannedPath(timestamp=263.265825014, waypoints=[(7.449999999999985, 0), (8.449999999999985, 0), (9.449999999999985, 0), (10.449999999999985, 0), (11.449999999999985, 0)])
[Decision]       ManeuverDecision(timestamp=263.265825014, chosen_maneuver='LANE_KEEP', target_speed_kph=10.0, lead_vehicle_id=None)
[ActionCommand]  속도(m/s): 0.70  |  조향(rad): 0.354
[ControlCmd]     스티어링(rad): 0.354  |  Throttle: 0.50  |  Brake: 0.00
========================================================

2025-06-05 19:56:35,914 - Modules.control_module - INFO - 
================= [프로세스 단일 흐름 요약] =================
[Perception]     PerceptionOutput(timestamp=263.482155215, detected_objects=[], lane_markings=[], drivable_area_mask=None, traffic_signs=[], semantic_segmentation_map=None, instance_segmentation_map=None, depth_map=None, optical_flow_map=None, scene_flow_map=None, raw_features_for_localization=None, white_line_hsv_metrics=WhiteLineHsvMetrics(timestamp=1749120995.903696, total_white_pixels=16787, left_ratio=0.11877689749608764, mid_ratio=0.03631161971830986, right_ratio=0.0499172507788162, is_detected=True), yellow_line_hsv_metrics=YellowLineHsvMetrics(timestamp=1749120995.9037023, area=1273215.0, center_x=328, is_detected=True))
[Localization]   LocalizationInfo(timestamp=263.482155215, position=(6.649999999999984, 0, 0), orientation_quaternion=(1, 0, 0, 0), velocity_vector=(0, 0, 0), covariance_matrix='Sample Covariance')
[PlannedPath]    PlannedPath(timestamp=263.482155215, waypoints=[(7.649999999999984, 0), (8.649999999999984, 0), (9.649999999999984, 0), (10.649999999999984, 0), (11.649999999999984, 0)])
[Decision]       ManeuverDecision(timestamp=263.482155215, chosen_maneuver='LANE_KEEP', target_speed_kph=10.0, lead_vehicle_id=None)
[ActionCommand]  속도(m/s): 0.70  |  조향(rad): 0.334
[ControlCmd]     스티어링(rad): 0.334  |  Throttle: 0.50  |  Brake: 0.00
========================================================

2025-06-05 19:56:35,964 - Modules.control_module - INFO - 
================= [프로세스 단일 흐름 요약] =================
[Perception]     PerceptionOutput(timestamp=263.482155215, detected_objects=[], lane_markings=[], drivable_area_mask=None, traffic_signs=[], semantic_segmentation_map=None, instance_segmentation_map=None, depth_map=None, optical_flow_map=None, scene_flow_map=None, raw_features_for_localization=None, white_line_hsv_metrics=WhiteLineHsvMetrics(timestamp=1749120995.9525096, total_white_pixels=16787, left_ratio=0.11877689749608764, mid_ratio=0.03631161971830986, right_ratio=0.0499172507788162, is_detected=True), yellow_line_hsv_metrics=YellowLineHsvMetrics(timestamp=1749120995.9525166, area=1273215.0, center_x=328, is_detected=True))
[Localization]   LocalizationInfo(timestamp=263.482155215, position=(6.699999999999984, 0, 0), orientation_quaternion=(1, 0, 0, 0), velocity_vector=(0, 0, 0), covariance_matrix='Sample Covariance')
[PlannedPath]    PlannedPath(timestamp=263.482155215, waypoints=[(7.699999999999984, 0), (8.699999999999985, 0), (9.699999999999985, 0), (10.699999999999985, 0), (11.699999999999985, 0)])
[Decision]       ManeuverDecision(timestamp=263.482155215, chosen_maneuver='LANE_KEEP', target_speed_kph=10.0, lead_vehicle_id=None)
[ActionCommand]  속도(m/s): 0.70  |  조향(rad): 0.334
[ControlCmd]     스티어링(rad): 0.334  |  Throttle: 0.50  |  Brake: 0.00
========================================================

2025-06-05 19:56:36,015 - Modules.control_module - INFO - 
================= [프로세스 단일 흐름 요약] =================
[Perception]     PerceptionOutput(timestamp=263.695474518, detected_objects=[], lane_markings=[], drivable_area_mask=None, traffic_signs=[], semantic_segmentation_map=None, instance_segmentation_map=None, depth_map=None, optical_flow_map=None, scene_flow_map=None, raw_features_for_localization=None, white_line_hsv_metrics=WhiteLineHsvMetrics(timestamp=1749120996.001646, total_white_pixels=15890, left_ratio=0.10446009389671361, mid_ratio=0.036605046948356805, right_ratio=0.0529595015576324, is_detected=True), yellow_line_hsv_metrics=YellowLineHsvMetrics(timestamp=1749120996.0016594, area=1729920.0, center_x=318, is_detected=True))
[Localization]   LocalizationInfo(timestamp=263.695474518, position=(6.749999999999984, 0, 0), orientation_quaternion=(1, 0, 0, 0), velocity_vector=(0.23439041519833137, 0, 0), covariance_matrix='Sample Covariance')
[PlannedPath]    PlannedPath(timestamp=263.695474518, waypoints=[(7.749999999999984, 0), (8.749999999999984, 0), (9.749999999999984, 0), (10.749999999999984, 0), (11.749999999999984, 0)])
[Decision]       ManeuverDecision(timestamp=263.695474518, chosen_maneuver='LANE_KEEP', target_speed_kph=10.0, lead_vehicle_id=None)
[ActionCommand]  속도(m/s): 0.70  |  조향(rad): 0.316
[ControlCmd]     스티어링(rad): 0.316  |  Throttle: 0.50  |  Brake: 0.00
========================================================

2025-06-05 19:56:36,067 - Modules.control_module - INFO - 
================= [프로세스 단일 흐름 요약] =================
[Perception]     PerceptionOutput(timestamp=263.695474518, detected_objects=[], lane_markings=[], drivable_area_mask=None, traffic_signs=[], semantic_segmentation_map=None, instance_segmentation_map=None, depth_map=None, optical_flow_map=None, scene_flow_map=None, raw_features_for_localization=None, white_line_hsv_metrics=WhiteLineHsvMetrics(timestamp=1749120996.0516562, total_white_pixels=15890, left_ratio=0.10446009389671361, mid_ratio=0.036605046948356805, right_ratio=0.0529595015576324, is_detected=True), yellow_line_hsv_metrics=YellowLineHsvMetrics(timestamp=1749120996.0516694, area=1729920.0, center_x=318, is_detected=True))
[Localization]   LocalizationInfo(timestamp=263.695474518, position=(6.799999999999984, 0, 0), orientation_quaternion=(1, 0, 0, 0), velocity_vector=(0, 0, 0), covariance_matrix='Sample Covariance')
[PlannedPath]    PlannedPath(timestamp=263.695474518, waypoints=[(7.799999999999984, 0), (8.799999999999983, 0), (9.799999999999983, 0), (10.799999999999983, 0), (11.799999999999983, 0)])
[Decision]       ManeuverDecision(timestamp=263.695474518, chosen_maneuver='LANE_KEEP', target_speed_kph=10.0, lead_vehicle_id=None)
[ActionCommand]  속도(m/s): 0.70  |  조향(rad): 0.316
[ControlCmd]     스티어링(rad): 0.316  |  Throttle: 0.50  |  Brake: 0.00
========================================================

2025-06-05 19:56:36,117 - Modules.control_module - INFO - 
================= [프로세스 단일 흐름 요약] =================
[Perception]     PerceptionOutput(timestamp=263.695474518, detected_objects=[], lane_markings=[], drivable_area_mask=None, traffic_signs=[], semantic_segmentation_map=None, instance_segmentation_map=None, depth_map=None, optical_flow_map=None, scene_flow_map=None, raw_features_for_localization=None, white_line_hsv_metrics=WhiteLineHsvMetrics(timestamp=1749120996.1021981, total_white_pixels=15890, left_ratio=0.10446009389671361, mid_ratio=0.036605046948356805, right_ratio=0.0529595015576324, is_detected=True), yellow_line_hsv_metrics=YellowLineHsvMetrics(timestamp=1749120996.1022081, area=1729920.0, center_x=318, is_detected=True))
[Localization]   LocalizationInfo(timestamp=263.695474518, position=(6.849999999999984, 0, 0), orientation_quaternion=(1, 0, 0, 0), velocity_vector=(0, 0, 0), covariance_matrix='Sample Covariance')
[PlannedPath]    PlannedPath(timestamp=263.695474518, waypoints=[(7.849999999999984, 0), (8.849999999999984, 0), (9.849999999999984, 0), (10.849999999999984, 0), (11.849999999999984, 0)])
[Decision]       ManeuverDecision(timestamp=263.695474518, chosen_maneuver='LANE_KEEP', target_speed_kph=10.0, lead_vehicle_id=None)
[ActionCommand]  속도(m/s): 0.70  |  조향(rad): 0.316
[ControlCmd]     스티어링(rad): 0.316  |  Throttle: 0.50  |  Brake: 0.00
========================================================

2025-06-05 19:56:36,169 - Modules.control_module - INFO - 
================= [프로세스 단일 흐름 요약] =================
[Perception]     PerceptionOutput(timestamp=263.695474518, detected_objects=[], lane_markings=[], drivable_area_mask=None, traffic_signs=[], semantic_segmentation_map=None, instance_segmentation_map=None, depth_map=None, optical_flow_map=None, scene_flow_map=None, raw_features_for_localization=None, white_line_hsv_metrics=WhiteLineHsvMetrics(timestamp=1749120996.15112, total_white_pixels=15890, left_ratio=0.10446009389671361, mid_ratio=0.036605046948356805, right_ratio=0.0529595015576324, is_detected=True), yellow_line_hsv_metrics=YellowLineHsvMetrics(timestamp=1749120996.151129, area=1729920.0, center_x=318, is_detected=True))
[Localization]   LocalizationInfo(timestamp=263.695474518, position=(6.8999999999999835, 0, 0), orientation_quaternion=(1, 0, 0, 0), velocity_vector=(0, 0, 0), covariance_matrix='Sample Covariance')
[PlannedPath]    PlannedPath(timestamp=263.695474518, waypoints=[(7.8999999999999835, 0), (8.899999999999984, 0), (9.899999999999984, 0), (10.899999999999984, 0), (11.899999999999984, 0)])
[Decision]       ManeuverDecision(timestamp=263.695474518, chosen_maneuver='LANE_KEEP', target_speed_kph=10.0, lead_vehicle_id=None)
[ActionCommand]  속도(m/s): 0.70  |  조향(rad): 0.316
[ControlCmd]     스티어링(rad): 0.316  |  Throttle: 0.50  |  Brake: 0.00
========================================================

2025-06-05 19:56:36,361 - Modules.control_module - INFO - 
================= [프로세스 단일 흐름 요약] =================
[Perception]     PerceptionOutput(timestamp=263.912830513, detected_objects=[], lane_markings=[], drivable_area_mask=None, traffic_signs=[], semantic_segmentation_map=None, instance_segmentation_map=None, depth_map=None, optical_flow_map=None, scene_flow_map=None, raw_features_for_localization=None, white_line_hsv_metrics=WhiteLineHsvMetrics(timestamp=1749120996.3494735, total_white_pixels=15188, left_ratio=0.0917693661971831, mid_ratio=0.03725303208137715, right_ratio=0.05640332943925234, is_detected=True), yellow_line_hsv_metrics=YellowLineHsvMetrics(timestamp=1749120996.3494785, area=2476050.0, center_x=308, is_detected=True))
[Localization]   LocalizationInfo(timestamp=263.912830513, position=(7.099999999999983, 0, 0), orientation_quaternion=(1, 0, 0, 0), velocity_vector=(0, 0, 0), covariance_matrix='Sample Covariance')
[PlannedPath]    PlannedPath(timestamp=263.912830513, waypoints=[(8.099999999999984, 0), (9.099999999999984, 0), (10.099999999999984, 0), (11.099999999999984, 0), (12.099999999999984, 0)])
[Decision]       ManeuverDecision(timestamp=263.912830513, chosen_maneuver='LANE_KEEP', target_speed_kph=10.0, lead_vehicle_id=None)
[ActionCommand]  속도(m/s): 0.98  |  조향(rad): 0.141
[ControlCmd]     스티어링(rad): 0.141  |  Throttle: 0.70  |  Brake: 0.00
========================================================

2025-06-05 19:56:36,422 - Modules.control_module - INFO - 
================= [프로세스 단일 흐름 요약] =================
[Perception]     PerceptionOutput(timestamp=264.130391113, detected_objects=[], lane_markings=[], drivable_area_mask=None, traffic_signs=[], semantic_segmentation_map=None, instance_segmentation_map=None, depth_map=None, optical_flow_map=None, scene_flow_map=None, raw_features_for_localization=None, white_line_hsv_metrics=WhiteLineHsvMetrics(timestamp=1749120996.4086432, total_white_pixels=14825, left_ratio=0.08239192097026604, mid_ratio=0.03851232394366197, right_ratio=0.060066199376947044, is_detected=True), yellow_line_hsv_metrics=YellowLineHsvMetrics(timestamp=1749120996.4086666, area=2976870.0, center_x=289, is_detected=True))
[Localization]   LocalizationInfo(timestamp=264.130391113, position=(7.149999999999983, 0, 0), orientation_quaternion=(1, 0, 0, 0), velocity_vector=(0.2298210245789453, 0, 0), covariance_matrix='Sample Covariance')
[PlannedPath]    PlannedPath(timestamp=264.130391113, waypoints=[(8.149999999999983, 0), (9.149999999999983, 0), (10.149999999999983, 0), (11.149999999999983, 0), (12.149999999999983, 0)])
[Decision]       ManeuverDecision(timestamp=264.130391113, chosen_maneuver='LANE_KEEP', target_speed_kph=10.0, lead_vehicle_id=None)
[ActionCommand]  속도(m/s): 1.26  |  조향(rad): 0.023
[ControlCmd]     스티어링(rad): 0.023  |  Throttle: 0.90  |  Brake: 0.00
========================================================

2025-06-05 19:56:36,565 - Modules.control_module - INFO - 
================= [프로세스 단일 흐름 요약] =================
[Perception]     PerceptionOutput(timestamp=264.130391113, detected_objects=[], lane_markings=[], drivable_area_mask=None, traffic_signs=[], semantic_segmentation_map=None, instance_segmentation_map=None, depth_map=None, optical_flow_map=None, scene_flow_map=None, raw_features_for_localization=None, white_line_hsv_metrics=WhiteLineHsvMetrics(timestamp=1749120996.551295, total_white_pixels=14825, left_ratio=0.08239192097026604, mid_ratio=0.03851232394366197, right_ratio=0.060066199376947044, is_detected=True), yellow_line_hsv_metrics=YellowLineHsvMetrics(timestamp=1749120996.551303, area=2976870.0, center_x=289, is_detected=True))
[Localization]   LocalizationInfo(timestamp=264.130391113, position=(7.299999999999982, 0, 0), orientation_quaternion=(1, 0, 0, 0), velocity_vector=(0, 0, 0), covariance_matrix='Sample Covariance')
[PlannedPath]    PlannedPath(timestamp=264.130391113, waypoints=[(8.299999999999983, 0), (9.299999999999983, 0), (10.299999999999983, 0), (11.299999999999983, 0), (12.299999999999983, 0)])
[Decision]       ManeuverDecision(timestamp=264.130391113, chosen_maneuver='LANE_KEEP', target_speed_kph=10.0, lead_vehicle_id=None)
[ActionCommand]  속도(m/s): 1.26  |  조향(rad): 0.023
[ControlCmd]     스티어링(rad): 0.023  |  Throttle: 0.90  |  Brake: 0.00
========================================================

2025-06-05 19:56:36,667 - Modules.control_module - INFO - 
================= [프로세스 단일 흐름 요약] =================
[Perception]     PerceptionOutput(timestamp=264.362974411, detected_objects=[], lane_markings=[], drivable_area_mask=None, traffic_signs=[], semantic_segmentation_map=None, instance_segmentation_map=None, depth_map=None, optical_flow_map=None, scene_flow_map=None, raw_features_for_localization=None, white_line_hsv_metrics=WhiteLineHsvMetrics(timestamp=1749120996.6526392, total_white_pixels=14708, left_ratio=0.07531298904538342, mid_ratio=0.03979606807511737, right_ratio=0.06441053348909657, is_detected=True), yellow_line_hsv_metrics=YellowLineHsvMetrics(timestamp=1749120996.652647, area=2935560.0, center_x=261, is_detected=True))
[Localization]   LocalizationInfo(timestamp=264.362974411, position=(7.399999999999982, 0, 0), orientation_quaternion=(1, 0, 0, 0), velocity_vector=(0.21497674351491114, 0, 0), covariance_matrix='Sample Covariance')
[PlannedPath]    PlannedPath(timestamp=264.362974411, waypoints=[(8.39999999999998, 0), (9.39999999999998, 0), (10.39999999999998, 0), (11.39999999999998, 0), (12.39999999999998, 0)])
[Decision]       ManeuverDecision(timestamp=264.362974411, chosen_maneuver='LANE_KEEP', target_speed_kph=10.0, lead_vehicle_id=None)
[ActionCommand]  속도(m/s): 1.26  |  조향(rad): 0.011
[ControlCmd]     스티어링(rad): 0.011  |  Throttle: 0.90  |  Brake: 0.00
========================================================

2025-06-05 19:56:36,718 - Modules.control_module - INFO - 
================= [프로세스 단일 흐름 요약] =================
[Perception]     PerceptionOutput(timestamp=264.362974411, detected_objects=[], lane_markings=[], drivable_area_mask=None, traffic_signs=[], semantic_segmentation_map=None, instance_segmentation_map=None, depth_map=None, optical_flow_map=None, scene_flow_map=None, raw_features_for_localization=None, white_line_hsv_metrics=WhiteLineHsvMetrics(timestamp=1749120996.70205, total_white_pixels=14708, left_ratio=0.07531298904538342, mid_ratio=0.03979606807511737, right_ratio=0.06441053348909657, is_detected=True), yellow_line_hsv_metrics=YellowLineHsvMetrics(timestamp=1749120996.7020628, area=2935560.0, center_x=261, is_detected=True))
[Localization]   LocalizationInfo(timestamp=264.362974411, position=(7.4499999999999815, 0, 0), orientation_quaternion=(1, 0, 0, 0), velocity_vector=(0, 0, 0), covariance_matrix='Sample Covariance')
[PlannedPath]    PlannedPath(timestamp=264.362974411, waypoints=[(8.449999999999982, 0), (9.449999999999982, 0), (10.449999999999982, 0), (11.449999999999982, 0), (12.449999999999982, 0)])
[Decision]       ManeuverDecision(timestamp=264.362974411, chosen_maneuver='LANE_KEEP', target_speed_kph=10.0, lead_vehicle_id=None)
[ActionCommand]  속도(m/s): 1.26  |  조향(rad): 0.011
[ControlCmd]     스티어링(rad): 0.011  |  Throttle: 0.90  |  Brake: 0.00
========================================================

2025-06-05 19:56:36,871 - Modules.control_module - INFO - 
================= [프로세스 단일 흐름 요약] =================
[Perception]     PerceptionOutput(timestamp=264.597649815, detected_objects=[], lane_markings=[], drivable_area_mask=None, traffic_signs=[], semantic_segmentation_map=None, instance_segmentation_map=None, depth_map=None, optical_flow_map=None, scene_flow_map=None, raw_features_for_localization=None, white_line_hsv_metrics=WhiteLineHsvMetrics(timestamp=1749120996.8558242, total_white_pixels=14979, left_ratio=0.06842967527386541, mid_ratio=0.04347613458528952, right_ratio=0.0708966121495327, is_detected=True), yellow_line_hsv_metrics=YellowLineHsvMetrics(timestamp=1749120996.8558319, area=2814435.0, center_x=220, is_detected=True))
[Localization]   LocalizationInfo(timestamp=264.597649815, position=(7.599999999999981, 0, 0), orientation_quaternion=(1, 0, 0, 0), velocity_vector=(0.21306024895559053, 0, 0), covariance_matrix='Sample Covariance')
[PlannedPath]    PlannedPath(timestamp=264.597649815, waypoints=[(8.59999999999998, 0), (9.59999999999998, 0), (10.59999999999998, 0), (11.59999999999998, 0), (12.59999999999998, 0)])
[Decision]       ManeuverDecision(timestamp=264.597649815, chosen_maneuver='LANE_KEEP', target_speed_kph=10.0, lead_vehicle_id=None)
[ActionCommand]  속도(m/s): 1.26  |  조향(rad): -0.003
[ControlCmd]     스티어링(rad): -0.003  |  Throttle: 0.90  |  Brake: 0.00
========================================================

2025-06-05 19:56:36,922 - Modules.control_module - INFO - 
================= [프로세스 단일 흐름 요약] =================
[Perception]     PerceptionOutput(timestamp=264.597649815, detected_objects=[], lane_markings=[], drivable_area_mask=None, traffic_signs=[], semantic_segmentation_map=None, instance_segmentation_map=None, depth_map=None, optical_flow_map=None, scene_flow_map=None, raw_features_for_localization=None, white_line_hsv_metrics=WhiteLineHsvMetrics(timestamp=1749120996.9043405, total_white_pixels=14979, left_ratio=0.06842967527386541, mid_ratio=0.04347613458528952, right_ratio=0.0708966121495327, is_detected=True), yellow_line_hsv_metrics=YellowLineHsvMetrics(timestamp=1749120996.9043474, area=2814435.0, center_x=220, is_detected=True))
[Localization]   LocalizationInfo(timestamp=264.597649815, position=(7.649999999999981, 0, 0), orientation_quaternion=(1, 0, 0, 0), velocity_vector=(0, 0, 0), covariance_matrix='Sample Covariance')
[PlannedPath]    PlannedPath(timestamp=264.597649815, waypoints=[(8.64999999999998, 0), (9.64999999999998, 0), (10.64999999999998, 0), (11.64999999999998, 0), (12.64999999999998, 0)])
[Decision]       ManeuverDecision(timestamp=264.597649815, chosen_maneuver='LANE_KEEP', target_speed_kph=10.0, lead_vehicle_id=None)
[ActionCommand]  속도(m/s): 1.26  |  조향(rad): -0.003
[ControlCmd]     스티어링(rad): -0.003  |  Throttle: 0.90  |  Brake: 0.00
========================================================

2025-06-05 19:56:37,024 - Modules.control_module - INFO - 
================= [프로세스 단일 흐름 요약] =================
[Perception]     PerceptionOutput(timestamp=264.597649815, detected_objects=[], lane_markings=[], drivable_area_mask=None, traffic_signs=[], semantic_segmentation_map=None, instance_segmentation_map=None, depth_map=None, optical_flow_map=None, scene_flow_map=None, raw_features_for_localization=None, white_line_hsv_metrics=WhiteLineHsvMetrics(timestamp=1749120997.003808, total_white_pixels=14979, left_ratio=0.06842967527386541, mid_ratio=0.04347613458528952, right_ratio=0.0708966121495327, is_detected=True), yellow_line_hsv_metrics=YellowLineHsvMetrics(timestamp=1749120997.0038168, area=2814435.0, center_x=220, is_detected=True))
[Localization]   LocalizationInfo(timestamp=264.597649815, position=(7.7499999999999805, 0, 0), orientation_quaternion=(1, 0, 0, 0), velocity_vector=(0, 0, 0), covariance_matrix='Sample Covariance')
[PlannedPath]    PlannedPath(timestamp=264.597649815, waypoints=[(8.74999999999998, 0), (9.74999999999998, 0), (10.74999999999998, 0), (11.74999999999998, 0), (12.74999999999998, 0)])
[Decision]       ManeuverDecision(timestamp=264.597649815, chosen_maneuver='LANE_KEEP', target_speed_kph=10.0, lead_vehicle_id=None)
[ActionCommand]  속도(m/s): 1.26  |  조향(rad): -0.003
[ControlCmd]     스티어링(rad): -0.003  |  Throttle: 0.90  |  Brake: 0.00
========================================================

2025-06-05 19:56:37,075 - Modules.control_module - INFO - 
================= [프로세스 단일 흐름 요약] =================
[Perception]     PerceptionOutput(timestamp=264.597649815, detected_objects=[], lane_markings=[], drivable_area_mask=None, traffic_signs=[], semantic_segmentation_map=None, instance_segmentation_map=None, depth_map=None, optical_flow_map=None, scene_flow_map=None, raw_features_for_localization=None, white_line_hsv_metrics=WhiteLineHsvMetrics(timestamp=1749120997.0560312, total_white_pixels=14979, left_ratio=0.06842967527386541, mid_ratio=0.04347613458528952, right_ratio=0.0708966121495327, is_detected=True), yellow_line_hsv_metrics=YellowLineHsvMetrics(timestamp=1749120997.0560412, area=2814435.0, center_x=220, is_detected=True))
[Localization]   LocalizationInfo(timestamp=264.597649815, position=(7.79999999999998, 0, 0), orientation_quaternion=(1, 0, 0, 0), velocity_vector=(0, 0, 0), covariance_matrix='Sample Covariance')
[PlannedPath]    PlannedPath(timestamp=264.597649815, waypoints=[(8.79999999999998, 0), (9.79999999999998, 0), (10.79999999999998, 0), (11.79999999999998, 0), (12.79999999999998, 0)])
[Decision]       ManeuverDecision(timestamp=264.597649815, chosen_maneuver='LANE_KEEP', target_speed_kph=10.0, lead_vehicle_id=None)
[ActionCommand]  속도(m/s): 1.26  |  조향(rad): -0.003
[ControlCmd]     스티어링(rad): -0.003  |  Throttle: 0.90  |  Brake: 0.00
========================================================

2025-06-05 19:56:38,028 - Modules.control_module - INFO - 
================= [프로세스 단일 흐름 요약] =================
[Perception]     PerceptionOutput(timestamp=265.689541312, detected_objects=[], lane_markings=[], drivable_area_mask=None, traffic_signs=[], semantic_segmentation_map=None, instance_segmentation_map=None, depth_map=None, optical_flow_map=None, scene_flow_map=None, raw_features_for_localization=None, white_line_hsv_metrics=WhiteLineHsvMetrics(timestamp=1749120998.01049, total_white_pixels=21473, left_ratio=0.059455692488262914, mid_ratio=0.07956768388106417, right_ratio=0.12293126947040499, is_detected=True), yellow_line_hsv_metrics=YellowLineHsvMetrics(timestamp=1749120998.0104954, area=1874505.0, center_x=47, is_detected=True))
[Localization]   LocalizationInfo(timestamp=265.689541312, position=(8.74999999999999, 0, 0), orientation_quaternion=(1, 0, 0, 0), velocity_vector=(0.2397506593143103, 0, 0), covariance_matrix='Sample Covariance')
[PlannedPath]    PlannedPath(timestamp=265.689541312, waypoints=[(9.74999999999999, 0), (10.74999999999999, 0), (11.74999999999999, 0), (12.74999999999999, 0), (13.74999999999999, 0)])
[Decision]       ManeuverDecision(timestamp=265.689541312, chosen_maneuver='LANE_KEEP', target_speed_kph=10.0, lead_vehicle_id=None)
[ActionCommand]  속도(m/s): 0.70  |  조향(rad): -0.177
[ControlCmd]     스티어링(rad): -0.177  |  Throttle: 0.50  |  Brake: 0.00
========================================================

2025-06-05 19:56:38,282 - Modules.control_module - INFO - 
================= [프로세스 단일 흐름 요약] =================
[Perception]     PerceptionOutput(timestamp=265.885467517, detected_objects=[], lane_markings=[], drivable_area_mask=None, traffic_signs=[], semantic_segmentation_map=None, instance_segmentation_map=None, depth_map=None, optical_flow_map=None, scene_flow_map=None, raw_features_for_localization=None, white_line_hsv_metrics=WhiteLineHsvMetrics(timestamp=1749120998.2615309, total_white_pixels=21477, left_ratio=0.05976134585289515, mid_ratio=0.09593847809076682, right_ratio=0.10638142523364486, is_detected=True), yellow_line_hsv_metrics=YellowLineHsvMetrics(timestamp=1749120998.2615392, area=942480.0, center_x=47, is_detected=True))
[Localization]   LocalizationInfo(timestamp=265.885467517, position=(8.999999999999993, 0, 0), orientation_quaternion=(1, 0, 0, 0), velocity_vector=(0, 0, 0), covariance_matrix='Sample Covariance')
[PlannedPath]    PlannedPath(timestamp=265.885467517, waypoints=[(9.999999999999993, 0), (10.999999999999993, 0), (11.999999999999993, 0), (12.999999999999993, 0), (13.999999999999993, 0)])
[Decision]       ManeuverDecision(timestamp=265.885467517, chosen_maneuver='LANE_KEEP', target_speed_kph=10.0, lead_vehicle_id=None)
[ActionCommand]  속도(m/s): 1.26  |  조향(rad): -0.049
[ControlCmd]     스티어링(rad): -0.049  |  Throttle: 0.90  |  Brake: 0.00
========================================================

2025-06-05 19:56:38,383 - Modules.control_module - INFO - 
================= [프로세스 단일 흐름 요약] =================
[Perception]     PerceptionOutput(timestamp=265.885467517, detected_objects=[], lane_markings=[], drivable_area_mask=None, traffic_signs=[], semantic_segmentation_map=None, instance_segmentation_map=None, depth_map=None, optical_flow_map=None, scene_flow_map=None, raw_features_for_localization=None, white_line_hsv_metrics=WhiteLineHsvMetrics(timestamp=1749120998.3636506, total_white_pixels=21477, left_ratio=0.05976134585289515, mid_ratio=0.09593847809076682, right_ratio=0.10638142523364486, is_detected=True), yellow_line_hsv_metrics=YellowLineHsvMetrics(timestamp=1749120998.3636606, area=942480.0, center_x=47, is_detected=True))
[Localization]   LocalizationInfo(timestamp=265.885467517, position=(9.099999999999994, 0, 0), orientation_quaternion=(1, 0, 0, 0), velocity_vector=(0, 0, 0), covariance_matrix='Sample Covariance')
[PlannedPath]    PlannedPath(timestamp=265.885467517, waypoints=[(10.099999999999994, 0), (11.099999999999994, 0), (12.099999999999994, 0), (13.099999999999994, 0), (14.099999999999994, 0)])
[Decision]       ManeuverDecision(timestamp=265.885467517, chosen_maneuver='LANE_KEEP', target_speed_kph=10.0, lead_vehicle_id=None)
[ActionCommand]  속도(m/s): 1.26  |  조향(rad): -0.049
[ControlCmd]     스티어링(rad): -0.049  |  Throttle: 0.90  |  Brake: 0.00
========================================================

2025-06-05 19:56:38,728 - Modules.control_module - INFO - 
================= [프로세스 단일 흐름 요약] =================
[Perception]     PerceptionOutput(timestamp=266.351037216, detected_objects=[], lane_markings=[], drivable_area_mask=None, traffic_signs=[], semantic_segmentation_map=None, instance_segmentation_map=None, depth_map=None, optical_flow_map=None, scene_flow_map=None, raw_features_for_localization=None, white_line_hsv_metrics=WhiteLineHsvMetrics(timestamp=1749120998.7176917, total_white_pixels=21439, left_ratio=0.060421557120500784, mid_ratio=0.1457599765258216, right_ratio=0.05567318925233645, is_detected=True), yellow_line_hsv_metrics=YellowLineHsvMetrics(timestamp=1749120998.7177002, area=536775.0, center_x=58, is_detected=True))
[Localization]   LocalizationInfo(timestamp=266.351037216, position=(9.45, 0, 0), orientation_quaternion=(1, 0, 0, 0), velocity_vector=(0, 0, 0), covariance_matrix='Sample Covariance')
[PlannedPath]    PlannedPath(timestamp=266.351037216, waypoints=[(10.45, 0), (11.45, 0), (12.45, 0), (13.45, 0), (14.45, 0)])
[Decision]       ManeuverDecision(timestamp=266.351037216, chosen_maneuver='LANE_KEEP', target_speed_kph=10.0, lead_vehicle_id=None)
[ActionCommand]  속도(m/s): 1.26  |  조향(rad): 0.005
[ControlCmd]     스티어링(rad): 0.005  |  Throttle: 0.90  |  Brake: 0.00
========================================================

2025-06-05 19:56:38,779 - Modules.control_module - INFO - 
================= [프로세스 단일 흐름 요약] =================
[Perception]     PerceptionOutput(timestamp=266.351037216, detected_objects=[], lane_markings=[], drivable_area_mask=None, traffic_signs=[], semantic_segmentation_map=None, instance_segmentation_map=None, depth_map=None, optical_flow_map=None, scene_flow_map=None, raw_features_for_localization=None, white_line_hsv_metrics=WhiteLineHsvMetrics(timestamp=1749120998.766479, total_white_pixels=21439, left_ratio=0.060421557120500784, mid_ratio=0.1457599765258216, right_ratio=0.05567318925233645, is_detected=True), yellow_line_hsv_metrics=YellowLineHsvMetrics(timestamp=1749120998.7664866, area=536775.0, center_x=58, is_detected=True))
[Localization]   LocalizationInfo(timestamp=266.351037216, position=(9.5, 0, 0), orientation_quaternion=(1, 0, 0, 0), velocity_vector=(0, 0, 0), covariance_matrix='Sample Covariance')
[PlannedPath]    PlannedPath(timestamp=266.351037216, waypoints=[(10.5, 0), (11.5, 0), (12.5, 0), (13.5, 0), (14.5, 0)])
[Decision]       ManeuverDecision(timestamp=266.351037216, chosen_maneuver='LANE_KEEP', target_speed_kph=10.0, lead_vehicle_id=None)
[ActionCommand]  속도(m/s): 1.26  |  조향(rad): 0.005
[ControlCmd]     스티어링(rad): 0.005  |  Throttle: 0.90  |  Brake: 0.00
========================================================

2025-06-05 19:56:38,829 - Modules.control_module - INFO - 
================= [프로세스 단일 흐름 요약] =================
[Perception]     PerceptionOutput(timestamp=266.542124815, detected_objects=[], lane_markings=[], drivable_area_mask=None, traffic_signs=[], semantic_segmentation_map=None, instance_segmentation_map=None, depth_map=None, optical_flow_map=None, scene_flow_map=None, raw_features_for_localization=None, white_line_hsv_metrics=WhiteLineHsvMetrics(timestamp=1749120998.817182, total_white_pixels=21476, left_ratio=0.06105731611893584, mid_ratio=0.1657008020344288, right_ratio=0.03564301012461059, is_detected=True), yellow_line_hsv_metrics=YellowLineHsvMetrics(timestamp=1749120998.8171875, area=551055.0, center_x=48, is_detected=True))
[Localization]   LocalizationInfo(timestamp=266.542124815, position=(9.55, 0, 0), orientation_quaternion=(1, 0, 0, 0), velocity_vector=(0.2616600986231265, 0, 0), covariance_matrix='Sample Covariance')
[PlannedPath]    PlannedPath(timestamp=266.542124815, waypoints=[(10.55, 0), (11.55, 0), (12.55, 0), (13.55, 0), (14.55, 0)])
[Decision]       ManeuverDecision(timestamp=266.542124815, chosen_maneuver='LANE_KEEP', target_speed_kph=10.0, lead_vehicle_id=None)
[ActionCommand]  속도(m/s): 1.26  |  조향(rad): 0.027
[ControlCmd]     스티어링(rad): 0.027  |  Throttle: 0.90  |  Brake: 0.00
========================================================

2025-06-05 19:56:38,880 - Modules.control_module - INFO - 
================= [프로세스 단일 흐름 요약] =================
[Perception]     PerceptionOutput(timestamp=266.542124815, detected_objects=[], lane_markings=[], drivable_area_mask=None, traffic_signs=[], semantic_segmentation_map=None, instance_segmentation_map=None, depth_map=None, optical_flow_map=None, scene_flow_map=None, raw_features_for_localization=None, white_line_hsv_metrics=WhiteLineHsvMetrics(timestamp=1749120998.8679712, total_white_pixels=21476, left_ratio=0.06105731611893584, mid_ratio=0.1657008020344288, right_ratio=0.03564301012461059, is_detected=True), yellow_line_hsv_metrics=YellowLineHsvMetrics(timestamp=1749120998.8679807, area=551055.0, center_x=48, is_detected=True))
[Localization]   LocalizationInfo(timestamp=266.542124815, position=(9.600000000000001, 0, 0), orientation_quaternion=(1, 0, 0, 0), velocity_vector=(0, 0, 0), covariance_matrix='Sample Covariance')
[PlannedPath]    PlannedPath(timestamp=266.542124815, waypoints=[(10.600000000000001, 0), (11.600000000000001, 0), (12.600000000000001, 0), (13.600000000000001, 0), (14.600000000000001, 0)])
[Decision]       ManeuverDecision(timestamp=266.542124815, chosen_maneuver='LANE_KEEP', target_speed_kph=10.0, lead_vehicle_id=None)
[ActionCommand]  속도(m/s): 1.26  |  조향(rad): 0.027
[ControlCmd]     스티어링(rad): 0.027  |  Throttle: 0.90  |  Brake: 0.00
========================================================

2025-06-05 19:56:38,931 - Modules.control_module - INFO - 
================= [프로세스 단일 흐름 요약] =================
[Perception]     PerceptionOutput(timestamp=266.542124815, detected_objects=[], lane_markings=[], drivable_area_mask=None, traffic_signs=[], semantic_segmentation_map=None, instance_segmentation_map=None, depth_map=None, optical_flow_map=None, scene_flow_map=None, raw_features_for_localization=None, white_line_hsv_metrics=WhiteLineHsvMetrics(timestamp=1749120998.9197006, total_white_pixels=21476, left_ratio=0.06105731611893584, mid_ratio=0.1657008020344288, right_ratio=0.03564301012461059, is_detected=True), yellow_line_hsv_metrics=YellowLineHsvMetrics(timestamp=1749120998.919709, area=551055.0, center_x=48, is_detected=True))
[Localization]   LocalizationInfo(timestamp=266.542124815, position=(9.650000000000002, 0, 0), orientation_quaternion=(1, 0, 0, 0), velocity_vector=(0, 0, 0), covariance_matrix='Sample Covariance')
[PlannedPath]    PlannedPath(timestamp=266.542124815, waypoints=[(10.650000000000002, 0), (11.650000000000002, 0), (12.650000000000002, 0), (13.650000000000002, 0), (14.650000000000002, 0)])
[Decision]       ManeuverDecision(timestamp=266.542124815, chosen_maneuver='LANE_KEEP', target_speed_kph=10.0, lead_vehicle_id=None)
[ActionCommand]  속도(m/s): 1.26  |  조향(rad): 0.027
[ControlCmd]     스티어링(rad): 0.027  |  Throttle: 0.90  |  Brake: 0.00
========================================================

2025-06-05 19:56:39,034 - Modules.control_module - INFO - 
================= [프로세스 단일 흐름 요약] =================
[Perception]     PerceptionOutput(timestamp=266.713300715, detected_objects=[], lane_markings=[], drivable_area_mask=None, traffic_signs=[], semantic_segmentation_map=None, instance_segmentation_map=None, depth_map=None, optical_flow_map=None, scene_flow_map=None, raw_features_for_localization=None, white_line_hsv_metrics=WhiteLineHsvMetrics(timestamp=1749120999.0243418, total_white_pixels=21478, left_ratio=0.06172975352112676, mid_ratio=0.17477259389671362, right_ratio=0.025968652647975078, is_detected=True), yellow_line_hsv_metrics=YellowLineHsvMetrics(timestamp=1749120999.0243483, area=472005.0, center_x=48, is_detected=True))
[Localization]   LocalizationInfo(timestamp=266.713300715, position=(9.750000000000004, 0, 0), orientation_quaternion=(1, 0, 0, 0), velocity_vector=(0.2920971935886173, 0, 0), covariance_matrix='Sample Covariance')
[PlannedPath]    PlannedPath(timestamp=266.713300715, waypoints=[(10.750000000000004, 0), (11.750000000000004, 0), (12.750000000000004, 0), (13.750000000000004, 0), (14.750000000000004, 0)])
[Decision]       ManeuverDecision(timestamp=266.713300715, chosen_maneuver='LANE_KEEP', target_speed_kph=10.0, lead_vehicle_id=None)
[ActionCommand]  속도(m/s): 1.26  |  조향(rad): 0.037
[ControlCmd]     스티어링(rad): 0.037  |  Throttle: 0.90  |  Brake: 0.00
========================================================

2025-06-05 19:56:39,095 - Modules.control_module - INFO - 
================= [프로세스 단일 흐름 요약] =================
[Perception]     PerceptionOutput(timestamp=266.713300715, detected_objects=[], lane_markings=[], drivable_area_mask=None, traffic_signs=[], semantic_segmentation_map=None, instance_segmentation_map=None, depth_map=None, optical_flow_map=None, scene_flow_map=None, raw_features_for_localization=None, white_line_hsv_metrics=WhiteLineHsvMetrics(timestamp=1749120999.0751052, total_white_pixels=21478, left_ratio=0.06172975352112676, mid_ratio=0.17477259389671362, right_ratio=0.025968652647975078, is_detected=True), yellow_line_hsv_metrics=YellowLineHsvMetrics(timestamp=1749120999.075118, area=472005.0, center_x=48, is_detected=True))
[Localization]   LocalizationInfo(timestamp=266.713300715, position=(9.800000000000004, 0, 0), orientation_quaternion=(1, 0, 0, 0), velocity_vector=(0, 0, 0), covariance_matrix='Sample Covariance')
[PlannedPath]    PlannedPath(timestamp=266.713300715, waypoints=[(10.800000000000004, 0), (11.800000000000004, 0), (12.800000000000004, 0), (13.800000000000004, 0), (14.800000000000004, 0)])
[Decision]       ManeuverDecision(timestamp=266.713300715, chosen_maneuver='LANE_KEEP', target_speed_kph=10.0, lead_vehicle_id=None)
[ActionCommand]  속도(m/s): 1.26  |  조향(rad): 0.037
[ControlCmd]     스티어링(rad): 0.037  |  Throttle: 0.90  |  Brake: 0.00
========================================================

2025-06-05 19:56:39,135 - Modules.control_module - INFO - 
================= [프로세스 단일 흐름 요약] =================
[Perception]     PerceptionOutput(timestamp=266.824266014, detected_objects=[], lane_markings=[], drivable_area_mask=None, traffic_signs=[], semantic_segmentation_map=None, instance_segmentation_map=None, depth_map=None, optical_flow_map=None, scene_flow_map=None, raw_features_for_localization=None, white_line_hsv_metrics=WhiteLineHsvMetrics(timestamp=1749120999.118721, total_white_pixels=21465, left_ratio=0.06300127151799687, mid_ratio=0.17720559467918623, right_ratio=0.022123247663551403, is_detected=True), yellow_line_hsv_metrics=YellowLineHsvMetrics(timestamp=1749120999.1187332, area=351900.0, center_x=51, is_detected=True))
[Localization]   LocalizationInfo(timestamp=266.824266014, position=(9.850000000000005, 0, 0), orientation_quaternion=(1, 0, 0, 0), velocity_vector=(0.4505913150381037, 0, 0), covariance_matrix='Sample Covariance')
[PlannedPath]    PlannedPath(timestamp=266.824266014, waypoints=[(10.850000000000005, 0), (11.850000000000005, 0), (12.850000000000005, 0), (13.850000000000005, 0), (14.850000000000005, 0)])
[Decision]       ManeuverDecision(timestamp=266.824266014, chosen_maneuver='LANE_KEEP', target_speed_kph=10.0, lead_vehicle_id=None)
[ActionCommand]  속도(m/s): 1.26  |  조향(rad): 0.043
[ControlCmd]     스티어링(rad): 0.043  |  Throttle: 0.90  |  Brake: 0.00
========================================================

2025-06-05 19:56:39,186 - Modules.control_module - INFO - 
================= [프로세스 단일 흐름 요약] =================
[Perception]     PerceptionOutput(timestamp=266.824266014, detected_objects=[], lane_markings=[], drivable_area_mask=None, traffic_signs=[], semantic_segmentation_map=None, instance_segmentation_map=None, depth_map=None, optical_flow_map=None, scene_flow_map=None, raw_features_for_localization=None, white_line_hsv_metrics=WhiteLineHsvMetrics(timestamp=1749120999.1726887, total_white_pixels=21465, left_ratio=0.06300127151799687, mid_ratio=0.17720559467918623, right_ratio=0.022123247663551403, is_detected=True), yellow_line_hsv_metrics=YellowLineHsvMetrics(timestamp=1749120999.1727023, area=351900.0, center_x=51, is_detected=True))
[Localization]   LocalizationInfo(timestamp=266.824266014, position=(9.900000000000006, 0, 0), orientation_quaternion=(1, 0, 0, 0), velocity_vector=(0, 0, 0), covariance_matrix='Sample Covariance')
[PlannedPath]    PlannedPath(timestamp=266.824266014, waypoints=[(10.900000000000006, 0), (11.900000000000006, 0), (12.900000000000006, 0), (13.900000000000006, 0), (14.900000000000006, 0)])
[Decision]       ManeuverDecision(timestamp=266.824266014, chosen_maneuver='LANE_KEEP', target_speed_kph=10.0, lead_vehicle_id=None)
[ActionCommand]  속도(m/s): 1.26  |  조향(rad): 0.043
[ControlCmd]     스티어링(rad): 0.043  |  Throttle: 0.90  |  Brake: 0.00
========================================================

2025-06-05 19:56:39,237 - Modules.control_module - INFO - 
================= [프로세스 단일 흐름 요약] =================
[Perception]     PerceptionOutput(timestamp=266.824266014, detected_objects=[], lane_markings=[], drivable_area_mask=None, traffic_signs=[], semantic_segmentation_map=None, instance_segmentation_map=None, depth_map=None, optical_flow_map=None, scene_flow_map=None, raw_features_for_localization=None, white_line_hsv_metrics=WhiteLineHsvMetrics(timestamp=1749120999.2263381, total_white_pixels=21465, left_ratio=0.06300127151799687, mid_ratio=0.17720559467918623, right_ratio=0.022123247663551403, is_detected=True), yellow_line_hsv_metrics=YellowLineHsvMetrics(timestamp=1749120999.2263489, area=351900.0, center_x=51, is_detected=True))
[Localization]   LocalizationInfo(timestamp=266.824266014, position=(9.950000000000006, 0, 0), orientation_quaternion=(1, 0, 0, 0), velocity_vector=(0, 0, 0), covariance_matrix='Sample Covariance')
[PlannedPath]    PlannedPath(timestamp=266.824266014, waypoints=[(10.950000000000006, 0), (11.950000000000006, 0), (12.950000000000006, 0), (13.950000000000006, 0), (14.950000000000006, 0)])
[Decision]       ManeuverDecision(timestamp=266.824266014, chosen_maneuver='LANE_KEEP', target_speed_kph=10.0, lead_vehicle_id=None)
[ActionCommand]  속도(m/s): 1.26  |  조향(rad): 0.043
[ControlCmd]     스티어링(rad): 0.043  |  Throttle: 0.90  |  Brake: 0.00
========================================================

2025-06-05 19:56:39,288 - Modules.control_module - INFO - 
================= [프로세스 단일 흐름 요약] =================
[Perception]     PerceptionOutput(timestamp=266.824266014, detected_objects=[], lane_markings=[], drivable_area_mask=None, traffic_signs=[], semantic_segmentation_map=None, instance_segmentation_map=None, depth_map=None, optical_flow_map=None, scene_flow_map=None, raw_features_for_localization=None, white_line_hsv_metrics=WhiteLineHsvMetrics(timestamp=1749120999.268506, total_white_pixels=21465, left_ratio=0.06300127151799687, mid_ratio=0.17720559467918623, right_ratio=0.022123247663551403, is_detected=True), yellow_line_hsv_metrics=YellowLineHsvMetrics(timestamp=1749120999.268516, area=351900.0, center_x=51, is_detected=True))
[Localization]   LocalizationInfo(timestamp=266.824266014, position=(10.000000000000007, 0, 0), orientation_quaternion=(1, 0, 0, 0), velocity_vector=(0, 0, 0), covariance_matrix='Sample Covariance')
[PlannedPath]    PlannedPath(timestamp=266.824266014, waypoints=[(11.000000000000007, 0), (12.000000000000007, 0), (13.000000000000007, 0), (14.000000000000007, 0), (15.000000000000007, 0)])
[Decision]       ManeuverDecision(timestamp=266.824266014, chosen_maneuver='LANE_KEEP', target_speed_kph=10.0, lead_vehicle_id=None)
[ActionCommand]  속도(m/s): 1.26  |  조향(rad): 0.043
[ControlCmd]     스티어링(rad): 0.043  |  Throttle: 0.90  |  Brake: 0.00
========================================================

2025-06-05 19:56:39,339 - Modules.control_module - INFO - 
================= [프로세스 단일 흐름 요약] =================
[Perception]     PerceptionOutput(timestamp=266.824266014, detected_objects=[], lane_markings=[], drivable_area_mask=None, traffic_signs=[], semantic_segmentation_map=None, instance_segmentation_map=None, depth_map=None, optical_flow_map=None, scene_flow_map=None, raw_features_for_localization=None, white_line_hsv_metrics=WhiteLineHsvMetrics(timestamp=1749120999.3209295, total_white_pixels=21465, left_ratio=0.06300127151799687, mid_ratio=0.17720559467918623, right_ratio=0.022123247663551403, is_detected=True), yellow_line_hsv_metrics=YellowLineHsvMetrics(timestamp=1749120999.3209398, area=351900.0, center_x=51, is_detected=True))
[Localization]   LocalizationInfo(timestamp=266.824266014, position=(10.050000000000008, 0, 0), orientation_quaternion=(1, 0, 0, 0), velocity_vector=(0, 0, 0), covariance_matrix='Sample Covariance')
[PlannedPath]    PlannedPath(timestamp=266.824266014, waypoints=[(11.050000000000008, 0), (12.050000000000008, 0), (13.050000000000008, 0), (14.050000000000008, 0), (15.050000000000008, 0)])
[Decision]       ManeuverDecision(timestamp=266.824266014, chosen_maneuver='LANE_KEEP', target_speed_kph=10.0, lead_vehicle_id=None)
[ActionCommand]  속도(m/s): 1.26  |  조향(rad): 0.043
[ControlCmd]     스티어링(rad): 0.043  |  Throttle: 0.90  |  Brake: 0.00
========================================================

2025-06-05 19:56:39,390 - Modules.control_module - INFO - 
================= [프로세스 단일 흐름 요약] =================
[Perception]     PerceptionOutput(timestamp=266.824266014, detected_objects=[], lane_markings=[], drivable_area_mask=None, traffic_signs=[], semantic_segmentation_map=None, instance_segmentation_map=None, depth_map=None, optical_flow_map=None, scene_flow_map=None, raw_features_for_localization=None, white_line_hsv_metrics=WhiteLineHsvMetrics(timestamp=1749120999.3733976, total_white_pixels=21465, left_ratio=0.06300127151799687, mid_ratio=0.17720559467918623, right_ratio=0.022123247663551403, is_detected=True), yellow_line_hsv_metrics=YellowLineHsvMetrics(timestamp=1749120999.3734064, area=351900.0, center_x=51, is_detected=True))
[Localization]   LocalizationInfo(timestamp=266.824266014, position=(10.100000000000009, 0, 0), orientation_quaternion=(1, 0, 0, 0), velocity_vector=(0, 0, 0), covariance_matrix='Sample Covariance')
[PlannedPath]    PlannedPath(timestamp=266.824266014, waypoints=[(11.100000000000009, 0), (12.100000000000009, 0), (13.100000000000009, 0), (14.100000000000009, 0), (15.100000000000009, 0)])
[Decision]       ManeuverDecision(timestamp=266.824266014, chosen_maneuver='LANE_KEEP', target_speed_kph=10.0, lead_vehicle_id=None)
[ActionCommand]  속도(m/s): 1.26  |  조향(rad): 0.043
[ControlCmd]     스티어링(rad): 0.043  |  Throttle: 0.90  |  Brake: 0.00
========================================================

2025-06-05 19:56:39,441 - Modules.control_module - INFO - 
================= [프로세스 단일 흐름 요약] =================
[Perception]     PerceptionOutput(timestamp=267.095811911, detected_objects=[], lane_markings=[], drivable_area_mask=None, traffic_signs=[], semantic_segmentation_map=None, instance_segmentation_map=None, depth_map=None, optical_flow_map=None, scene_flow_map=None, raw_features_for_localization=None, white_line_hsv_metrics=WhiteLineHsvMetrics(timestamp=1749120999.4258845, total_white_pixels=21386, left_ratio=0.06570324726134585, mid_ratio=0.17356220657276994, right_ratio=0.02209890965732087, is_detected=True), yellow_line_hsv_metrics=YellowLineHsvMetrics(timestamp=1749120999.425895, area=218790.0, center_x=67, is_detected=True))
[Localization]   LocalizationInfo(timestamp=267.095811911, position=(10.15000000000001, 0, 0), orientation_quaternion=(1, 0, 0, 0), velocity_vector=(0.18413093533134167, 0, 0), covariance_matrix='Sample Covariance')
[PlannedPath]    PlannedPath(timestamp=267.095811911, waypoints=[(11.15000000000001, 0), (12.15000000000001, 0), (13.15000000000001, 0), (14.15000000000001, 0), (15.15000000000001, 0)])
[Decision]       ManeuverDecision(timestamp=267.095811911, chosen_maneuver='LANE_KEEP', target_speed_kph=10.0, lead_vehicle_id=None)
[ActionCommand]  속도(m/s): 1.26  |  조향(rad): 0.046
[ControlCmd]     스티어링(rad): 0.046  |  Throttle: 0.90  |  Brake: 0.00
========================================================

2025-06-05 19:56:39,481 - Modules.control_module - INFO - 
================= [프로세스 단일 흐름 요약] =================
[Perception]     PerceptionOutput(timestamp=267.095811911, detected_objects=[], lane_markings=[], drivable_area_mask=None, traffic_signs=[], semantic_segmentation_map=None, instance_segmentation_map=None, depth_map=None, optical_flow_map=None, scene_flow_map=None, raw_features_for_localization=None, white_line_hsv_metrics=WhiteLineHsvMetrics(timestamp=1749120999.468409, total_white_pixels=21386, left_ratio=0.06570324726134585, mid_ratio=0.17356220657276994, right_ratio=0.02209890965732087, is_detected=True), yellow_line_hsv_metrics=YellowLineHsvMetrics(timestamp=1749120999.4684184, area=218790.0, center_x=67, is_detected=True))
[Localization]   LocalizationInfo(timestamp=267.095811911, position=(10.20000000000001, 0, 0), orientation_quaternion=(1, 0, 0, 0), velocity_vector=(0, 0, 0), covariance_matrix='Sample Covariance')
[PlannedPath]    PlannedPath(timestamp=267.095811911, waypoints=[(11.20000000000001, 0), (12.20000000000001, 0), (13.20000000000001, 0), (14.20000000000001, 0), (15.20000000000001, 0)])
[Decision]       ManeuverDecision(timestamp=267.095811911, chosen_maneuver='LANE_KEEP', target_speed_kph=10.0, lead_vehicle_id=None)
[ActionCommand]  속도(m/s): 1.26  |  조향(rad): 0.046
[ControlCmd]     스티어링(rad): 0.046  |  Throttle: 0.90  |  Brake: 0.00
========================================================

2025-06-05 19:56:39,793 - Modules.control_module - INFO - 
================= [프로세스 단일 흐름 요약] =================
[Perception]     PerceptionOutput(timestamp=267.407266411, detected_objects=[], lane_markings=[], drivable_area_mask=None, traffic_signs=[], semantic_segmentation_map=None, instance_segmentation_map=None, depth_map=None, optical_flow_map=None, scene_flow_map=None, raw_features_for_localization=None, white_line_hsv_metrics=WhiteLineHsvMetrics(timestamp=1749120999.7724354, total_white_pixels=21327, left_ratio=0.11487676056338028, mid_ratio=0.12356954225352113, right_ratio=0.02219626168224299, is_detected=True), yellow_line_hsv_metrics=YellowLineHsvMetrics(timestamp=1749120999.7724435, area=228225.0, center_x=49, is_detected=True))
[Localization]   LocalizationInfo(timestamp=267.407266411, position=(10.500000000000014, 0, 0), orientation_quaternion=(1, 0, 0, 0), velocity_vector=(0, 0, 0), covariance_matrix='Sample Covariance')
[PlannedPath]    PlannedPath(timestamp=267.407266411, waypoints=[(11.500000000000014, 0), (12.500000000000014, 0), (13.500000000000014, 0), (14.500000000000014, 0), (15.500000000000014, 0)])
[Decision]       ManeuverDecision(timestamp=267.407266411, chosen_maneuver='LANE_KEEP', target_speed_kph=10.0, lead_vehicle_id=None)
[ActionCommand]  속도(m/s): 0.70  |  조향(rad): 0.220
[ControlCmd]     스티어링(rad): 0.220  |  Throttle: 0.50  |  Brake: 0.00
========================================================

2025-06-05 19:56:40,544 - Modules.control_module - INFO - 
================= [프로세스 단일 흐름 요약] =================
[Perception]     PerceptionOutput(timestamp=268.274628613, detected_objects=[], lane_markings=[], drivable_area_mask=None, traffic_signs=[], semantic_segmentation_map=None, instance_segmentation_map=None, depth_map=None, optical_flow_map=None, scene_flow_map=None, raw_features_for_localization=None, white_line_hsv_metrics=WhiteLineHsvMetrics(timestamp=1749121000.5258427, total_white_pixels=20870, left_ratio=0.20877347417840375, mid_ratio=0.023376369327073553, right_ratio=0.02290206386292835, is_detected=True), yellow_line_hsv_metrics=YellowLineHsvMetrics(timestamp=1749121000.5258484, area=90270.0, center_x=41, is_detected=True))
[Localization]   LocalizationInfo(timestamp=268.274628613, position=(11.250000000000025, 0, 0), orientation_quaternion=(1, 0, 0, 0), velocity_vector=(0.24574396518190122, 0, 0), covariance_matrix='Sample Covariance')
[PlannedPath]    PlannedPath(timestamp=268.274628613, waypoints=[(12.250000000000025, 0), (13.250000000000025, 0), (14.250000000000025, 0), (15.250000000000025, 0), (16.250000000000025, 0)])
[Decision]       ManeuverDecision(timestamp=268.274628613, chosen_maneuver='LANE_KEEP', target_speed_kph=10.0, lead_vehicle_id=None)
[ActionCommand]  속도(m/s): 0.70  |  조향(rad): 0.395
[ControlCmd]     스티어링(rad): 0.395  |  Throttle: 0.50  |  Brake: 0.00
========================================================

2025-06-05 19:56:41,356 - Modules.control_module - INFO - 
================= [프로세스 단일 흐름 요약] =================
[Perception]     PerceptionOutput(timestamp=268.900172916, detected_objects=[], lane_markings=[], drivable_area_mask=None, traffic_signs=[], semantic_segmentation_map=None, instance_segmentation_map=None, depth_map=None, optical_flow_map=None, scene_flow_map=None, raw_features_for_localization=None, white_line_hsv_metrics=WhiteLineHsvMetrics(timestamp=1749121001.338144, total_white_pixels=11449, left_ratio=0.09485035211267606, mid_ratio=0.021530223004694836, right_ratio=0.023486176012461057, is_detected=True), yellow_line_hsv_metrics=YellowLineHsvMetrics(timestamp=1749121001.3381639, area=37740.0, center_x=24, is_detected=True))
[Localization]   LocalizationInfo(timestamp=268.900172916, position=(12.050000000000036, 0, 0), orientation_quaternion=(1, 0, 0, 0), velocity_vector=(0, 0, 0), covariance_matrix='Sample Covariance')
[PlannedPath]    PlannedPath(timestamp=268.900172916, waypoints=[(13.050000000000036, 0), (14.050000000000036, 0), (15.050000000000036, 0), (16.050000000000036, 0), (17.050000000000036, 0)])
[Decision]       ManeuverDecision(timestamp=268.900172916, chosen_maneuver='LANE_KEEP', target_speed_kph=10.0, lead_vehicle_id=None)
[ActionCommand]  속도(m/s): 0.70  |  조향(rad): 0.337
[ControlCmd]     스티어링(rad): 0.337  |  Throttle: 0.50  |  Brake: 0.00
========================================================

2025-06-05 19:56:41,396 - Modules.control_module - INFO - 
================= [프로세스 단일 흐름 요약] =================
[Perception]     PerceptionOutput(timestamp=269.110379917, detected_objects=[], lane_markings=[], drivable_area_mask=None, traffic_signs=[], semantic_segmentation_map=None, instance_segmentation_map=None, depth_map=None, optical_flow_map=None, scene_flow_map=None, raw_features_for_localization=None, white_line_hsv_metrics=WhiteLineHsvMetrics(timestamp=1749121001.3884642, total_white_pixels=60715, left_ratio=0.20909135367762127, mid_ratio=0.27609057120500785, right_ratio=0.25592630451713394, is_detected=True), yellow_line_hsv_metrics=YellowLineHsvMetrics(timestamp=1749121001.3884704, area=416925.0, center_x=368, is_detected=True))
[Localization]   LocalizationInfo(timestamp=269.110379917, position=(12.100000000000037, 0, 0), orientation_quaternion=(1, 0, 0, 0), velocity_vector=(0.2378607741994116, 0, 0), covariance_matrix='Sample Covariance')
[PlannedPath]    PlannedPath(timestamp=269.110379917, waypoints=[(13.100000000000037, 0), (14.100000000000037, 0), (15.100000000000037, 0), (16.100000000000037, 0), (17.100000000000037, 0)])
[Decision]       ManeuverDecision(timestamp=269.110379917, chosen_maneuver='LANE_KEEP', target_speed_kph=10.0, lead_vehicle_id=None)
[ActionCommand]  속도(m/s): 0.98  |  조향(rad): 0.162
[ControlCmd]     스티어링(rad): 0.162  |  Throttle: 0.70  |  Brake: 0.00
========================================================

2025-06-05 19:56:41,457 - Modules.control_module - INFO - 
================= [프로세스 단일 흐름 요약] =================
[Perception]     PerceptionOutput(timestamp=269.110379917, detected_objects=[], lane_markings=[], drivable_area_mask=None, traffic_signs=[], semantic_segmentation_map=None, instance_segmentation_map=None, depth_map=None, optical_flow_map=None, scene_flow_map=None, raw_features_for_localization=None, white_line_hsv_metrics=WhiteLineHsvMetrics(timestamp=1749121001.4379747, total_white_pixels=60715, left_ratio=0.20909135367762127, mid_ratio=0.27609057120500785, right_ratio=0.25592630451713394, is_detected=True), yellow_line_hsv_metrics=YellowLineHsvMetrics(timestamp=1749121001.4379845, area=416925.0, center_x=368, is_detected=True))
[Localization]   LocalizationInfo(timestamp=269.110379917, position=(12.150000000000038, 0, 0), orientation_quaternion=(1, 0, 0, 0), velocity_vector=(0, 0, 0), covariance_matrix='Sample Covariance')
[PlannedPath]    PlannedPath(timestamp=269.110379917, waypoints=[(13.150000000000038, 0), (14.150000000000038, 0), (15.150000000000038, 0), (16.150000000000038, 0), (17.150000000000038, 0)])
[Decision]       ManeuverDecision(timestamp=269.110379917, chosen_maneuver='LANE_KEEP', target_speed_kph=10.0, lead_vehicle_id=None)
[ActionCommand]  속도(m/s): 1.26  |  조향(rad): -0.013
[ControlCmd]     스티어링(rad): -0.013  |  Throttle: 0.90  |  Brake: 0.00
========================================================

2025-06-05 19:56:41,498 - Modules.control_module - INFO - 
================= [프로세스 단일 흐름 요약] =================
[Perception]     PerceptionOutput(timestamp=269.110379917, detected_objects=[], lane_markings=[], drivable_area_mask=None, traffic_signs=[], semantic_segmentation_map=None, instance_segmentation_map=None, depth_map=None, optical_flow_map=None, scene_flow_map=None, raw_features_for_localization=None, white_line_hsv_metrics=WhiteLineHsvMetrics(timestamp=1749121001.4892561, total_white_pixels=60715, left_ratio=0.20909135367762127, mid_ratio=0.27609057120500785, right_ratio=0.25592630451713394, is_detected=True), yellow_line_hsv_metrics=YellowLineHsvMetrics(timestamp=1749121001.4892633, area=416925.0, center_x=368, is_detected=True))
[Localization]   LocalizationInfo(timestamp=269.110379917, position=(12.200000000000038, 0, 0), orientation_quaternion=(1, 0, 0, 0), velocity_vector=(0, 0, 0), covariance_matrix='Sample Covariance')
[PlannedPath]    PlannedPath(timestamp=269.110379917, waypoints=[(13.200000000000038, 0), (14.200000000000038, 0), (15.200000000000038, 0), (16.20000000000004, 0), (17.20000000000004, 0)])
[Decision]       ManeuverDecision(timestamp=269.110379917, chosen_maneuver='LANE_KEEP', target_speed_kph=10.0, lead_vehicle_id=None)
[ActionCommand]  속도(m/s): 1.26  |  조향(rad): -0.049
[ControlCmd]     스티어링(rad): -0.049  |  Throttle: 0.90  |  Brake: 0.00
========================================================

2025-06-05 19:56:41,549 - Modules.control_module - INFO - 
================= [프로세스 단일 흐름 요약] =================
[Perception]     PerceptionOutput(timestamp=269.110379917, detected_objects=[], lane_markings=[], drivable_area_mask=None, traffic_signs=[], semantic_segmentation_map=None, instance_segmentation_map=None, depth_map=None, optical_flow_map=None, scene_flow_map=None, raw_features_for_localization=None, white_line_hsv_metrics=WhiteLineHsvMetrics(timestamp=1749121001.5385706, total_white_pixels=60715, left_ratio=0.20909135367762127, mid_ratio=0.27609057120500785, right_ratio=0.25592630451713394, is_detected=True), yellow_line_hsv_metrics=YellowLineHsvMetrics(timestamp=1749121001.5385776, area=416925.0, center_x=368, is_detected=True))
[Localization]   LocalizationInfo(timestamp=269.110379917, position=(12.250000000000039, 0, 0), orientation_quaternion=(1, 0, 0, 0), velocity_vector=(0, 0, 0), covariance_matrix='Sample Covariance')
[PlannedPath]    PlannedPath(timestamp=269.110379917, waypoints=[(13.250000000000039, 0), (14.250000000000039, 0), (15.250000000000039, 0), (16.25000000000004, 0), (17.25000000000004, 0)])
[Decision]       ManeuverDecision(timestamp=269.110379917, chosen_maneuver='LANE_KEEP', target_speed_kph=10.0, lead_vehicle_id=None)
[ActionCommand]  속도(m/s): 1.26  |  조향(rad): -0.049
[ControlCmd]     스티어링(rad): -0.049  |  Throttle: 0.90  |  Brake: 0.00
========================================================

2025-06-05 19:56:41,600 - Modules.control_module - INFO - 
================= [프로세스 단일 흐름 요약] =================
[Perception]     PerceptionOutput(timestamp=269.327872512, detected_objects=[], lane_markings=[], drivable_area_mask=None, traffic_signs=[], semantic_segmentation_map=None, instance_segmentation_map=None, depth_map=None, optical_flow_map=None, scene_flow_map=None, raw_features_for_localization=None, white_line_hsv_metrics=WhiteLineHsvMetrics(timestamp=1749121001.5878716, total_white_pixels=61645, left_ratio=0.21136541471048514, mid_ratio=0.280235230829421, right_ratio=0.2608547507788162, is_detected=True), yellow_line_hsv_metrics=YellowLineHsvMetrics(timestamp=1749121001.5878785, area=415140.0, center_x=366, is_detected=True))
[Localization]   LocalizationInfo(timestamp=269.327872512, position=(12.30000000000004, 0, 0), orientation_quaternion=(1, 0, 0, 0), velocity_vector=(0.22989288439911099, 0, 0), covariance_matrix='Sample Covariance')
[PlannedPath]    PlannedPath(timestamp=269.327872512, waypoints=[(13.30000000000004, 0), (14.30000000000004, 0), (15.30000000000004, 0), (16.30000000000004, 0), (17.30000000000004, 0)])
[Decision]       ManeuverDecision(timestamp=269.327872512, chosen_maneuver='LANE_KEEP', target_speed_kph=10.0, lead_vehicle_id=None)
[ActionCommand]  속도(m/s): 1.26  |  조향(rad): -0.052
[ControlCmd]     스티어링(rad): -0.052  |  Throttle: 0.90  |  Brake: 0.00
========================================================

2025-06-05 19:56:41,650 - Modules.control_module - INFO - 
================= [프로세스 단일 흐름 요약] =================
[Perception]     PerceptionOutput(timestamp=269.327872512, detected_objects=[], lane_markings=[], drivable_area_mask=None, traffic_signs=[], semantic_segmentation_map=None, instance_segmentation_map=None, depth_map=None, optical_flow_map=None, scene_flow_map=None, raw_features_for_localization=None, white_line_hsv_metrics=WhiteLineHsvMetrics(timestamp=1749121001.6381814, total_white_pixels=61645, left_ratio=0.21136541471048514, mid_ratio=0.280235230829421, right_ratio=0.2608547507788162, is_detected=True), yellow_line_hsv_metrics=YellowLineHsvMetrics(timestamp=1749121001.6381936, area=415140.0, center_x=366, is_detected=True))
[Localization]   LocalizationInfo(timestamp=269.327872512, position=(12.35000000000004, 0, 0), orientation_quaternion=(1, 0, 0, 0), velocity_vector=(0, 0, 0), covariance_matrix='Sample Covariance')
[PlannedPath]    PlannedPath(timestamp=269.327872512, waypoints=[(13.35000000000004, 0), (14.35000000000004, 0), (15.35000000000004, 0), (16.35000000000004, 0), (17.35000000000004, 0)])
[Decision]       ManeuverDecision(timestamp=269.327872512, chosen_maneuver='LANE_KEEP', target_speed_kph=10.0, lead_vehicle_id=None)
[ActionCommand]  속도(m/s): 1.26  |  조향(rad): -0.052
[ControlCmd]     스티어링(rad): -0.052  |  Throttle: 0.90  |  Brake: 0.00
========================================================

2025-06-05 19:56:41,701 - Modules.control_module - INFO - 
================= [프로세스 단일 흐름 요약] =================
[Perception]     PerceptionOutput(timestamp=269.327872512, detected_objects=[], lane_markings=[], drivable_area_mask=None, traffic_signs=[], semantic_segmentation_map=None, instance_segmentation_map=None, depth_map=None, optical_flow_map=None, scene_flow_map=None, raw_features_for_localization=None, white_line_hsv_metrics=WhiteLineHsvMetrics(timestamp=1749121001.6892414, total_white_pixels=61645, left_ratio=0.21136541471048514, mid_ratio=0.280235230829421, right_ratio=0.2608547507788162, is_detected=True), yellow_line_hsv_metrics=YellowLineHsvMetrics(timestamp=1749121001.6892517, area=415140.0, center_x=366, is_detected=True))
[Localization]   LocalizationInfo(timestamp=269.327872512, position=(12.400000000000041, 0, 0), orientation_quaternion=(1, 0, 0, 0), velocity_vector=(0, 0, 0), covariance_matrix='Sample Covariance')
[PlannedPath]    PlannedPath(timestamp=269.327872512, waypoints=[(13.400000000000041, 0), (14.400000000000041, 0), (15.400000000000041, 0), (16.40000000000004, 0), (17.40000000000004, 0)])
[Decision]       ManeuverDecision(timestamp=269.327872512, chosen_maneuver='LANE_KEEP', target_speed_kph=10.0, lead_vehicle_id=None)
[ActionCommand]  속도(m/s): 1.26  |  조향(rad): -0.052
[ControlCmd]     스티어링(rad): -0.052  |  Throttle: 0.90  |  Brake: 0.00
========================================================

2025-06-05 19:56:41,752 - Modules.control_module - INFO - 
================= [프로세스 단일 흐름 요약] =================
[Perception]     PerceptionOutput(timestamp=269.327872512, detected_objects=[], lane_markings=[], drivable_area_mask=None, traffic_signs=[], semantic_segmentation_map=None, instance_segmentation_map=None, depth_map=None, optical_flow_map=None, scene_flow_map=None, raw_features_for_localization=None, white_line_hsv_metrics=WhiteLineHsvMetrics(timestamp=1749121001.7390327, total_white_pixels=61645, left_ratio=0.21136541471048514, mid_ratio=0.280235230829421, right_ratio=0.2608547507788162, is_detected=True), yellow_line_hsv_metrics=YellowLineHsvMetrics(timestamp=1749121001.7390394, area=415140.0, center_x=366, is_detected=True))
[Localization]   LocalizationInfo(timestamp=269.327872512, position=(12.450000000000042, 0, 0), orientation_quaternion=(1, 0, 0, 0), velocity_vector=(0, 0, 0), covariance_matrix='Sample Covariance')
[PlannedPath]    PlannedPath(timestamp=269.327872512, waypoints=[(13.450000000000042, 0), (14.450000000000042, 0), (15.450000000000042, 0), (16.450000000000042, 0), (17.450000000000042, 0)])
[Decision]       ManeuverDecision(timestamp=269.327872512, chosen_maneuver='LANE_KEEP', target_speed_kph=10.0, lead_vehicle_id=None)
[ActionCommand]  속도(m/s): 1.26  |  조향(rad): -0.052
[ControlCmd]     스티어링(rad): -0.052  |  Throttle: 0.90  |  Brake: 0.00
========================================================

2025-06-05 19:56:41,803 - Modules.control_module - INFO - 
================= [프로세스 단일 흐름 요약] =================
[Perception]     PerceptionOutput(timestamp=269.327872512, detected_objects=[], lane_markings=[], drivable_area_mask=None, traffic_signs=[], semantic_segmentation_map=None, instance_segmentation_map=None, depth_map=None, optical_flow_map=None, scene_flow_map=None, raw_features_for_localization=None, white_line_hsv_metrics=WhiteLineHsvMetrics(timestamp=1749121001.7899437, total_white_pixels=61645, left_ratio=0.21136541471048514, mid_ratio=0.280235230829421, right_ratio=0.2608547507788162, is_detected=True), yellow_line_hsv_metrics=YellowLineHsvMetrics(timestamp=1749121001.7899518, area=415140.0, center_x=366, is_detected=True))
[Localization]   LocalizationInfo(timestamp=269.327872512, position=(12.500000000000043, 0, 0), orientation_quaternion=(1, 0, 0, 0), velocity_vector=(0, 0, 0), covariance_matrix='Sample Covariance')
[PlannedPath]    PlannedPath(timestamp=269.327872512, waypoints=[(13.500000000000043, 0), (14.500000000000043, 0), (15.500000000000043, 0), (16.500000000000043, 0), (17.500000000000043, 0)])
[Decision]       ManeuverDecision(timestamp=269.327872512, chosen_maneuver='LANE_KEEP', target_speed_kph=10.0, lead_vehicle_id=None)
[ActionCommand]  속도(m/s): 1.26  |  조향(rad): -0.052
[ControlCmd]     스티어링(rad): -0.052  |  Throttle: 0.90  |  Brake: 0.00
========================================================

2025-06-05 19:56:41,854 - Modules.control_module - INFO - 
================= [프로세스 단일 흐름 요약] =================
[Perception]     PerceptionOutput(timestamp=269.531500014, detected_objects=[], lane_markings=[], drivable_area_mask=None, traffic_signs=[], semantic_segmentation_map=None, instance_segmentation_map=None, depth_map=None, optical_flow_map=None, scene_flow_map=None, raw_features_for_localization=None, white_line_hsv_metrics=WhiteLineHsvMetrics(timestamp=1749121001.8404295, total_white_pixels=59936, left_ratio=0.21282032472613457, mid_ratio=0.2677278951486698, right_ratio=0.251058703271028, is_detected=True), yellow_line_hsv_metrics=YellowLineHsvMetrics(timestamp=1749121001.8404403, area=420240.0, center_x=383, is_detected=True))
[Localization]   LocalizationInfo(timestamp=269.531500014, position=(12.550000000000043, 0, 0), orientation_quaternion=(1, 0, 0, 0), velocity_vector=(0.2455463997196002, 0, 0), covariance_matrix='Sample Covariance')
[PlannedPath]    PlannedPath(timestamp=269.531500014, waypoints=[(13.550000000000043, 0), (14.550000000000043, 0), (15.550000000000043, 0), (16.550000000000043, 0), (17.550000000000043, 0)])
[Decision]       ManeuverDecision(timestamp=269.531500014, chosen_maneuver='LANE_KEEP', target_speed_kph=10.0, lead_vehicle_id=None)
[ActionCommand]  속도(m/s): 1.26  |  조향(rad): -0.040
[ControlCmd]     스티어링(rad): -0.040  |  Throttle: 0.90  |  Brake: 0.00
========================================================

2025-06-05 19:56:41,905 - Modules.control_module - INFO - 
================= [프로세스 단일 흐름 요약] =================
[Perception]     PerceptionOutput(timestamp=269.531500014, detected_objects=[], lane_markings=[], drivable_area_mask=None, traffic_signs=[], semantic_segmentation_map=None, instance_segmentation_map=None, depth_map=None, optical_flow_map=None, scene_flow_map=None, raw_features_for_localization=None, white_line_hsv_metrics=WhiteLineHsvMetrics(timestamp=1749121001.8832886, total_white_pixels=59936, left_ratio=0.21282032472613457, mid_ratio=0.2677278951486698, right_ratio=0.251058703271028, is_detected=True), yellow_line_hsv_metrics=YellowLineHsvMetrics(timestamp=1749121001.8832998, area=420240.0, center_x=383, is_detected=True))
[Localization]   LocalizationInfo(timestamp=269.531500014, position=(12.600000000000044, 0, 0), orientation_quaternion=(1, 0, 0, 0), velocity_vector=(0, 0, 0), covariance_matrix='Sample Covariance')
[PlannedPath]    PlannedPath(timestamp=269.531500014, waypoints=[(13.600000000000044, 0), (14.600000000000044, 0), (15.600000000000044, 0), (16.600000000000044, 0), (17.600000000000044, 0)])
[Decision]       ManeuverDecision(timestamp=269.531500014, chosen_maneuver='LANE_KEEP', target_speed_kph=10.0, lead_vehicle_id=None)
[ActionCommand]  속도(m/s): 1.26  |  조향(rad): -0.040
[ControlCmd]     스티어링(rad): -0.040  |  Throttle: 0.90  |  Brake: 0.00
========================================================

2025-06-05 19:56:41,957 - Modules.control_module - INFO - 
================= [프로세스 단일 흐름 요약] =================
[Perception]     PerceptionOutput(timestamp=269.531500014, detected_objects=[], lane_markings=[], drivable_area_mask=None, traffic_signs=[], semantic_segmentation_map=None, instance_segmentation_map=None, depth_map=None, optical_flow_map=None, scene_flow_map=None, raw_features_for_localization=None, white_line_hsv_metrics=WhiteLineHsvMetrics(timestamp=1749121001.9375234, total_white_pixels=59936, left_ratio=0.21282032472613457, mid_ratio=0.2677278951486698, right_ratio=0.251058703271028, is_detected=True), yellow_line_hsv_metrics=YellowLineHsvMetrics(timestamp=1749121001.9375355, area=420240.0, center_x=383, is_detected=True))
[Localization]   LocalizationInfo(timestamp=269.531500014, position=(12.650000000000045, 0, 0), orientation_quaternion=(1, 0, 0, 0), velocity_vector=(0, 0, 0), covariance_matrix='Sample Covariance')
[PlannedPath]    PlannedPath(timestamp=269.531500014, waypoints=[(13.650000000000045, 0), (14.650000000000045, 0), (15.650000000000045, 0), (16.650000000000045, 0), (17.650000000000045, 0)])
[Decision]       ManeuverDecision(timestamp=269.531500014, chosen_maneuver='LANE_KEEP', target_speed_kph=10.0, lead_vehicle_id=None)
[ActionCommand]  속도(m/s): 1.26  |  조향(rad): -0.040
[ControlCmd]     스티어링(rad): -0.040  |  Throttle: 0.90  |  Brake: 0.00
========================================================

2025-06-05 19:56:42,008 - Modules.control_module - INFO - 
================= [프로세스 단일 흐름 요약] =================
[Perception]     PerceptionOutput(timestamp=269.634641517, detected_objects=[], lane_markings=[], drivable_area_mask=None, traffic_signs=[], semantic_segmentation_map=None, instance_segmentation_map=None, depth_map=None, optical_flow_map=None, scene_flow_map=None, raw_features_for_localization=None, white_line_hsv_metrics=WhiteLineHsvMetrics(timestamp=1749121001.990932, total_white_pixels=58038, left_ratio=0.226097906885759, mid_ratio=0.2511492566510172, right_ratio=0.23124756619937695, is_detected=True), yellow_line_hsv_metrics=YellowLineHsvMetrics(timestamp=1749121001.9909396, area=461040.0, center_x=386, is_detected=True))
[Localization]   LocalizationInfo(timestamp=269.634641517, position=(12.700000000000045, 0, 0), orientation_quaternion=(1, 0, 0, 0), velocity_vector=(0.48477090740105894, 0, 0), covariance_matrix='Sample Covariance')
[PlannedPath]    PlannedPath(timestamp=269.634641517, waypoints=[(13.700000000000045, 0), (14.700000000000045, 0), (15.700000000000045, 0), (16.700000000000045, 0), (17.700000000000045, 0)])
[Decision]       ManeuverDecision(timestamp=269.634641517, chosen_maneuver='LANE_KEEP', target_speed_kph=10.0, lead_vehicle_id=None)
[ActionCommand]  속도(m/s): 1.26  |  조향(rad): -0.005
[ControlCmd]     스티어링(rad): -0.005  |  Throttle: 0.90  |  Brake: 0.00
========================================================

2025-06-05 19:56:42,059 - Modules.control_module - INFO - 
================= [프로세스 단일 흐름 요약] =================
[Perception]     PerceptionOutput(timestamp=269.747516815, detected_objects=[], lane_markings=[], drivable_area_mask=None, traffic_signs=[], semantic_segmentation_map=None, instance_segmentation_map=None, depth_map=None, optical_flow_map=None, scene_flow_map=None, raw_features_for_localization=None, white_line_hsv_metrics=WhiteLineHsvMetrics(timestamp=1749121002.0411305, total_white_pixels=56491, left_ratio=0.2411360524256651, mid_ratio=0.23804284037558684, right_ratio=0.21049941588785046, is_detected=True), yellow_line_hsv_metrics=YellowLineHsvMetrics(timestamp=1749121002.0411384, area=515865.0, center_x=385, is_detected=True))
[Localization]   LocalizationInfo(timestamp=269.747516815, position=(12.750000000000046, 0, 0), orientation_quaternion=(1, 0, 0, 0), velocity_vector=(0.4429667153569545, 0, 0), covariance_matrix='Sample Covariance')
[PlannedPath]    PlannedPath(timestamp=269.747516815, waypoints=[(13.750000000000046, 0), (14.750000000000046, 0), (15.750000000000046, 0), (16.750000000000046, 0), (17.750000000000046, 0)])
[Decision]       ManeuverDecision(timestamp=269.747516815, chosen_maneuver='LANE_KEEP', target_speed_kph=10.0, lead_vehicle_id=None)
[ActionCommand]  속도(m/s): 1.26  |  조향(rad): 0.032
[ControlCmd]     스티어링(rad): 0.032  |  Throttle: 0.90  |  Brake: 0.00
========================================================

2025-06-05 19:56:42,109 - Modules.control_module - INFO - 
================= [프로세스 단일 흐름 요약] =================
[Perception]     PerceptionOutput(timestamp=269.747516815, detected_objects=[], lane_markings=[], drivable_area_mask=None, traffic_signs=[], semantic_segmentation_map=None, instance_segmentation_map=None, depth_map=None, optical_flow_map=None, scene_flow_map=None, raw_features_for_localization=None, white_line_hsv_metrics=WhiteLineHsvMetrics(timestamp=1749121002.0911329, total_white_pixels=56491, left_ratio=0.2411360524256651, mid_ratio=0.23804284037558684, right_ratio=0.21049941588785046, is_detected=True), yellow_line_hsv_metrics=YellowLineHsvMetrics(timestamp=1749121002.0911388, area=515865.0, center_x=385, is_detected=True))
[Localization]   LocalizationInfo(timestamp=269.747516815, position=(12.800000000000047, 0, 0), orientation_quaternion=(1, 0, 0, 0), velocity_vector=(0, 0, 0), covariance_matrix='Sample Covariance')
[PlannedPath]    PlannedPath(timestamp=269.747516815, waypoints=[(13.800000000000047, 0), (14.800000000000047, 0), (15.800000000000047, 0), (16.800000000000047, 0), (17.800000000000047, 0)])
[Decision]       ManeuverDecision(timestamp=269.747516815, chosen_maneuver='LANE_KEEP', target_speed_kph=10.0, lead_vehicle_id=None)
[ActionCommand]  속도(m/s): 1.26  |  조향(rad): 0.032
[ControlCmd]     스티어링(rad): 0.032  |  Throttle: 0.90  |  Brake: 0.00
========================================================

2025-06-05 19:56:42,160 - Modules.control_module - INFO - 
================= [프로세스 단일 흐름 요약] =================
[Perception]     PerceptionOutput(timestamp=269.861927317, detected_objects=[], lane_markings=[], drivable_area_mask=None, traffic_signs=[], semantic_segmentation_map=None, instance_segmentation_map=None, depth_map=None, optical_flow_map=None, scene_flow_map=None, raw_features_for_localization=None, white_line_hsv_metrics=WhiteLineHsvMetrics(timestamp=1749121002.1419792, total_white_pixels=56276, left_ratio=0.23186864241001565, mid_ratio=0.23931435837245696, right_ratio=0.2158416082554517, is_detected=True), yellow_line_hsv_metrics=YellowLineHsvMetrics(timestamp=1749121002.1419852, area=594150.0, center_x=398, is_detected=True))
[Localization]   LocalizationInfo(timestamp=269.861927317, position=(12.850000000000048, 0, 0), orientation_quaternion=(1, 0, 0, 0), velocity_vector=(0.4370228180626348, 0, 0), covariance_matrix='Sample Covariance')
[PlannedPath]    PlannedPath(timestamp=269.861927317, waypoints=[(13.850000000000048, 0), (14.850000000000048, 0), (15.850000000000048, 0), (16.850000000000048, 0), (17.850000000000048, 0)])
[Decision]       ManeuverDecision(timestamp=269.861927317, chosen_maneuver='LANE_KEEP', target_speed_kph=10.0, lead_vehicle_id=None)
[ActionCommand]  속도(m/s): 1.26  |  조향(rad): 0.017
[ControlCmd]     스티어링(rad): 0.017  |  Throttle: 0.90  |  Brake: 0.00
========================================================

2025-06-05 19:56:42,212 - Modules.control_module - INFO - 
================= [프로세스 단일 흐름 요약] =================
[Perception]     PerceptionOutput(timestamp=269.861927317, detected_objects=[], lane_markings=[], drivable_area_mask=None, traffic_signs=[], semantic_segmentation_map=None, instance_segmentation_map=None, depth_map=None, optical_flow_map=None, scene_flow_map=None, raw_features_for_localization=None, white_line_hsv_metrics=WhiteLineHsvMetrics(timestamp=1749121002.192718, total_white_pixels=56276, left_ratio=0.23186864241001565, mid_ratio=0.23931435837245696, right_ratio=0.2158416082554517, is_detected=True), yellow_line_hsv_metrics=YellowLineHsvMetrics(timestamp=1749121002.1927266, area=594150.0, center_x=398, is_detected=True))
[Localization]   LocalizationInfo(timestamp=269.861927317, position=(12.900000000000048, 0, 0), orientation_quaternion=(1, 0, 0, 0), velocity_vector=(0, 0, 0), covariance_matrix='Sample Covariance')
[PlannedPath]    PlannedPath(timestamp=269.861927317, waypoints=[(13.900000000000048, 0), (14.900000000000048, 0), (15.900000000000048, 0), (16.90000000000005, 0), (17.90000000000005, 0)])
[Decision]       ManeuverDecision(timestamp=269.861927317, chosen_maneuver='LANE_KEEP', target_speed_kph=10.0, lead_vehicle_id=None)
[ActionCommand]  속도(m/s): 1.26  |  조향(rad): 0.017
[ControlCmd]     스티어링(rad): 0.017  |  Throttle: 0.90  |  Brake: 0.00
========================================================

2025-06-05 19:56:42,253 - Modules.control_module - INFO - 
================= [프로세스 단일 흐름 요약] =================
[Perception]     PerceptionOutput(timestamp=269.861927317, detected_objects=[], lane_markings=[], drivable_area_mask=None, traffic_signs=[], semantic_segmentation_map=None, instance_segmentation_map=None, depth_map=None, optical_flow_map=None, scene_flow_map=None, raw_features_for_localization=None, white_line_hsv_metrics=WhiteLineHsvMetrics(timestamp=1749121002.233842, total_white_pixels=56276, left_ratio=0.23186864241001565, mid_ratio=0.23931435837245696, right_ratio=0.2158416082554517, is_detected=True), yellow_line_hsv_metrics=YellowLineHsvMetrics(timestamp=1749121002.2338464, area=594150.0, center_x=398, is_detected=True))
[Localization]   LocalizationInfo(timestamp=269.861927317, position=(12.950000000000049, 0, 0), orientation_quaternion=(1, 0, 0, 0), velocity_vector=(0, 0, 0), covariance_matrix='Sample Covariance')
[PlannedPath]    PlannedPath(timestamp=269.861927317, waypoints=[(13.950000000000049, 0), (14.950000000000049, 0), (15.950000000000049, 0), (16.95000000000005, 0), (17.95000000000005, 0)])
[Decision]       ManeuverDecision(timestamp=269.861927317, chosen_maneuver='LANE_KEEP', target_speed_kph=10.0, lead_vehicle_id=None)
[ActionCommand]  속도(m/s): 1.26  |  조향(rad): 0.017
[ControlCmd]     스티어링(rad): 0.017  |  Throttle: 0.90  |  Brake: 0.00
========================================================

2025-06-05 19:56:42,658 - Modules.control_module - INFO - 
================= [프로세스 단일 흐름 요약] =================
[Perception]     PerceptionOutput(timestamp=270.078300311, detected_objects=[], lane_markings=[], drivable_area_mask=None, traffic_signs=[], semantic_segmentation_map=None, instance_segmentation_map=None, depth_map=None, optical_flow_map=None, scene_flow_map=None, raw_features_for_localization=None, white_line_hsv_metrics=WhiteLineHsvMetrics(timestamp=1749121002.645707, total_white_pixels=60715, left_ratio=0.20909135367762127, mid_ratio=0.27609057120500785, right_ratio=0.25592630451713394, is_detected=True), yellow_line_hsv_metrics=YellowLineHsvMetrics(timestamp=1749121002.6457126, area=417180.0, center_x=368, is_detected=True))
[Localization]   LocalizationInfo(timestamp=270.078300311, position=(13.350000000000055, 0, 0), orientation_quaternion=(1, 0, 0, 0), velocity_vector=(0, 0, 0), covariance_matrix='Sample Covariance')
[PlannedPath]    PlannedPath(timestamp=270.078300311, waypoints=[(14.350000000000055, 0), (15.350000000000055, 0), (16.350000000000055, 0), (17.350000000000055, 0), (18.350000000000055, 0)])
[Decision]       ManeuverDecision(timestamp=270.078300311, chosen_maneuver='LANE_KEEP', target_speed_kph=10.0, lead_vehicle_id=None)
[ActionCommand]  속도(m/s): 1.26  |  조향(rad): -0.049
[ControlCmd]     스티어링(rad): -0.049  |  Throttle: 0.90  |  Brake: 0.00
========================================================

2025-06-05 19:56:42,708 - Modules.control_module - INFO - 
================= [프로세스 단일 흐름 요약] =================
[Perception]     PerceptionOutput(timestamp=270.078300311, detected_objects=[], lane_markings=[], drivable_area_mask=None, traffic_signs=[], semantic_segmentation_map=None, instance_segmentation_map=None, depth_map=None, optical_flow_map=None, scene_flow_map=None, raw_features_for_localization=None, white_line_hsv_metrics=WhiteLineHsvMetrics(timestamp=1749121002.6943266, total_white_pixels=60715, left_ratio=0.20909135367762127, mid_ratio=0.27609057120500785, right_ratio=0.25592630451713394, is_detected=True), yellow_line_hsv_metrics=YellowLineHsvMetrics(timestamp=1749121002.694332, area=417180.0, center_x=368, is_detected=True))
[Localization]   LocalizationInfo(timestamp=270.078300311, position=(13.400000000000055, 0, 0), orientation_quaternion=(1, 0, 0, 0), velocity_vector=(0, 0, 0), covariance_matrix='Sample Covariance')
[PlannedPath]    PlannedPath(timestamp=270.078300311, waypoints=[(14.400000000000055, 0), (15.400000000000055, 0), (16.400000000000055, 0), (17.400000000000055, 0), (18.400000000000055, 0)])
[Decision]       ManeuverDecision(timestamp=270.078300311, chosen_maneuver='LANE_KEEP', target_speed_kph=10.0, lead_vehicle_id=None)
[ActionCommand]  속도(m/s): 1.26  |  조향(rad): -0.049
[ControlCmd]     스티어링(rad): -0.049  |  Throttle: 0.90  |  Brake: 0.00
========================================================

2025-06-05 19:56:42,759 - Modules.control_module - INFO - 
================= [프로세스 단일 흐름 요약] =================
[Perception]     PerceptionOutput(timestamp=270.078300311, detected_objects=[], lane_markings=[], drivable_area_mask=None, traffic_signs=[], semantic_segmentation_map=None, instance_segmentation_map=None, depth_map=None, optical_flow_map=None, scene_flow_map=None, raw_features_for_localization=None, white_line_hsv_metrics=WhiteLineHsvMetrics(timestamp=1749121002.7430239, total_white_pixels=60715, left_ratio=0.20909135367762127, mid_ratio=0.27609057120500785, right_ratio=0.25592630451713394, is_detected=True), yellow_line_hsv_metrics=YellowLineHsvMetrics(timestamp=1749121002.7430286, area=417180.0, center_x=368, is_detected=True))
[Localization]   LocalizationInfo(timestamp=270.078300311, position=(13.450000000000056, 0, 0), orientation_quaternion=(1, 0, 0, 0), velocity_vector=(0, 0, 0), covariance_matrix='Sample Covariance')
[PlannedPath]    PlannedPath(timestamp=270.078300311, waypoints=[(14.450000000000056, 0), (15.450000000000056, 0), (16.450000000000056, 0), (17.450000000000056, 0), (18.450000000000056, 0)])
[Decision]       ManeuverDecision(timestamp=270.078300311, chosen_maneuver='LANE_KEEP', target_speed_kph=10.0, lead_vehicle_id=None)
[ActionCommand]  속도(m/s): 1.26  |  조향(rad): -0.049
[ControlCmd]     스티어링(rad): -0.049  |  Throttle: 0.90  |  Brake: 0.00
========================================================

2025-06-05 19:56:42,810 - Modules.control_module - INFO - 
================= [프로세스 단일 흐름 요약] =================
[Perception]     PerceptionOutput(timestamp=270.078300311, detected_objects=[], lane_markings=[], drivable_area_mask=None, traffic_signs=[], semantic_segmentation_map=None, instance_segmentation_map=None, depth_map=None, optical_flow_map=None, scene_flow_map=None, raw_features_for_localization=None, white_line_hsv_metrics=WhiteLineHsvMetrics(timestamp=1749121002.7922647, total_white_pixels=60715, left_ratio=0.20909135367762127, mid_ratio=0.27609057120500785, right_ratio=0.25592630451713394, is_detected=True), yellow_line_hsv_metrics=YellowLineHsvMetrics(timestamp=1749121002.7922752, area=417180.0, center_x=368, is_detected=True))
[Localization]   LocalizationInfo(timestamp=270.078300311, position=(13.500000000000057, 0, 0), orientation_quaternion=(1, 0, 0, 0), velocity_vector=(0, 0, 0), covariance_matrix='Sample Covariance')
[PlannedPath]    PlannedPath(timestamp=270.078300311, waypoints=[(14.500000000000057, 0), (15.500000000000057, 0), (16.500000000000057, 0), (17.500000000000057, 0), (18.500000000000057, 0)])
[Decision]       ManeuverDecision(timestamp=270.078300311, chosen_maneuver='LANE_KEEP', target_speed_kph=10.0, lead_vehicle_id=None)
[ActionCommand]  속도(m/s): 1.26  |  조향(rad): -0.049
[ControlCmd]     스티어링(rad): -0.049  |  Throttle: 0.90  |  Brake: 0.00
========================================================

2025-06-05 19:56:42,952 - Modules.control_module - INFO - 
================= [프로세스 단일 흐름 요약] =================
[Perception]     PerceptionOutput(timestamp=270.078300311, detected_objects=[], lane_markings=[], drivable_area_mask=None, traffic_signs=[], semantic_segmentation_map=None, instance_segmentation_map=None, depth_map=None, optical_flow_map=None, scene_flow_map=None, raw_features_for_localization=None, white_line_hsv_metrics=WhiteLineHsvMetrics(timestamp=1749121002.9401798, total_white_pixels=60715, left_ratio=0.20909135367762127, mid_ratio=0.27609057120500785, right_ratio=0.25592630451713394, is_detected=True), yellow_line_hsv_metrics=YellowLineHsvMetrics(timestamp=1749121002.9401853, area=417180.0, center_x=368, is_detected=True))
[Localization]   LocalizationInfo(timestamp=270.078300311, position=(13.650000000000059, 0, 0), orientation_quaternion=(1, 0, 0, 0), velocity_vector=(0, 0, 0), covariance_matrix='Sample Covariance')
[PlannedPath]    PlannedPath(timestamp=270.078300311, waypoints=[(14.650000000000059, 0), (15.650000000000059, 0), (16.65000000000006, 0), (17.65000000000006, 0), (18.65000000000006, 0)])
[Decision]       ManeuverDecision(timestamp=270.078300311, chosen_maneuver='LANE_KEEP', target_speed_kph=10.0, lead_vehicle_id=None)
[ActionCommand]  속도(m/s): 1.26  |  조향(rad): -0.049
[ControlCmd]     스티어링(rad): -0.049  |  Throttle: 0.90  |  Brake: 0.00
========================================================

2025-06-05 19:56:43,003 - Modules.control_module - INFO - 
================= [프로세스 단일 흐름 요약] =================
[Perception]     PerceptionOutput(timestamp=270.078300311, detected_objects=[], lane_markings=[], drivable_area_mask=None, traffic_signs=[], semantic_segmentation_map=None, instance_segmentation_map=None, depth_map=None, optical_flow_map=None, scene_flow_map=None, raw_features_for_localization=None, white_line_hsv_metrics=WhiteLineHsvMetrics(timestamp=1749121002.9892526, total_white_pixels=60715, left_ratio=0.20909135367762127, mid_ratio=0.27609057120500785, right_ratio=0.25592630451713394, is_detected=True), yellow_line_hsv_metrics=YellowLineHsvMetrics(timestamp=1749121002.989258, area=417180.0, center_x=368, is_detected=True))
[Localization]   LocalizationInfo(timestamp=270.078300311, position=(13.70000000000006, 0, 0), orientation_quaternion=(1, 0, 0, 0), velocity_vector=(0, 0, 0), covariance_matrix='Sample Covariance')
[PlannedPath]    PlannedPath(timestamp=270.078300311, waypoints=[(14.70000000000006, 0), (15.70000000000006, 0), (16.70000000000006, 0), (17.70000000000006, 0), (18.70000000000006, 0)])
[Decision]       ManeuverDecision(timestamp=270.078300311, chosen_maneuver='LANE_KEEP', target_speed_kph=10.0, lead_vehicle_id=None)
[ActionCommand]  속도(m/s): 1.26  |  조향(rad): -0.049
[ControlCmd]     스티어링(rad): -0.049  |  Throttle: 0.90  |  Brake: 0.00
========================================================

2025-06-05 19:56:43,064 - Modules.control_module - INFO - 
================= [프로세스 단일 흐름 요약] =================
[Perception]     PerceptionOutput(timestamp=270.078300311, detected_objects=[], lane_markings=[], drivable_area_mask=None, traffic_signs=[], semantic_segmentation_map=None, instance_segmentation_map=None, depth_map=None, optical_flow_map=None, scene_flow_map=None, raw_features_for_localization=None, white_line_hsv_metrics=WhiteLineHsvMetrics(timestamp=1749121003.0477777, total_white_pixels=60715, left_ratio=0.20909135367762127, mid_ratio=0.27609057120500785, right_ratio=0.25592630451713394, is_detected=True), yellow_line_hsv_metrics=YellowLineHsvMetrics(timestamp=1749121003.0477827, area=417180.0, center_x=368, is_detected=True))
[Localization]   LocalizationInfo(timestamp=270.078300311, position=(13.75000000000006, 0, 0), orientation_quaternion=(1, 0, 0, 0), velocity_vector=(0, 0, 0), covariance_matrix='Sample Covariance')
[PlannedPath]    PlannedPath(timestamp=270.078300311, waypoints=[(14.75000000000006, 0), (15.75000000000006, 0), (16.75000000000006, 0), (17.75000000000006, 0), (18.75000000000006, 0)])
[Decision]       ManeuverDecision(timestamp=270.078300311, chosen_maneuver='LANE_KEEP', target_speed_kph=10.0, lead_vehicle_id=None)
[ActionCommand]  속도(m/s): 1.26  |  조향(rad): -0.049
[ControlCmd]     스티어링(rad): -0.049  |  Throttle: 0.90  |  Brake: 0.00
========================================================

2025-06-05 19:56:43,115 - Modules.control_module - INFO - 
================= [프로세스 단일 흐름 요약] =================
[Perception]     PerceptionOutput(timestamp=270.078300311, detected_objects=[], lane_markings=[], drivable_area_mask=None, traffic_signs=[], semantic_segmentation_map=None, instance_segmentation_map=None, depth_map=None, optical_flow_map=None, scene_flow_map=None, raw_features_for_localization=None, white_line_hsv_metrics=WhiteLineHsvMetrics(timestamp=1749121003.0973573, total_white_pixels=60715, left_ratio=0.20909135367762127, mid_ratio=0.27609057120500785, right_ratio=0.25592630451713394, is_detected=True), yellow_line_hsv_metrics=YellowLineHsvMetrics(timestamp=1749121003.0973647, area=417180.0, center_x=368, is_detected=True))
[Localization]   LocalizationInfo(timestamp=270.078300311, position=(13.800000000000061, 0, 0), orientation_quaternion=(1, 0, 0, 0), velocity_vector=(0, 0, 0), covariance_matrix='Sample Covariance')
[PlannedPath]    PlannedPath(timestamp=270.078300311, waypoints=[(14.800000000000061, 0), (15.800000000000061, 0), (16.80000000000006, 0), (17.80000000000006, 0), (18.80000000000006, 0)])
[Decision]       ManeuverDecision(timestamp=270.078300311, chosen_maneuver='LANE_KEEP', target_speed_kph=10.0, lead_vehicle_id=None)
[ActionCommand]  속도(m/s): 1.26  |  조향(rad): -0.049
[ControlCmd]     스티어링(rad): -0.049  |  Throttle: 0.90  |  Brake: 0.00
========================================================

2025-06-05 19:56:43,166 - Modules.control_module - INFO - 
================= [프로세스 단일 흐름 요약] =================
[Perception]     PerceptionOutput(timestamp=270.078300311, detected_objects=[], lane_markings=[], drivable_area_mask=None, traffic_signs=[], semantic_segmentation_map=None, instance_segmentation_map=None, depth_map=None, optical_flow_map=None, scene_flow_map=None, raw_features_for_localization=None, white_line_hsv_metrics=WhiteLineHsvMetrics(timestamp=1749121003.148607, total_white_pixels=60715, left_ratio=0.20909135367762127, mid_ratio=0.27609057120500785, right_ratio=0.25592630451713394, is_detected=True), yellow_line_hsv_metrics=YellowLineHsvMetrics(timestamp=1749121003.1486142, area=417180.0, center_x=368, is_detected=True))
[Localization]   LocalizationInfo(timestamp=270.078300311, position=(13.850000000000062, 0, 0), orientation_quaternion=(1, 0, 0, 0), velocity_vector=(0, 0, 0), covariance_matrix='Sample Covariance')
[PlannedPath]    PlannedPath(timestamp=270.078300311, waypoints=[(14.850000000000062, 0), (15.850000000000062, 0), (16.850000000000062, 0), (17.850000000000062, 0), (18.850000000000062, 0)])
[Decision]       ManeuverDecision(timestamp=270.078300311, chosen_maneuver='LANE_KEEP', target_speed_kph=10.0, lead_vehicle_id=None)
[ActionCommand]  속도(m/s): 1.26  |  조향(rad): -0.049
[ControlCmd]     스티어링(rad): -0.049  |  Throttle: 0.90  |  Brake: 0.00
========================================================

2025-06-05 19:56:43,217 - Modules.control_module - INFO - 
================= [프로세스 단일 흐름 요약] =================
[Perception]     PerceptionOutput(timestamp=270.078300311, detected_objects=[], lane_markings=[], drivable_area_mask=None, traffic_signs=[], semantic_segmentation_map=None, instance_segmentation_map=None, depth_map=None, optical_flow_map=None, scene_flow_map=None, raw_features_for_localization=None, white_line_hsv_metrics=WhiteLineHsvMetrics(timestamp=1749121003.198251, total_white_pixels=60715, left_ratio=0.20909135367762127, mid_ratio=0.27609057120500785, right_ratio=0.25592630451713394, is_detected=True), yellow_line_hsv_metrics=YellowLineHsvMetrics(timestamp=1749121003.1982574, area=417180.0, center_x=368, is_detected=True))
[Localization]   LocalizationInfo(timestamp=270.078300311, position=(13.900000000000063, 0, 0), orientation_quaternion=(1, 0, 0, 0), velocity_vector=(0, 0, 0), covariance_matrix='Sample Covariance')
[PlannedPath]    PlannedPath(timestamp=270.078300311, waypoints=[(14.900000000000063, 0), (15.900000000000063, 0), (16.900000000000063, 0), (17.900000000000063, 0), (18.900000000000063, 0)])
[Decision]       ManeuverDecision(timestamp=270.078300311, chosen_maneuver='LANE_KEEP', target_speed_kph=10.0, lead_vehicle_id=None)
[ActionCommand]  속도(m/s): 1.26  |  조향(rad): -0.049
[ControlCmd]     스티어링(rad): -0.049  |  Throttle: 0.90  |  Brake: 0.00
========================================================

2025-06-05 19:56:43,460 - Modules.control_module - INFO - 
================= [프로세스 단일 흐름 요약] =================
[Perception]     PerceptionOutput(timestamp=270.078300311, detected_objects=[], lane_markings=[], drivable_area_mask=None, traffic_signs=[], semantic_segmentation_map=None, instance_segmentation_map=None, depth_map=None, optical_flow_map=None, scene_flow_map=None, raw_features_for_localization=None, white_line_hsv_metrics=WhiteLineHsvMetrics(timestamp=1749121003.4465997, total_white_pixels=60715, left_ratio=0.20909135367762127, mid_ratio=0.27609057120500785, right_ratio=0.25592630451713394, is_detected=True), yellow_line_hsv_metrics=YellowLineHsvMetrics(timestamp=1749121003.4466057, area=417180.0, center_x=368, is_detected=True))
[Localization]   LocalizationInfo(timestamp=270.078300311, position=(14.150000000000066, 0, 0), orientation_quaternion=(1, 0, 0, 0), velocity_vector=(0, 0, 0), covariance_matrix='Sample Covariance')
[PlannedPath]    PlannedPath(timestamp=270.078300311, waypoints=[(15.150000000000066, 0), (16.150000000000066, 0), (17.150000000000066, 0), (18.150000000000066, 0), (19.150000000000066, 0)])
[Decision]       ManeuverDecision(timestamp=270.078300311, chosen_maneuver='LANE_KEEP', target_speed_kph=10.0, lead_vehicle_id=None)
[ActionCommand]  속도(m/s): 1.26  |  조향(rad): -0.049
[ControlCmd]     스티어링(rad): -0.049  |  Throttle: 0.90  |  Brake: 0.00
========================================================

2025-06-05 19:56:43,511 - Modules.control_module - INFO - 
================= [프로세스 단일 흐름 요약] =================
[Perception]     PerceptionOutput(timestamp=270.078300311, detected_objects=[], lane_markings=[], drivable_area_mask=None, traffic_signs=[], semantic_segmentation_map=None, instance_segmentation_map=None, depth_map=None, optical_flow_map=None, scene_flow_map=None, raw_features_for_localization=None, white_line_hsv_metrics=WhiteLineHsvMetrics(timestamp=1749121003.4956489, total_white_pixels=60715, left_ratio=0.20909135367762127, mid_ratio=0.27609057120500785, right_ratio=0.25592630451713394, is_detected=True), yellow_line_hsv_metrics=YellowLineHsvMetrics(timestamp=1749121003.495654, area=417180.0, center_x=368, is_detected=True))
[Localization]   LocalizationInfo(timestamp=270.078300311, position=(14.200000000000067, 0, 0), orientation_quaternion=(1, 0, 0, 0), velocity_vector=(0, 0, 0), covariance_matrix='Sample Covariance')
[PlannedPath]    PlannedPath(timestamp=270.078300311, waypoints=[(15.200000000000067, 0), (16.200000000000067, 0), (17.200000000000067, 0), (18.200000000000067, 0), (19.200000000000067, 0)])
[Decision]       ManeuverDecision(timestamp=270.078300311, chosen_maneuver='LANE_KEEP', target_speed_kph=10.0, lead_vehicle_id=None)
[ActionCommand]  속도(m/s): 1.26  |  조향(rad): -0.049
[ControlCmd]     스티어링(rad): -0.049  |  Throttle: 0.90  |  Brake: 0.00
========================================================

2025-06-05 19:56:43,562 - Modules.control_module - INFO - 
================= [프로세스 단일 흐름 요약] =================
[Perception]     PerceptionOutput(timestamp=270.078300311, detected_objects=[], lane_markings=[], drivable_area_mask=None, traffic_signs=[], semantic_segmentation_map=None, instance_segmentation_map=None, depth_map=None, optical_flow_map=None, scene_flow_map=None, raw_features_for_localization=None, white_line_hsv_metrics=WhiteLineHsvMetrics(timestamp=1749121003.544928, total_white_pixels=60715, left_ratio=0.20909135367762127, mid_ratio=0.27609057120500785, right_ratio=0.25592630451713394, is_detected=True), yellow_line_hsv_metrics=YellowLineHsvMetrics(timestamp=1749121003.544936, area=417180.0, center_x=368, is_detected=True))
[Localization]   LocalizationInfo(timestamp=270.078300311, position=(14.250000000000068, 0, 0), orientation_quaternion=(1, 0, 0, 0), velocity_vector=(0, 0, 0), covariance_matrix='Sample Covariance')
[PlannedPath]    PlannedPath(timestamp=270.078300311, waypoints=[(15.250000000000068, 0), (16.250000000000068, 0), (17.250000000000068, 0), (18.250000000000068, 0), (19.250000000000068, 0)])
[Decision]       ManeuverDecision(timestamp=270.078300311, chosen_maneuver='LANE_KEEP', target_speed_kph=10.0, lead_vehicle_id=None)
[ActionCommand]  속도(m/s): 1.26  |  조향(rad): -0.049
[ControlCmd]     스티어링(rad): -0.049  |  Throttle: 0.90  |  Brake: 0.00
========================================================

2025-06-05 19:56:43,613 - Modules.control_module - INFO - 
================= [프로세스 단일 흐름 요약] =================
[Perception]     PerceptionOutput(timestamp=270.078300311, detected_objects=[], lane_markings=[], drivable_area_mask=None, traffic_signs=[], semantic_segmentation_map=None, instance_segmentation_map=None, depth_map=None, optical_flow_map=None, scene_flow_map=None, raw_features_for_localization=None, white_line_hsv_metrics=WhiteLineHsvMetrics(timestamp=1749121003.5956526, total_white_pixels=60715, left_ratio=0.20909135367762127, mid_ratio=0.27609057120500785, right_ratio=0.25592630451713394, is_detected=True), yellow_line_hsv_metrics=YellowLineHsvMetrics(timestamp=1749121003.5956602, area=417180.0, center_x=368, is_detected=True))
[Localization]   LocalizationInfo(timestamp=270.078300311, position=(14.300000000000068, 0, 0), orientation_quaternion=(1, 0, 0, 0), velocity_vector=(0, 0, 0), covariance_matrix='Sample Covariance')
[PlannedPath]    PlannedPath(timestamp=270.078300311, waypoints=[(15.300000000000068, 0), (16.300000000000068, 0), (17.300000000000068, 0), (18.300000000000068, 0), (19.300000000000068, 0)])
[Decision]       ManeuverDecision(timestamp=270.078300311, chosen_maneuver='LANE_KEEP', target_speed_kph=10.0, lead_vehicle_id=None)
[ActionCommand]  속도(m/s): 1.26  |  조향(rad): -0.049
[ControlCmd]     스티어링(rad): -0.049  |  Throttle: 0.90  |  Brake: 0.00
========================================================

2025-06-05 19:56:43,664 - Modules.control_module - INFO - 
================= [프로세스 단일 흐름 요약] =================
[Perception]     PerceptionOutput(timestamp=270.078300311, detected_objects=[], lane_markings=[], drivable_area_mask=None, traffic_signs=[], semantic_segmentation_map=None, instance_segmentation_map=None, depth_map=None, optical_flow_map=None, scene_flow_map=None, raw_features_for_localization=None, white_line_hsv_metrics=WhiteLineHsvMetrics(timestamp=1749121003.6469383, total_white_pixels=60715, left_ratio=0.20909135367762127, mid_ratio=0.27609057120500785, right_ratio=0.25592630451713394, is_detected=True), yellow_line_hsv_metrics=YellowLineHsvMetrics(timestamp=1749121003.6469455, area=417180.0, center_x=368, is_detected=True))
[Localization]   LocalizationInfo(timestamp=270.078300311, position=(14.350000000000069, 0, 0), orientation_quaternion=(1, 0, 0, 0), velocity_vector=(0, 0, 0), covariance_matrix='Sample Covariance')
[PlannedPath]    PlannedPath(timestamp=270.078300311, waypoints=[(15.350000000000069, 0), (16.35000000000007, 0), (17.35000000000007, 0), (18.35000000000007, 0), (19.35000000000007, 0)])
[Decision]       ManeuverDecision(timestamp=270.078300311, chosen_maneuver='LANE_KEEP', target_speed_kph=10.0, lead_vehicle_id=None)
[ActionCommand]  속도(m/s): 1.26  |  조향(rad): -0.049
[ControlCmd]     스티어링(rad): -0.049  |  Throttle: 0.90  |  Brake: 0.00
========================================================

2025-06-05 19:56:43,715 - Modules.control_module - INFO - 
================= [프로세스 단일 흐름 요약] =================
[Perception]     PerceptionOutput(timestamp=270.078300311, detected_objects=[], lane_markings=[], drivable_area_mask=None, traffic_signs=[], semantic_segmentation_map=None, instance_segmentation_map=None, depth_map=None, optical_flow_map=None, scene_flow_map=None, raw_features_for_localization=None, white_line_hsv_metrics=WhiteLineHsvMetrics(timestamp=1749121003.6980472, total_white_pixels=60715, left_ratio=0.20909135367762127, mid_ratio=0.27609057120500785, right_ratio=0.25592630451713394, is_detected=True), yellow_line_hsv_metrics=YellowLineHsvMetrics(timestamp=1749121003.6980588, area=417180.0, center_x=368, is_detected=True))
[Localization]   LocalizationInfo(timestamp=270.078300311, position=(14.40000000000007, 0, 0), orientation_quaternion=(1, 0, 0, 0), velocity_vector=(0, 0, 0), covariance_matrix='Sample Covariance')
[PlannedPath]    PlannedPath(timestamp=270.078300311, waypoints=[(15.40000000000007, 0), (16.40000000000007, 0), (17.40000000000007, 0), (18.40000000000007, 0), (19.40000000000007, 0)])
[Decision]       ManeuverDecision(timestamp=270.078300311, chosen_maneuver='LANE_KEEP', target_speed_kph=10.0, lead_vehicle_id=None)
[ActionCommand]  속도(m/s): 1.26  |  조향(rad): -0.049
[ControlCmd]     스티어링(rad): -0.049  |  Throttle: 0.90  |  Brake: 0.00
========================================================

2025-06-05 19:56:43,766 - Modules.control_module - INFO - 
================= [프로세스 단일 흐름 요약] =================
[Perception]     PerceptionOutput(timestamp=270.078300311, detected_objects=[], lane_markings=[], drivable_area_mask=None, traffic_signs=[], semantic_segmentation_map=None, instance_segmentation_map=None, depth_map=None, optical_flow_map=None, scene_flow_map=None, raw_features_for_localization=None, white_line_hsv_metrics=WhiteLineHsvMetrics(timestamp=1749121003.7479196, total_white_pixels=60715, left_ratio=0.20909135367762127, mid_ratio=0.27609057120500785, right_ratio=0.25592630451713394, is_detected=True), yellow_line_hsv_metrics=YellowLineHsvMetrics(timestamp=1749121003.747925, area=417180.0, center_x=368, is_detected=True))
[Localization]   LocalizationInfo(timestamp=270.078300311, position=(14.45000000000007, 0, 0), orientation_quaternion=(1, 0, 0, 0), velocity_vector=(0, 0, 0), covariance_matrix='Sample Covariance')
[PlannedPath]    PlannedPath(timestamp=270.078300311, waypoints=[(15.45000000000007, 0), (16.45000000000007, 0), (17.45000000000007, 0), (18.45000000000007, 0), (19.45000000000007, 0)])
[Decision]       ManeuverDecision(timestamp=270.078300311, chosen_maneuver='LANE_KEEP', target_speed_kph=10.0, lead_vehicle_id=None)
[ActionCommand]  속도(m/s): 1.26  |  조향(rad): -0.049
[ControlCmd]     스티어링(rad): -0.049  |  Throttle: 0.90  |  Brake: 0.00
========================================================

2025-06-05 19:56:43,868 - Modules.control_module - INFO - 
================= [프로세스 단일 흐름 요약] =================
[Perception]     PerceptionOutput(timestamp=270.078300311, detected_objects=[], lane_markings=[], drivable_area_mask=None, traffic_signs=[], semantic_segmentation_map=None, instance_segmentation_map=None, depth_map=None, optical_flow_map=None, scene_flow_map=None, raw_features_for_localization=None, white_line_hsv_metrics=WhiteLineHsvMetrics(timestamp=1749121003.850053, total_white_pixels=60715, left_ratio=0.20909135367762127, mid_ratio=0.27609057120500785, right_ratio=0.25592630451713394, is_detected=True), yellow_line_hsv_metrics=YellowLineHsvMetrics(timestamp=1749121003.8500602, area=417180.0, center_x=368, is_detected=True))
[Localization]   LocalizationInfo(timestamp=270.078300311, position=(14.550000000000072, 0, 0), orientation_quaternion=(1, 0, 0, 0), velocity_vector=(0, 0, 0), covariance_matrix='Sample Covariance')
[PlannedPath]    PlannedPath(timestamp=270.078300311, waypoints=[(15.550000000000072, 0), (16.55000000000007, 0), (17.55000000000007, 0), (18.55000000000007, 0), (19.55000000000007, 0)])
[Decision]       ManeuverDecision(timestamp=270.078300311, chosen_maneuver='LANE_KEEP', target_speed_kph=10.0, lead_vehicle_id=None)
[ActionCommand]  속도(m/s): 1.26  |  조향(rad): -0.049
[ControlCmd]     스티어링(rad): -0.049  |  Throttle: 0.90  |  Brake: 0.00
========================================================

2025-06-05 19:56:44,162 - Modules.control_module - INFO - 
================= [프로세스 단일 흐름 요약] =================
[Perception]     PerceptionOutput(timestamp=270.078300311, detected_objects=[], lane_markings=[], drivable_area_mask=None, traffic_signs=[], semantic_segmentation_map=None, instance_segmentation_map=None, depth_map=None, optical_flow_map=None, scene_flow_map=None, raw_features_for_localization=None, white_line_hsv_metrics=WhiteLineHsvMetrics(timestamp=1749121004.144854, total_white_pixels=60715, left_ratio=0.20909135367762127, mid_ratio=0.27609057120500785, right_ratio=0.25592630451713394, is_detected=True), yellow_line_hsv_metrics=YellowLineHsvMetrics(timestamp=1749121004.1448588, area=417180.0, center_x=368, is_detected=True))
[Localization]   LocalizationInfo(timestamp=270.078300311, position=(14.850000000000076, 0, 0), orientation_quaternion=(1, 0, 0, 0), velocity_vector=(0, 0, 0), covariance_matrix='Sample Covariance')
[PlannedPath]    PlannedPath(timestamp=270.078300311, waypoints=[(15.850000000000076, 0), (16.850000000000076, 0), (17.850000000000076, 0), (18.850000000000076, 0), (19.850000000000076, 0)])
[Decision]       ManeuverDecision(timestamp=270.078300311, chosen_maneuver='LANE_KEEP', target_speed_kph=10.0, lead_vehicle_id=None)
[ActionCommand]  속도(m/s): 1.26  |  조향(rad): -0.049
[ControlCmd]     스티어링(rad): -0.049  |  Throttle: 0.90  |  Brake: 0.00
========================================================

2025-06-05 19:56:44,618 - Modules.control_module - INFO - 
================= [프로세스 단일 흐름 요약] =================
[Perception]     PerceptionOutput(timestamp=270.078300311, detected_objects=[], lane_markings=[], drivable_area_mask=None, traffic_signs=[], semantic_segmentation_map=None, instance_segmentation_map=None, depth_map=None, optical_flow_map=None, scene_flow_map=None, raw_features_for_localization=None, white_line_hsv_metrics=WhiteLineHsvMetrics(timestamp=1749121004.6059313, total_white_pixels=60715, left_ratio=0.20909135367762127, mid_ratio=0.27609057120500785, right_ratio=0.25592630451713394, is_detected=True), yellow_line_hsv_metrics=YellowLineHsvMetrics(timestamp=1749121004.6059365, area=417180.0, center_x=368, is_detected=True))
[Localization]   LocalizationInfo(timestamp=270.078300311, position=(15.300000000000082, 0, 0), orientation_quaternion=(1, 0, 0, 0), velocity_vector=(0, 0, 0), covariance_matrix='Sample Covariance')
[PlannedPath]    PlannedPath(timestamp=270.078300311, waypoints=[(16.300000000000082, 0), (17.300000000000082, 0), (18.300000000000082, 0), (19.300000000000082, 0), (20.300000000000082, 0)])
[Decision]       ManeuverDecision(timestamp=270.078300311, chosen_maneuver='LANE_KEEP', target_speed_kph=10.0, lead_vehicle_id=None)
[ActionCommand]  속도(m/s): 1.26  |  조향(rad): -0.049
[ControlCmd]     스티어링(rad): -0.049  |  Throttle: 0.90  |  Brake: 0.00
========================================================

2025-06-05 19:56:44,669 - Modules.control_module - INFO - 
================= [프로세스 단일 흐름 요약] =================
[Perception]     PerceptionOutput(timestamp=270.078300311, detected_objects=[], lane_markings=[], drivable_area_mask=None, traffic_signs=[], semantic_segmentation_map=None, instance_segmentation_map=None, depth_map=None, optical_flow_map=None, scene_flow_map=None, raw_features_for_localization=None, white_line_hsv_metrics=WhiteLineHsvMetrics(timestamp=1749121004.654946, total_white_pixels=60715, left_ratio=0.20909135367762127, mid_ratio=0.27609057120500785, right_ratio=0.25592630451713394, is_detected=True), yellow_line_hsv_metrics=YellowLineHsvMetrics(timestamp=1749121004.6549528, area=417180.0, center_x=368, is_detected=True))
[Localization]   LocalizationInfo(timestamp=270.078300311, position=(15.350000000000083, 0, 0), orientation_quaternion=(1, 0, 0, 0), velocity_vector=(0, 0, 0), covariance_matrix='Sample Covariance')
[PlannedPath]    PlannedPath(timestamp=270.078300311, waypoints=[(16.350000000000083, 0), (17.350000000000083, 0), (18.350000000000083, 0), (19.350000000000083, 0), (20.350000000000083, 0)])
[Decision]       ManeuverDecision(timestamp=270.078300311, chosen_maneuver='LANE_KEEP', target_speed_kph=10.0, lead_vehicle_id=None)
[ActionCommand]  속도(m/s): 1.26  |  조향(rad): -0.049
[ControlCmd]     스티어링(rad): -0.049  |  Throttle: 0.90  |  Brake: 0.00
========================================================

2025-06-05 19:56:44,720 - Modules.control_module - INFO - 
================= [프로세스 단일 흐름 요약] =================
[Perception]     PerceptionOutput(timestamp=270.078300311, detected_objects=[], lane_markings=[], drivable_area_mask=None, traffic_signs=[], semantic_segmentation_map=None, instance_segmentation_map=None, depth_map=None, optical_flow_map=None, scene_flow_map=None, raw_features_for_localization=None, white_line_hsv_metrics=WhiteLineHsvMetrics(timestamp=1749121004.7033656, total_white_pixels=60715, left_ratio=0.20909135367762127, mid_ratio=0.27609057120500785, right_ratio=0.25592630451713394, is_detected=True), yellow_line_hsv_metrics=YellowLineHsvMetrics(timestamp=1749121004.7033722, area=417180.0, center_x=368, is_detected=True))
[Localization]   LocalizationInfo(timestamp=270.078300311, position=(15.400000000000084, 0, 0), orientation_quaternion=(1, 0, 0, 0), velocity_vector=(0, 0, 0), covariance_matrix='Sample Covariance')
[PlannedPath]    PlannedPath(timestamp=270.078300311, waypoints=[(16.400000000000084, 0), (17.400000000000084, 0), (18.400000000000084, 0), (19.400000000000084, 0), (20.400000000000084, 0)])
[Decision]       ManeuverDecision(timestamp=270.078300311, chosen_maneuver='LANE_KEEP', target_speed_kph=10.0, lead_vehicle_id=None)
[ActionCommand]  속도(m/s): 1.26  |  조향(rad): -0.049
[ControlCmd]     스티어링(rad): -0.049  |  Throttle: 0.90  |  Brake: 0.00
========================================================

2025-06-05 19:56:44,771 - Modules.control_module - INFO - 
================= [프로세스 단일 흐름 요약] =================
[Perception]     PerceptionOutput(timestamp=270.078300311, detected_objects=[], lane_markings=[], drivable_area_mask=None, traffic_signs=[], semantic_segmentation_map=None, instance_segmentation_map=None, depth_map=None, optical_flow_map=None, scene_flow_map=None, raw_features_for_localization=None, white_line_hsv_metrics=WhiteLineHsvMetrics(timestamp=1749121004.7520998, total_white_pixels=60715, left_ratio=0.20909135367762127, mid_ratio=0.27609057120500785, right_ratio=0.25592630451713394, is_detected=True), yellow_line_hsv_metrics=YellowLineHsvMetrics(timestamp=1749121004.752108, area=417180.0, center_x=368, is_detected=True))
[Localization]   LocalizationInfo(timestamp=270.078300311, position=(15.450000000000085, 0, 0), orientation_quaternion=(1, 0, 0, 0), velocity_vector=(0, 0, 0), covariance_matrix='Sample Covariance')
[PlannedPath]    PlannedPath(timestamp=270.078300311, waypoints=[(16.450000000000085, 0), (17.450000000000085, 0), (18.450000000000085, 0), (19.450000000000085, 0), (20.450000000000085, 0)])
[Decision]       ManeuverDecision(timestamp=270.078300311, chosen_maneuver='LANE_KEEP', target_speed_kph=10.0, lead_vehicle_id=None)
[ActionCommand]  속도(m/s): 1.26  |  조향(rad): -0.049
[ControlCmd]     스티어링(rad): -0.049  |  Throttle: 0.90  |  Brake: 0.00
========================================================

2025-06-05 19:56:44,811 - Modules.control_module - INFO - 
================= [프로세스 단일 흐름 요약] =================
[Perception]     PerceptionOutput(timestamp=270.078300311, detected_objects=[], lane_markings=[], drivable_area_mask=None, traffic_signs=[], semantic_segmentation_map=None, instance_segmentation_map=None, depth_map=None, optical_flow_map=None, scene_flow_map=None, raw_features_for_localization=None, white_line_hsv_metrics=WhiteLineHsvMetrics(timestamp=1749121004.8027525, total_white_pixels=60715, left_ratio=0.20909135367762127, mid_ratio=0.27609057120500785, right_ratio=0.25592630451713394, is_detected=True), yellow_line_hsv_metrics=YellowLineHsvMetrics(timestamp=1749121004.802759, area=417180.0, center_x=368, is_detected=True))
[Localization]   LocalizationInfo(timestamp=270.078300311, position=(15.500000000000085, 0, 0), orientation_quaternion=(1, 0, 0, 0), velocity_vector=(0, 0, 0), covariance_matrix='Sample Covariance')
[PlannedPath]    PlannedPath(timestamp=270.078300311, waypoints=[(16.500000000000085, 0), (17.500000000000085, 0), (18.500000000000085, 0), (19.500000000000085, 0), (20.500000000000085, 0)])
[Decision]       ManeuverDecision(timestamp=270.078300311, chosen_maneuver='LANE_KEEP', target_speed_kph=10.0, lead_vehicle_id=None)
[ActionCommand]  속도(m/s): 1.26  |  조향(rad): -0.049
[ControlCmd]     스티어링(rad): -0.049  |  Throttle: 0.90  |  Brake: 0.00
========================================================

2025-06-05 19:56:44,913 - Modules.control_module - INFO - 
================= [프로세스 단일 흐름 요약] =================
[Perception]     PerceptionOutput(timestamp=270.078300311, detected_objects=[], lane_markings=[], drivable_area_mask=None, traffic_signs=[], semantic_segmentation_map=None, instance_segmentation_map=None, depth_map=None, optical_flow_map=None, scene_flow_map=None, raw_features_for_localization=None, white_line_hsv_metrics=WhiteLineHsvMetrics(timestamp=1749121004.9036083, total_white_pixels=60715, left_ratio=0.20909135367762127, mid_ratio=0.27609057120500785, right_ratio=0.25592630451713394, is_detected=True), yellow_line_hsv_metrics=YellowLineHsvMetrics(timestamp=1749121004.9036148, area=417180.0, center_x=368, is_detected=True))
[Localization]   LocalizationInfo(timestamp=270.078300311, position=(15.600000000000087, 0, 0), orientation_quaternion=(1, 0, 0, 0), velocity_vector=(0, 0, 0), covariance_matrix='Sample Covariance')
[PlannedPath]    PlannedPath(timestamp=270.078300311, waypoints=[(16.600000000000087, 0), (17.600000000000087, 0), (18.600000000000087, 0), (19.600000000000087, 0), (20.600000000000087, 0)])
[Decision]       ManeuverDecision(timestamp=270.078300311, chosen_maneuver='LANE_KEEP', target_speed_kph=10.0, lead_vehicle_id=None)
[ActionCommand]  속도(m/s): 1.26  |  조향(rad): -0.049
[ControlCmd]     스티어링(rad): -0.049  |  Throttle: 0.90  |  Brake: 0.00
========================================================

2025-06-05 19:56:44,974 - Modules.control_module - INFO - 
================= [프로세스 단일 흐름 요약] =================
[Perception]     PerceptionOutput(timestamp=270.078300311, detected_objects=[], lane_markings=[], drivable_area_mask=None, traffic_signs=[], semantic_segmentation_map=None, instance_segmentation_map=None, depth_map=None, optical_flow_map=None, scene_flow_map=None, raw_features_for_localization=None, white_line_hsv_metrics=WhiteLineHsvMetrics(timestamp=1749121004.9527411, total_white_pixels=60715, left_ratio=0.20909135367762127, mid_ratio=0.27609057120500785, right_ratio=0.25592630451713394, is_detected=True), yellow_line_hsv_metrics=YellowLineHsvMetrics(timestamp=1749121004.9527504, area=417180.0, center_x=368, is_detected=True))
[Localization]   LocalizationInfo(timestamp=270.078300311, position=(15.650000000000087, 0, 0), orientation_quaternion=(1, 0, 0, 0), velocity_vector=(0, 0, 0), covariance_matrix='Sample Covariance')
[PlannedPath]    PlannedPath(timestamp=270.078300311, waypoints=[(16.650000000000087, 0), (17.650000000000087, 0), (18.650000000000087, 0), (19.650000000000087, 0), (20.650000000000087, 0)])
[Decision]       ManeuverDecision(timestamp=270.078300311, chosen_maneuver='LANE_KEEP', target_speed_kph=10.0, lead_vehicle_id=None)
[ActionCommand]  속도(m/s): 1.26  |  조향(rad): -0.049
[ControlCmd]     스티어링(rad): -0.049  |  Throttle: 0.90  |  Brake: 0.00
========================================================

2025-06-05 19:56:45,025 - Modules.control_module - INFO - 
================= [프로세스 단일 흐름 요약] =================
[Perception]     PerceptionOutput(timestamp=270.078300311, detected_objects=[], lane_markings=[], drivable_area_mask=None, traffic_signs=[], semantic_segmentation_map=None, instance_segmentation_map=None, depth_map=None, optical_flow_map=None, scene_flow_map=None, raw_features_for_localization=None, white_line_hsv_metrics=WhiteLineHsvMetrics(timestamp=1749121005.0056055, total_white_pixels=60715, left_ratio=0.20909135367762127, mid_ratio=0.27609057120500785, right_ratio=0.25592630451713394, is_detected=True), yellow_line_hsv_metrics=YellowLineHsvMetrics(timestamp=1749121005.0056126, area=417180.0, center_x=368, is_detected=True))
[Localization]   LocalizationInfo(timestamp=270.078300311, position=(15.700000000000088, 0, 0), orientation_quaternion=(1, 0, 0, 0), velocity_vector=(0, 0, 0), covariance_matrix='Sample Covariance')
[PlannedPath]    PlannedPath(timestamp=270.078300311, waypoints=[(16.700000000000088, 0), (17.700000000000088, 0), (18.700000000000088, 0), (19.700000000000088, 0), (20.700000000000088, 0)])
[Decision]       ManeuverDecision(timestamp=270.078300311, chosen_maneuver='LANE_KEEP', target_speed_kph=10.0, lead_vehicle_id=None)
[ActionCommand]  속도(m/s): 1.26  |  조향(rad): -0.049
[ControlCmd]     스티어링(rad): -0.049  |  Throttle: 0.90  |  Brake: 0.00
========================================================

2025-06-05 19:56:45,076 - Modules.control_module - INFO - 
================= [프로세스 단일 흐름 요약] =================
[Perception]     PerceptionOutput(timestamp=270.078300311, detected_objects=[], lane_markings=[], drivable_area_mask=None, traffic_signs=[], semantic_segmentation_map=None, instance_segmentation_map=None, depth_map=None, optical_flow_map=None, scene_flow_map=None, raw_features_for_localization=None, white_line_hsv_metrics=WhiteLineHsvMetrics(timestamp=1749121005.0566876, total_white_pixels=60715, left_ratio=0.20909135367762127, mid_ratio=0.27609057120500785, right_ratio=0.25592630451713394, is_detected=True), yellow_line_hsv_metrics=YellowLineHsvMetrics(timestamp=1749121005.056694, area=417180.0, center_x=368, is_detected=True))
[Localization]   LocalizationInfo(timestamp=270.078300311, position=(15.750000000000089, 0, 0), orientation_quaternion=(1, 0, 0, 0), velocity_vector=(0, 0, 0), covariance_matrix='Sample Covariance')
[PlannedPath]    PlannedPath(timestamp=270.078300311, waypoints=[(16.75000000000009, 0), (17.75000000000009, 0), (18.75000000000009, 0), (19.75000000000009, 0), (20.75000000000009, 0)])
[Decision]       ManeuverDecision(timestamp=270.078300311, chosen_maneuver='LANE_KEEP', target_speed_kph=10.0, lead_vehicle_id=None)
[ActionCommand]  속도(m/s): 1.26  |  조향(rad): -0.049
[ControlCmd]     스티어링(rad): -0.049  |  Throttle: 0.90  |  Brake: 0.00
========================================================

2025-06-05 19:56:45,127 - Modules.control_module - INFO - 
================= [프로세스 단일 흐름 요약] =================
[Perception]     PerceptionOutput(timestamp=270.078300311, detected_objects=[], lane_markings=[], drivable_area_mask=None, traffic_signs=[], semantic_segmentation_map=None, instance_segmentation_map=None, depth_map=None, optical_flow_map=None, scene_flow_map=None, raw_features_for_localization=None, white_line_hsv_metrics=WhiteLineHsvMetrics(timestamp=1749121005.107896, total_white_pixels=60715, left_ratio=0.20909135367762127, mid_ratio=0.27609057120500785, right_ratio=0.25592630451713394, is_detected=True), yellow_line_hsv_metrics=YellowLineHsvMetrics(timestamp=1749121005.1079032, area=417180.0, center_x=368, is_detected=True))
[Localization]   LocalizationInfo(timestamp=270.078300311, position=(15.80000000000009, 0, 0), orientation_quaternion=(1, 0, 0, 0), velocity_vector=(0, 0, 0), covariance_matrix='Sample Covariance')
[PlannedPath]    PlannedPath(timestamp=270.078300311, waypoints=[(16.80000000000009, 0), (17.80000000000009, 0), (18.80000000000009, 0), (19.80000000000009, 0), (20.80000000000009, 0)])
[Decision]       ManeuverDecision(timestamp=270.078300311, chosen_maneuver='LANE_KEEP', target_speed_kph=10.0, lead_vehicle_id=None)
[ActionCommand]  속도(m/s): 1.26  |  조향(rad): -0.049
[ControlCmd]     스티어링(rad): -0.049  |  Throttle: 0.90  |  Brake: 0.00
========================================================

2025-06-05 19:56:45,178 - Modules.control_module - INFO - 
================= [프로세스 단일 흐름 요약] =================
[Perception]     PerceptionOutput(timestamp=270.078300311, detected_objects=[], lane_markings=[], drivable_area_mask=None, traffic_signs=[], semantic_segmentation_map=None, instance_segmentation_map=None, depth_map=None, optical_flow_map=None, scene_flow_map=None, raw_features_for_localization=None, white_line_hsv_metrics=WhiteLineHsvMetrics(timestamp=1749121005.1586058, total_white_pixels=60715, left_ratio=0.20909135367762127, mid_ratio=0.27609057120500785, right_ratio=0.25592630451713394, is_detected=True), yellow_line_hsv_metrics=YellowLineHsvMetrics(timestamp=1749121005.158613, area=417180.0, center_x=368, is_detected=True))
[Localization]   LocalizationInfo(timestamp=270.078300311, position=(15.85000000000009, 0, 0), orientation_quaternion=(1, 0, 0, 0), velocity_vector=(0, 0, 0), covariance_matrix='Sample Covariance')
[PlannedPath]    PlannedPath(timestamp=270.078300311, waypoints=[(16.85000000000009, 0), (17.85000000000009, 0), (18.85000000000009, 0), (19.85000000000009, 0), (20.85000000000009, 0)])
[Decision]       ManeuverDecision(timestamp=270.078300311, chosen_maneuver='LANE_KEEP', target_speed_kph=10.0, lead_vehicle_id=None)
[ActionCommand]  속도(m/s): 1.26  |  조향(rad): -0.049
[ControlCmd]     스티어링(rad): -0.049  |  Throttle: 0.90  |  Brake: 0.00
========================================================

2025-06-05 19:56:45,219 - Modules.control_module - INFO - 
================= [프로세스 단일 흐름 요약] =================
[Perception]     PerceptionOutput(timestamp=270.078300311, detected_objects=[], lane_markings=[], drivable_area_mask=None, traffic_signs=[], semantic_segmentation_map=None, instance_segmentation_map=None, depth_map=None, optical_flow_map=None, scene_flow_map=None, raw_features_for_localization=None, white_line_hsv_metrics=WhiteLineHsvMetrics(timestamp=1749121005.199632, total_white_pixels=60715, left_ratio=0.20909135367762127, mid_ratio=0.27609057120500785, right_ratio=0.25592630451713394, is_detected=True), yellow_line_hsv_metrics=YellowLineHsvMetrics(timestamp=1749121005.1996377, area=417180.0, center_x=368, is_detected=True))
[Localization]   LocalizationInfo(timestamp=270.078300311, position=(15.900000000000091, 0, 0), orientation_quaternion=(1, 0, 0, 0), velocity_vector=(0, 0, 0), covariance_matrix='Sample Covariance')
[PlannedPath]    PlannedPath(timestamp=270.078300311, waypoints=[(16.90000000000009, 0), (17.90000000000009, 0), (18.90000000000009, 0), (19.90000000000009, 0), (20.90000000000009, 0)])
[Decision]       ManeuverDecision(timestamp=270.078300311, chosen_maneuver='LANE_KEEP', target_speed_kph=10.0, lead_vehicle_id=None)
[ActionCommand]  속도(m/s): 1.26  |  조향(rad): -0.049
[ControlCmd]     스티어링(rad): -0.049  |  Throttle: 0.90  |  Brake: 0.00
========================================================

2025-06-05 19:56:45,269 - Modules.control_module - INFO - 
================= [프로세스 단일 흐름 요약] =================
[Perception]     PerceptionOutput(timestamp=270.205418395, detected_objects=[], lane_markings=[], drivable_area_mask=None, traffic_signs=[], semantic_segmentation_map=None, instance_segmentation_map=None, depth_map=None, optical_flow_map=None, scene_flow_map=None, raw_features_for_localization=None, white_line_hsv_metrics=WhiteLineHsvMetrics(timestamp=1749121005.250203, total_white_pixels=61154, left_ratio=0.2106073943661972, mid_ratio=0.2777533255086072, right_ratio=0.25810455607476634, is_detected=True), yellow_line_hsv_metrics=YellowLineHsvMetrics(timestamp=1749121005.250209, area=404175.0, center_x=375, is_detected=True))
[Localization]   LocalizationInfo(timestamp=270.205418395, position=(15.950000000000092, 0, 0), orientation_quaternion=(1, 0, 0, 0), velocity_vector=(0.3933350663153141, 0, 0), covariance_matrix='Sample Covariance')
[PlannedPath]    PlannedPath(timestamp=270.205418395, waypoints=[(16.95000000000009, 0), (17.95000000000009, 0), (18.95000000000009, 0), (19.95000000000009, 0), (20.95000000000009, 0)])
[Decision]       ManeuverDecision(timestamp=270.205418395, chosen_maneuver='LANE_KEEP', target_speed_kph=10.0, lead_vehicle_id=None)
[ActionCommand]  속도(m/s): 1.26  |  조향(rad): -0.050
[ControlCmd]     스티어링(rad): -0.050  |  Throttle: 0.90  |  Brake: 0.00
========================================================

2025-06-05 19:56:45,371 - Modules.control_module - INFO - 
================= [프로세스 단일 흐름 요약] =================
[Perception]     PerceptionOutput(timestamp=270.315326296, detected_objects=[], lane_markings=[], drivable_area_mask=None, traffic_signs=[], semantic_segmentation_map=None, instance_segmentation_map=None, depth_map=None, optical_flow_map=None, scene_flow_map=None, raw_features_for_localization=None, white_line_hsv_metrics=WhiteLineHsvMetrics(timestamp=1749121005.3516958, total_white_pixels=60625, left_ratio=0.21135318857589985, mid_ratio=0.2732052034428795, right_ratio=0.2554517133956386, is_detected=True), yellow_line_hsv_metrics=YellowLineHsvMetrics(timestamp=1749121005.3517048, area=411825.0, center_x=380, is_detected=True))
[Localization]   LocalizationInfo(timestamp=270.315326296, position=(16.050000000000093, 0, 0), orientation_quaternion=(1, 0, 0, 0), velocity_vector=(0.45492634783354424, 0, 0), covariance_matrix='Sample Covariance')
[PlannedPath]    PlannedPath(timestamp=270.315326296, waypoints=[(17.050000000000093, 0), (18.050000000000093, 0), (19.050000000000093, 0), (20.050000000000093, 0), (21.050000000000093, 0)])
[Decision]       ManeuverDecision(timestamp=270.315326296, chosen_maneuver='LANE_KEEP', target_speed_kph=10.0, lead_vehicle_id=None)
[ActionCommand]  속도(m/s): 1.26  |  조향(rad): -0.046
[ControlCmd]     스티어링(rad): -0.046  |  Throttle: 0.90  |  Brake: 0.00
========================================================

2025-06-05 19:56:45,523 - Modules.control_module - INFO - 
================= [프로세스 단일 흐름 요약] =================
[Perception]     PerceptionOutput(timestamp=270.315326296, detected_objects=[], lane_markings=[], drivable_area_mask=None, traffic_signs=[], semantic_segmentation_map=None, instance_segmentation_map=None, depth_map=None, optical_flow_map=None, scene_flow_map=None, raw_features_for_localization=None, white_line_hsv_metrics=WhiteLineHsvMetrics(timestamp=1749121005.5034325, total_white_pixels=60625, left_ratio=0.21135318857589985, mid_ratio=0.2732052034428795, right_ratio=0.2554517133956386, is_detected=True), yellow_line_hsv_metrics=YellowLineHsvMetrics(timestamp=1749121005.503441, area=411825.0, center_x=380, is_detected=True))
[Localization]   LocalizationInfo(timestamp=270.315326296, position=(16.200000000000095, 0, 0), orientation_quaternion=(1, 0, 0, 0), velocity_vector=(0, 0, 0), covariance_matrix='Sample Covariance')
[PlannedPath]    PlannedPath(timestamp=270.315326296, waypoints=[(17.200000000000095, 0), (18.200000000000095, 0), (19.200000000000095, 0), (20.200000000000095, 0), (21.200000000000095, 0)])
[Decision]       ManeuverDecision(timestamp=270.315326296, chosen_maneuver='LANE_KEEP', target_speed_kph=10.0, lead_vehicle_id=None)
[ActionCommand]  속도(m/s): 1.26  |  조향(rad): -0.046
[ControlCmd]     스티어링(rad): -0.046  |  Throttle: 0.90  |  Brake: 0.00
========================================================

2025-06-05 19:56:45,715 - Modules.control_module - INFO - 
================= [프로세스 단일 흐름 요약] =================
[Perception]     PerceptionOutput(timestamp=270.63768239, detected_objects=[], lane_markings=[], drivable_area_mask=None, traffic_signs=[], semantic_segmentation_map=None, instance_segmentation_map=None, depth_map=None, optical_flow_map=None, scene_flow_map=None, raw_features_for_localization=None, white_line_hsv_metrics=WhiteLineHsvMetrics(timestamp=1749121005.7053888, total_white_pixels=55222, left_ratio=0.22801741001564946, mid_ratio=0.23806729264475743, right_ratio=0.20808995327102803, is_detected=True), yellow_line_hsv_metrics=YellowLineHsvMetrics(timestamp=1749121005.7053945, area=558705.0, center_x=401, is_detected=True))
[Localization]   LocalizationInfo(timestamp=270.63768239, position=(16.400000000000098, 0, 0), orientation_quaternion=(1, 0, 0, 0), velocity_vector=(0, 0, 0), covariance_matrix='Sample Covariance')
[PlannedPath]    PlannedPath(timestamp=270.63768239, waypoints=[(17.400000000000098, 0), (18.400000000000098, 0), (19.400000000000098, 0), (20.400000000000098, 0), (21.400000000000098, 0)])
[Decision]       ManeuverDecision(timestamp=270.63768239, chosen_maneuver='LANE_KEEP', target_speed_kph=10.0, lead_vehicle_id=None)
[ActionCommand]  속도(m/s): 1.26  |  조향(rad): 0.021
[ControlCmd]     스티어링(rad): 0.021  |  Throttle: 0.90  |  Brake: 0.00
========================================================

2025-06-05 19:56:45,766 - Modules.control_module - INFO - 
================= [프로세스 단일 흐름 요약] =================
[Perception]     PerceptionOutput(timestamp=270.63768239, detected_objects=[], lane_markings=[], drivable_area_mask=None, traffic_signs=[], semantic_segmentation_map=None, instance_segmentation_map=None, depth_map=None, optical_flow_map=None, scene_flow_map=None, raw_features_for_localization=None, white_line_hsv_metrics=WhiteLineHsvMetrics(timestamp=1749121005.755575, total_white_pixels=55222, left_ratio=0.22801741001564946, mid_ratio=0.23806729264475743, right_ratio=0.20808995327102803, is_detected=True), yellow_line_hsv_metrics=YellowLineHsvMetrics(timestamp=1749121005.7555816, area=558705.0, center_x=401, is_detected=True))
[Localization]   LocalizationInfo(timestamp=270.63768239, position=(16.4500000000001, 0, 0), orientation_quaternion=(1, 0, 0, 0), velocity_vector=(0, 0, 0), covariance_matrix='Sample Covariance')
[PlannedPath]    PlannedPath(timestamp=270.63768239, waypoints=[(17.4500000000001, 0), (18.4500000000001, 0), (19.4500000000001, 0), (20.4500000000001, 0), (21.4500000000001, 0)])
[Decision]       ManeuverDecision(timestamp=270.63768239, chosen_maneuver='LANE_KEEP', target_speed_kph=10.0, lead_vehicle_id=None)
[ActionCommand]  속도(m/s): 1.26  |  조향(rad): 0.021
[ControlCmd]     스티어링(rad): 0.021  |  Throttle: 0.90  |  Brake: 0.00
========================================================

2025-06-05 19:56:45,817 - Modules.control_module - INFO - 
================= [프로세스 단일 흐름 요약] =================
[Perception]     PerceptionOutput(timestamp=270.737850297, detected_objects=[], lane_markings=[], drivable_area_mask=None, traffic_signs=[], semantic_segmentation_map=None, instance_segmentation_map=None, depth_map=None, optical_flow_map=None, scene_flow_map=None, raw_features_for_localization=None, white_line_hsv_metrics=WhiteLineHsvMetrics(timestamp=1749121005.8050723, total_white_pixels=56091, left_ratio=0.21867664319248825, mid_ratio=0.24167400234741784, right_ratio=0.22437207943925233, is_detected=True), yellow_line_hsv_metrics=YellowLineHsvMetrics(timestamp=1749121005.8050795, area=634440.0, center_x=409, is_detected=True))
[Localization]   LocalizationInfo(timestamp=270.737850297, position=(16.5000000000001, 0, 0), orientation_quaternion=(1, 0, 0, 0), velocity_vector=(0.499161872275051, 0, 0), covariance_matrix='Sample Covariance')
[PlannedPath]    PlannedPath(timestamp=270.737850297, waypoints=[(17.5000000000001, 0), (18.5000000000001, 0), (19.5000000000001, 0), (20.5000000000001, 0), (21.5000000000001, 0)])
[Decision]       ManeuverDecision(timestamp=270.737850297, chosen_maneuver='LANE_KEEP', target_speed_kph=10.0, lead_vehicle_id=None)
[ActionCommand]  속도(m/s): 1.26  |  조향(rad): -0.006
[ControlCmd]     스티어링(rad): -0.006  |  Throttle: 0.90  |  Brake: 0.00
========================================================

2025-06-05 19:56:45,868 - Modules.control_module - INFO - 
================= [프로세스 단일 흐름 요약] =================
[Perception]     PerceptionOutput(timestamp=270.737850297, detected_objects=[], lane_markings=[], drivable_area_mask=None, traffic_signs=[], semantic_segmentation_map=None, instance_segmentation_map=None, depth_map=None, optical_flow_map=None, scene_flow_map=None, raw_features_for_localization=None, white_line_hsv_metrics=WhiteLineHsvMetrics(timestamp=1749121005.8548667, total_white_pixels=56091, left_ratio=0.21867664319248825, mid_ratio=0.24167400234741784, right_ratio=0.22437207943925233, is_detected=True), yellow_line_hsv_metrics=YellowLineHsvMetrics(timestamp=1749121005.8548732, area=634440.0, center_x=409, is_detected=True))
[Localization]   LocalizationInfo(timestamp=270.737850297, position=(16.5500000000001, 0, 0), orientation_quaternion=(1, 0, 0, 0), velocity_vector=(0, 0, 0), covariance_matrix='Sample Covariance')
[PlannedPath]    PlannedPath(timestamp=270.737850297, waypoints=[(17.5500000000001, 0), (18.5500000000001, 0), (19.5500000000001, 0), (20.5500000000001, 0), (21.5500000000001, 0)])
[Decision]       ManeuverDecision(timestamp=270.737850297, chosen_maneuver='LANE_KEEP', target_speed_kph=10.0, lead_vehicle_id=None)
[ActionCommand]  속도(m/s): 1.26  |  조향(rad): -0.006
[ControlCmd]     스티어링(rad): -0.006  |  Throttle: 0.90  |  Brake: 0.00
========================================================

2025-06-05 19:56:45,919 - Modules.control_module - INFO - 
================= [프로세스 단일 흐름 요약] =================
[Perception]     PerceptionOutput(timestamp=270.737850297, detected_objects=[], lane_markings=[], drivable_area_mask=None, traffic_signs=[], semantic_segmentation_map=None, instance_segmentation_map=None, depth_map=None, optical_flow_map=None, scene_flow_map=None, raw_features_for_localization=None, white_line_hsv_metrics=WhiteLineHsvMetrics(timestamp=1749121005.9064128, total_white_pixels=56091, left_ratio=0.21867664319248825, mid_ratio=0.24167400234741784, right_ratio=0.22437207943925233, is_detected=True), yellow_line_hsv_metrics=YellowLineHsvMetrics(timestamp=1749121005.9064212, area=634440.0, center_x=409, is_detected=True))
[Localization]   LocalizationInfo(timestamp=270.737850297, position=(16.6000000000001, 0, 0), orientation_quaternion=(1, 0, 0, 0), velocity_vector=(0, 0, 0), covariance_matrix='Sample Covariance')
[PlannedPath]    PlannedPath(timestamp=270.737850297, waypoints=[(17.6000000000001, 0), (18.6000000000001, 0), (19.6000000000001, 0), (20.6000000000001, 0), (21.6000000000001, 0)])
[Decision]       ManeuverDecision(timestamp=270.737850297, chosen_maneuver='LANE_KEEP', target_speed_kph=10.0, lead_vehicle_id=None)
[ActionCommand]  속도(m/s): 1.26  |  조향(rad): -0.006
[ControlCmd]     스티어링(rad): -0.006  |  Throttle: 0.90  |  Brake: 0.00
========================================================

2025-06-05 19:56:45,970 - Modules.control_module - INFO - 
================= [프로세스 단일 흐름 요약] =================
[Perception]     PerceptionOutput(timestamp=270.977546293, detected_objects=[], lane_markings=[], drivable_area_mask=None, traffic_signs=[], semantic_segmentation_map=None, instance_segmentation_map=None, depth_map=None, optical_flow_map=None, scene_flow_map=None, raw_features_for_localization=None, white_line_hsv_metrics=WhiteLineHsvMetrics(timestamp=1749121005.9560132, total_white_pixels=47446, left_ratio=0.21635367762128324, mid_ratio=0.19643730438184664, right_ratio=0.16650846962616822, is_detected=True), yellow_line_hsv_metrics=YellowLineHsvMetrics(timestamp=1749121005.9560213, area=813450.0, center_x=421, is_detected=True))
[Localization]   LocalizationInfo(timestamp=270.977546293, position=(16.6500000000001, 0, 0), orientation_quaternion=(1, 0, 0, 0), velocity_vector=(0.2085975603864782, 0, 0), covariance_matrix='Sample Covariance')
[PlannedPath]    PlannedPath(timestamp=270.977546293, waypoints=[(17.6500000000001, 0), (18.6500000000001, 0), (19.6500000000001, 0), (20.6500000000001, 0), (21.6500000000001, 0)])
[Decision]       ManeuverDecision(timestamp=270.977546293, chosen_maneuver='LANE_KEEP', target_speed_kph=10.0, lead_vehicle_id=None)
[ActionCommand]  속도(m/s): 1.26  |  조향(rad): 0.052
[ControlCmd]     스티어링(rad): 0.052  |  Throttle: 0.90  |  Brake: 0.00
========================================================

2025-06-05 19:56:46,021 - Modules.control_module - INFO - 
================= [프로세스 단일 흐름 요약] =================
[Perception]     PerceptionOutput(timestamp=270.977546293, detected_objects=[], lane_markings=[], drivable_area_mask=None, traffic_signs=[], semantic_segmentation_map=None, instance_segmentation_map=None, depth_map=None, optical_flow_map=None, scene_flow_map=None, raw_features_for_localization=None, white_line_hsv_metrics=WhiteLineHsvMetrics(timestamp=1749121006.0050275, total_white_pixels=47446, left_ratio=0.21635367762128324, mid_ratio=0.19643730438184664, right_ratio=0.16650846962616822, is_detected=True), yellow_line_hsv_metrics=YellowLineHsvMetrics(timestamp=1749121006.0050335, area=813450.0, center_x=421, is_detected=True))
[Localization]   LocalizationInfo(timestamp=270.977546293, position=(16.700000000000102, 0, 0), orientation_quaternion=(1, 0, 0, 0), velocity_vector=(0, 0, 0), covariance_matrix='Sample Covariance')
[PlannedPath]    PlannedPath(timestamp=270.977546293, waypoints=[(17.700000000000102, 0), (18.700000000000102, 0), (19.700000000000102, 0), (20.700000000000102, 0), (21.700000000000102, 0)])
[Decision]       ManeuverDecision(timestamp=270.977546293, chosen_maneuver='LANE_KEEP', target_speed_kph=10.0, lead_vehicle_id=None)
[ActionCommand]  속도(m/s): 1.26  |  조향(rad): 0.052
[ControlCmd]     스티어링(rad): 0.052  |  Throttle: 0.90  |  Brake: 0.00
========================================================

2025-06-05 19:56:46,082 - Modules.control_module - INFO - 
================= [프로세스 단일 흐름 요약] =================
[Perception]     PerceptionOutput(timestamp=270.977546293, detected_objects=[], lane_markings=[], drivable_area_mask=None, traffic_signs=[], semantic_segmentation_map=None, instance_segmentation_map=None, depth_map=None, optical_flow_map=None, scene_flow_map=None, raw_features_for_localization=None, white_line_hsv_metrics=WhiteLineHsvMetrics(timestamp=1749121006.06495, total_white_pixels=47446, left_ratio=0.21635367762128324, mid_ratio=0.19643730438184664, right_ratio=0.16650846962616822, is_detected=True), yellow_line_hsv_metrics=YellowLineHsvMetrics(timestamp=1749121006.0649586, area=813450.0, center_x=421, is_detected=True))
[Localization]   LocalizationInfo(timestamp=270.977546293, position=(16.750000000000103, 0, 0), orientation_quaternion=(1, 0, 0, 0), velocity_vector=(0, 0, 0), covariance_matrix='Sample Covariance')
[PlannedPath]    PlannedPath(timestamp=270.977546293, waypoints=[(17.750000000000103, 0), (18.750000000000103, 0), (19.750000000000103, 0), (20.750000000000103, 0), (21.750000000000103, 0)])
[Decision]       ManeuverDecision(timestamp=270.977546293, chosen_maneuver='LANE_KEEP', target_speed_kph=10.0, lead_vehicle_id=None)
[ActionCommand]  속도(m/s): 1.26  |  조향(rad): 0.052
[ControlCmd]     스티어링(rad): 0.052  |  Throttle: 0.90  |  Brake: 0.00
========================================================

2025-06-05 19:56:46,123 - Modules.control_module - INFO - 
================= [프로세스 단일 흐름 요약] =================
[Perception]     PerceptionOutput(timestamp=270.977546293, detected_objects=[], lane_markings=[], drivable_area_mask=None, traffic_signs=[], semantic_segmentation_map=None, instance_segmentation_map=None, depth_map=None, optical_flow_map=None, scene_flow_map=None, raw_features_for_localization=None, white_line_hsv_metrics=WhiteLineHsvMetrics(timestamp=1749121006.1056588, total_white_pixels=47446, left_ratio=0.21635367762128324, mid_ratio=0.19643730438184664, right_ratio=0.16650846962616822, is_detected=True), yellow_line_hsv_metrics=YellowLineHsvMetrics(timestamp=1749121006.1056647, area=813450.0, center_x=421, is_detected=True))
[Localization]   LocalizationInfo(timestamp=270.977546293, position=(16.800000000000104, 0, 0), orientation_quaternion=(1, 0, 0, 0), velocity_vector=(0, 0, 0), covariance_matrix='Sample Covariance')
[PlannedPath]    PlannedPath(timestamp=270.977546293, waypoints=[(17.800000000000104, 0), (18.800000000000104, 0), (19.800000000000104, 0), (20.800000000000104, 0), (21.800000000000104, 0)])
[Decision]       ManeuverDecision(timestamp=270.977546293, chosen_maneuver='LANE_KEEP', target_speed_kph=10.0, lead_vehicle_id=None)
[ActionCommand]  속도(m/s): 1.26  |  조향(rad): 0.052
[ControlCmd]     스티어링(rad): 0.052  |  Throttle: 0.90  |  Brake: 0.00
========================================================

2025-06-05 19:56:46,184 - Modules.control_module - INFO - 
================= [프로세스 단일 흐름 요약] =================
[Perception]     PerceptionOutput(timestamp=270.977546293, detected_objects=[], lane_markings=[], drivable_area_mask=None, traffic_signs=[], semantic_segmentation_map=None, instance_segmentation_map=None, depth_map=None, optical_flow_map=None, scene_flow_map=None, raw_features_for_localization=None, white_line_hsv_metrics=WhiteLineHsvMetrics(timestamp=1749121006.1648433, total_white_pixels=47446, left_ratio=0.21635367762128324, mid_ratio=0.19643730438184664, right_ratio=0.16650846962616822, is_detected=True), yellow_line_hsv_metrics=YellowLineHsvMetrics(timestamp=1749121006.1648498, area=813450.0, center_x=421, is_detected=True))
[Localization]   LocalizationInfo(timestamp=270.977546293, position=(16.850000000000104, 0, 0), orientation_quaternion=(1, 0, 0, 0), velocity_vector=(0, 0, 0), covariance_matrix='Sample Covariance')
[PlannedPath]    PlannedPath(timestamp=270.977546293, waypoints=[(17.850000000000104, 0), (18.850000000000104, 0), (19.850000000000104, 0), (20.850000000000104, 0), (21.850000000000104, 0)])
[Decision]       ManeuverDecision(timestamp=270.977546293, chosen_maneuver='LANE_KEEP', target_speed_kph=10.0, lead_vehicle_id=None)
[ActionCommand]  속도(m/s): 1.26  |  조향(rad): 0.052
[ControlCmd]     스티어링(rad): 0.052  |  Throttle: 0.90  |  Brake: 0.00
========================================================

2025-06-05 19:56:46,225 - Modules.control_module - INFO - 
================= [프로세스 단일 흐름 요약] =================
[Perception]     PerceptionOutput(timestamp=271.176064597, detected_objects=[], lane_markings=[], drivable_area_mask=None, traffic_signs=[], semantic_segmentation_map=None, instance_segmentation_map=None, depth_map=None, optical_flow_map=None, scene_flow_map=None, raw_features_for_localization=None, white_line_hsv_metrics=WhiteLineHsvMetrics(timestamp=1749121006.2072763, total_white_pixels=41235, left_ratio=0.20552132237871676, mid_ratio=0.16583528951486698, right_ratio=0.13216754283489096, is_detected=True), yellow_line_hsv_metrics=YellowLineHsvMetrics(timestamp=1749121006.2072816, area=1308405.0, center_x=451, is_detected=True))
[Localization]   LocalizationInfo(timestamp=271.176064597, position=(16.900000000000105, 0, 0), orientation_quaternion=(1, 0, 0, 0), velocity_vector=(0.25186594380737326, 0, 0), covariance_matrix='Sample Covariance')
[PlannedPath]    PlannedPath(timestamp=271.176064597, waypoints=[(17.900000000000105, 0), (18.900000000000105, 0), (19.900000000000105, 0), (20.900000000000105, 0), (21.900000000000105, 0)])
[Decision]       ManeuverDecision(timestamp=271.176064597, chosen_maneuver='LANE_KEEP', target_speed_kph=10.0, lead_vehicle_id=None)
[ActionCommand]  속도(m/s): 0.70  |  조향(rad): 0.227
[ControlCmd]     스티어링(rad): 0.227  |  Throttle: 0.50  |  Brake: 0.00
========================================================

2025-06-05 19:56:46,276 - Modules.control_module - INFO - 
================= [프로세스 단일 흐름 요약] =================
[Perception]     PerceptionOutput(timestamp=271.176064597, detected_objects=[], lane_markings=[], drivable_area_mask=None, traffic_signs=[], semantic_segmentation_map=None, instance_segmentation_map=None, depth_map=None, optical_flow_map=None, scene_flow_map=None, raw_features_for_localization=None, white_line_hsv_metrics=WhiteLineHsvMetrics(timestamp=1749121006.2569468, total_white_pixels=41235, left_ratio=0.20552132237871676, mid_ratio=0.16583528951486698, right_ratio=0.13216754283489096, is_detected=True), yellow_line_hsv_metrics=YellowLineHsvMetrics(timestamp=1749121006.2569559, area=1308405.0, center_x=451, is_detected=True))
[Localization]   LocalizationInfo(timestamp=271.176064597, position=(16.950000000000106, 0, 0), orientation_quaternion=(1, 0, 0, 0), velocity_vector=(0, 0, 0), covariance_matrix='Sample Covariance')
[PlannedPath]    PlannedPath(timestamp=271.176064597, waypoints=[(17.950000000000106, 0), (18.950000000000106, 0), (19.950000000000106, 0), (20.950000000000106, 0), (21.950000000000106, 0)])
[Decision]       ManeuverDecision(timestamp=271.176064597, chosen_maneuver='LANE_KEEP', target_speed_kph=10.0, lead_vehicle_id=None)
[ActionCommand]  속도(m/s): 0.70  |  조향(rad): 0.339
[ControlCmd]     스티어링(rad): 0.339  |  Throttle: 0.50  |  Brake: 0.00
========================================================

2025-06-05 19:56:46,378 - Modules.control_module - INFO - 
================= [프로세스 단일 흐름 요약] =================
[Perception]     PerceptionOutput(timestamp=271.176064597, detected_objects=[], lane_markings=[], drivable_area_mask=None, traffic_signs=[], semantic_segmentation_map=None, instance_segmentation_map=None, depth_map=None, optical_flow_map=None, scene_flow_map=None, raw_features_for_localization=None, white_line_hsv_metrics=WhiteLineHsvMetrics(timestamp=1749121006.3567371, total_white_pixels=41235, left_ratio=0.20552132237871676, mid_ratio=0.16583528951486698, right_ratio=0.13216754283489096, is_detected=True), yellow_line_hsv_metrics=YellowLineHsvMetrics(timestamp=1749121006.3567443, area=1308405.0, center_x=451, is_detected=True))
[Localization]   LocalizationInfo(timestamp=271.176064597, position=(17.050000000000107, 0, 0), orientation_quaternion=(1, 0, 0, 0), velocity_vector=(0, 0, 0), covariance_matrix='Sample Covariance')
[PlannedPath]    PlannedPath(timestamp=271.176064597, waypoints=[(18.050000000000107, 0), (19.050000000000107, 0), (20.050000000000107, 0), (21.050000000000107, 0), (22.050000000000107, 0)])
[Decision]       ManeuverDecision(timestamp=271.176064597, chosen_maneuver='LANE_KEEP', target_speed_kph=10.0, lead_vehicle_id=None)
[ActionCommand]  속도(m/s): 0.70  |  조향(rad): 0.339
[ControlCmd]     스티어링(rad): 0.339  |  Throttle: 0.50  |  Brake: 0.00
========================================================

2025-06-05 19:56:46,428 - Modules.control_module - INFO - 
================= [프로세스 단일 흐름 요약] =================
[Perception]     PerceptionOutput(timestamp=271.392219997, detected_objects=[], lane_markings=[], drivable_area_mask=None, traffic_signs=[], semantic_segmentation_map=None, instance_segmentation_map=None, depth_map=None, optical_flow_map=None, scene_flow_map=None, raw_features_for_localization=None, white_line_hsv_metrics=WhiteLineHsvMetrics(timestamp=1749121006.4096446, total_white_pixels=23399, left_ratio=0.18113018388106417, mid_ratio=0.06686473004694836, right_ratio=0.037906444704049844, is_detected=True), yellow_line_hsv_metrics=YellowLineHsvMetrics(timestamp=1749121006.4096544, area=2199885.0, center_x=491, is_detected=True))
[Localization]   LocalizationInfo(timestamp=271.392219997, position=(17.100000000000108, 0, 0), orientation_quaternion=(1, 0, 0, 0), velocity_vector=(0.23131506314439557, 0, 0), covariance_matrix='Sample Covariance')
[PlannedPath]    PlannedPath(timestamp=271.392219997, waypoints=[(18.100000000000108, 0), (19.100000000000108, 0), (20.100000000000108, 0), (21.100000000000108, 0), (22.100000000000108, 0)])
[Decision]       ManeuverDecision(timestamp=271.392219997, chosen_maneuver='LANE_KEEP', target_speed_kph=10.0, lead_vehicle_id=None)
[ActionCommand]  속도(m/s): 0.70  |  조향(rad): 0.412
[ControlCmd]     스티어링(rad): 0.412  |  Throttle: 0.50  |  Brake: 0.00
========================================================

2025-06-05 19:56:46,479 - Modules.control_module - INFO - 
================= [프로세스 단일 흐름 요약] =================
[Perception]     PerceptionOutput(timestamp=271.392219997, detected_objects=[], lane_markings=[], drivable_area_mask=None, traffic_signs=[], semantic_segmentation_map=None, instance_segmentation_map=None, depth_map=None, optical_flow_map=None, scene_flow_map=None, raw_features_for_localization=None, white_line_hsv_metrics=WhiteLineHsvMetrics(timestamp=1749121006.4619834, total_white_pixels=23399, left_ratio=0.18113018388106417, mid_ratio=0.06686473004694836, right_ratio=0.037906444704049844, is_detected=True), yellow_line_hsv_metrics=YellowLineHsvMetrics(timestamp=1749121006.4619906, area=2199885.0, center_x=491, is_detected=True))
[Localization]   LocalizationInfo(timestamp=271.392219997, position=(17.15000000000011, 0, 0), orientation_quaternion=(1, 0, 0, 0), velocity_vector=(0, 0, 0), covariance_matrix='Sample Covariance')
[PlannedPath]    PlannedPath(timestamp=271.392219997, waypoints=[(18.15000000000011, 0), (19.15000000000011, 0), (20.15000000000011, 0), (21.15000000000011, 0), (22.15000000000011, 0)])
[Decision]       ManeuverDecision(timestamp=271.392219997, chosen_maneuver='LANE_KEEP', target_speed_kph=10.0, lead_vehicle_id=None)
[ActionCommand]  속도(m/s): 0.70  |  조향(rad): 0.412
[ControlCmd]     스티어링(rad): 0.412  |  Throttle: 0.50  |  Brake: 0.00
========================================================

2025-06-05 19:56:46,621 - Modules.control_module - INFO - 
================= [프로세스 단일 흐름 요약] =================
[Perception]     PerceptionOutput(timestamp=271.587182893, detected_objects=[], lane_markings=[], drivable_area_mask=None, traffic_signs=[], semantic_segmentation_map=None, instance_segmentation_map=None, depth_map=None, optical_flow_map=None, scene_flow_map=None, raw_features_for_localization=None, white_line_hsv_metrics=WhiteLineHsvMetrics(timestamp=1749121006.6090539, total_white_pixels=60715, left_ratio=0.20909135367762127, mid_ratio=0.27609057120500785, right_ratio=0.25592630451713394, is_detected=True), yellow_line_hsv_metrics=YellowLineHsvMetrics(timestamp=1749121006.6090617, area=416925.0, center_x=368, is_detected=True))
[Localization]   LocalizationInfo(timestamp=271.587182893, position=(17.30000000000011, 0, 0), orientation_quaternion=(1, 0, 0, 0), velocity_vector=(0.25645905465008, 0, 0), covariance_matrix='Sample Covariance')
[PlannedPath]    PlannedPath(timestamp=271.587182893, waypoints=[(18.30000000000011, 0), (19.30000000000011, 0), (20.30000000000011, 0), (21.30000000000011, 0), (22.30000000000011, 0)])
[Decision]       ManeuverDecision(timestamp=271.587182893, chosen_maneuver='LANE_KEEP', target_speed_kph=10.0, lead_vehicle_id=None)
[ActionCommand]  속도(m/s): 0.70  |  조향(rad): 0.237
[ControlCmd]     스티어링(rad): 0.237  |  Throttle: 0.50  |  Brake: 0.00
========================================================

2025-06-05 19:56:46,673 - Modules.control_module - INFO - 
================= [프로세스 단일 흐름 요약] =================
[Perception]     PerceptionOutput(timestamp=271.587182893, detected_objects=[], lane_markings=[], drivable_area_mask=None, traffic_signs=[], semantic_segmentation_map=None, instance_segmentation_map=None, depth_map=None, optical_flow_map=None, scene_flow_map=None, raw_features_for_localization=None, white_line_hsv_metrics=WhiteLineHsvMetrics(timestamp=1749121006.6581597, total_white_pixels=60715, left_ratio=0.20909135367762127, mid_ratio=0.27609057120500785, right_ratio=0.25592630451713394, is_detected=True), yellow_line_hsv_metrics=YellowLineHsvMetrics(timestamp=1749121006.6581657, area=416925.0, center_x=368, is_detected=True))
[Localization]   LocalizationInfo(timestamp=271.587182893, position=(17.35000000000011, 0, 0), orientation_quaternion=(1, 0, 0, 0), velocity_vector=(0, 0, 0), covariance_matrix='Sample Covariance')
[PlannedPath]    PlannedPath(timestamp=271.587182893, waypoints=[(18.35000000000011, 0), (19.35000000000011, 0), (20.35000000000011, 0), (21.35000000000011, 0), (22.35000000000011, 0)])
[Decision]       ManeuverDecision(timestamp=271.587182893, chosen_maneuver='LANE_KEEP', target_speed_kph=10.0, lead_vehicle_id=None)
[ActionCommand]  속도(m/s): 1.26  |  조향(rad): 0.063
[ControlCmd]     스티어링(rad): 0.063  |  Throttle: 0.90  |  Brake: 0.00
========================================================

2025-06-05 19:56:46,734 - Modules.control_module - INFO - 
================= [프로세스 단일 흐름 요약] =================
[Perception]     PerceptionOutput(timestamp=271.587182893, detected_objects=[], lane_markings=[], drivable_area_mask=None, traffic_signs=[], semantic_segmentation_map=None, instance_segmentation_map=None, depth_map=None, optical_flow_map=None, scene_flow_map=None, raw_features_for_localization=None, white_line_hsv_metrics=WhiteLineHsvMetrics(timestamp=1749121006.717872, total_white_pixels=60715, left_ratio=0.20909135367762127, mid_ratio=0.27609057120500785, right_ratio=0.25592630451713394, is_detected=True), yellow_line_hsv_metrics=YellowLineHsvMetrics(timestamp=1749121006.7178814, area=416925.0, center_x=368, is_detected=True))
[Localization]   LocalizationInfo(timestamp=271.587182893, position=(17.400000000000112, 0, 0), orientation_quaternion=(1, 0, 0, 0), velocity_vector=(0, 0, 0), covariance_matrix='Sample Covariance')
[PlannedPath]    PlannedPath(timestamp=271.587182893, waypoints=[(18.400000000000112, 0), (19.400000000000112, 0), (20.400000000000112, 0), (21.400000000000112, 0), (22.400000000000112, 0)])
[Decision]       ManeuverDecision(timestamp=271.587182893, chosen_maneuver='LANE_KEEP', target_speed_kph=10.0, lead_vehicle_id=None)
[ActionCommand]  속도(m/s): 1.26  |  조향(rad): -0.049
[ControlCmd]     스티어링(rad): -0.049  |  Throttle: 0.90  |  Brake: 0.00
========================================================

2025-06-05 19:56:46,785 - Modules.control_module - INFO - 
================= [프로세스 단일 흐름 요약] =================
[Perception]     PerceptionOutput(timestamp=271.757839094, detected_objects=[], lane_markings=[], drivable_area_mask=None, traffic_signs=[], semantic_segmentation_map=None, instance_segmentation_map=None, depth_map=None, optical_flow_map=None, scene_flow_map=None, raw_features_for_localization=None, white_line_hsv_metrics=WhiteLineHsvMetrics(timestamp=1749121006.7671173, total_white_pixels=61446, left_ratio=0.21173219874804383, mid_ratio=0.2783401799687011, right_ratio=0.2599542445482866, is_detected=True), yellow_line_hsv_metrics=YellowLineHsvMetrics(timestamp=1749121006.7671268, area=424830.0, center_x=366, is_detected=True))
[Localization]   LocalizationInfo(timestamp=271.757839094, position=(17.450000000000113, 0, 0), orientation_quaternion=(1, 0, 0, 0), velocity_vector=(0.2929867166091875, 0, 0), covariance_matrix='Sample Covariance')
[PlannedPath]    PlannedPath(timestamp=271.757839094, waypoints=[(18.450000000000113, 0), (19.450000000000113, 0), (20.450000000000113, 0), (21.450000000000113, 0), (22.450000000000113, 0)])
[Decision]       ManeuverDecision(timestamp=271.757839094, chosen_maneuver='LANE_KEEP', target_speed_kph=10.0, lead_vehicle_id=None)
[ActionCommand]  속도(m/s): 1.26  |  조향(rad): -0.050
[ControlCmd]     스티어링(rad): -0.050  |  Throttle: 0.90  |  Brake: 0.00
========================================================

2025-06-05 19:56:46,887 - Modules.control_module - INFO - 
================= [프로세스 단일 흐름 요약] =================
[Perception]     PerceptionOutput(timestamp=271.757839094, detected_objects=[], lane_markings=[], drivable_area_mask=None, traffic_signs=[], semantic_segmentation_map=None, instance_segmentation_map=None, depth_map=None, optical_flow_map=None, scene_flow_map=None, raw_features_for_localization=None, white_line_hsv_metrics=WhiteLineHsvMetrics(timestamp=1749121006.8670645, total_white_pixels=61446, left_ratio=0.21173219874804383, mid_ratio=0.2783401799687011, right_ratio=0.2599542445482866, is_detected=True), yellow_line_hsv_metrics=YellowLineHsvMetrics(timestamp=1749121006.867075, area=424830.0, center_x=366, is_detected=True))
[Localization]   LocalizationInfo(timestamp=271.757839094, position=(17.550000000000114, 0, 0), orientation_quaternion=(1, 0, 0, 0), velocity_vector=(0, 0, 0), covariance_matrix='Sample Covariance')
[PlannedPath]    PlannedPath(timestamp=271.757839094, waypoints=[(18.550000000000114, 0), (19.550000000000114, 0), (20.550000000000114, 0), (21.550000000000114, 0), (22.550000000000114, 0)])
[Decision]       ManeuverDecision(timestamp=271.757839094, chosen_maneuver='LANE_KEEP', target_speed_kph=10.0, lead_vehicle_id=None)
[ActionCommand]  속도(m/s): 1.26  |  조향(rad): -0.050
[ControlCmd]     스티어링(rad): -0.050  |  Throttle: 0.90  |  Brake: 0.00
========================================================

2025-06-05 19:56:47,181 - Modules.control_module - INFO - 
================= [프로세스 단일 흐름 요약] =================
[Perception]     PerceptionOutput(timestamp=271.880471896, detected_objects=[], lane_markings=[], drivable_area_mask=None, traffic_signs=[], semantic_segmentation_map=None, instance_segmentation_map=None, depth_map=None, optical_flow_map=None, scene_flow_map=None, raw_features_for_localization=None, white_line_hsv_metrics=WhiteLineHsvMetrics(timestamp=1749121007.1663435, total_white_pixels=61033, left_ratio=0.21124315336463223, mid_ratio=0.2756626564945227, right_ratio=0.2580802180685358, is_detected=True), yellow_line_hsv_metrics=YellowLineHsvMetrics(timestamp=1749121007.1663487, area=408510.0, center_x=378, is_detected=True))
[Localization]   LocalizationInfo(timestamp=271.880471896, position=(17.85000000000012, 0, 0), orientation_quaternion=(1, 0, 0, 0), velocity_vector=(0, 0, 0), covariance_matrix='Sample Covariance')
[PlannedPath]    PlannedPath(timestamp=271.880471896, waypoints=[(18.85000000000012, 0), (19.85000000000012, 0), (20.85000000000012, 0), (21.85000000000012, 0), (22.85000000000012, 0)])
[Decision]       ManeuverDecision(timestamp=271.880471896, chosen_maneuver='LANE_KEEP', target_speed_kph=10.0, lead_vehicle_id=None)
[ActionCommand]  속도(m/s): 1.26  |  조향(rad): -0.049
[ControlCmd]     스티어링(rad): -0.049  |  Throttle: 0.90  |  Brake: 0.00
========================================================

2025-06-05 19:56:47,232 - Modules.control_module - INFO - 
================= [프로세스 단일 흐름 요약] =================
[Perception]     PerceptionOutput(timestamp=271.880471896, detected_objects=[], lane_markings=[], drivable_area_mask=None, traffic_signs=[], semantic_segmentation_map=None, instance_segmentation_map=None, depth_map=None, optical_flow_map=None, scene_flow_map=None, raw_features_for_localization=None, white_line_hsv_metrics=WhiteLineHsvMetrics(timestamp=1749121007.2159026, total_white_pixels=61033, left_ratio=0.21124315336463223, mid_ratio=0.2756626564945227, right_ratio=0.2580802180685358, is_detected=True), yellow_line_hsv_metrics=YellowLineHsvMetrics(timestamp=1749121007.2159107, area=408510.0, center_x=378, is_detected=True))
[Localization]   LocalizationInfo(timestamp=271.880471896, position=(17.90000000000012, 0, 0), orientation_quaternion=(1, 0, 0, 0), velocity_vector=(0, 0, 0), covariance_matrix='Sample Covariance')
[PlannedPath]    PlannedPath(timestamp=271.880471896, waypoints=[(18.90000000000012, 0), (19.90000000000012, 0), (20.90000000000012, 0), (21.90000000000012, 0), (22.90000000000012, 0)])
[Decision]       ManeuverDecision(timestamp=271.880471896, chosen_maneuver='LANE_KEEP', target_speed_kph=10.0, lead_vehicle_id=None)
[ActionCommand]  속도(m/s): 1.26  |  조향(rad): -0.049
[ControlCmd]     스티어링(rad): -0.049  |  Throttle: 0.90  |  Brake: 0.00
========================================================

2025-06-05 19:56:47,283 - Modules.control_module - INFO - 
================= [프로세스 단일 흐름 요약] =================
[Perception]     PerceptionOutput(timestamp=271.880471896, detected_objects=[], lane_markings=[], drivable_area_mask=None, traffic_signs=[], semantic_segmentation_map=None, instance_segmentation_map=None, depth_map=None, optical_flow_map=None, scene_flow_map=None, raw_features_for_localization=None, white_line_hsv_metrics=WhiteLineHsvMetrics(timestamp=1749121007.2653508, total_white_pixels=61033, left_ratio=0.21124315336463223, mid_ratio=0.2756626564945227, right_ratio=0.2580802180685358, is_detected=True), yellow_line_hsv_metrics=YellowLineHsvMetrics(timestamp=1749121007.2653577, area=408510.0, center_x=378, is_detected=True))
[Localization]   LocalizationInfo(timestamp=271.880471896, position=(17.95000000000012, 0, 0), orientation_quaternion=(1, 0, 0, 0), velocity_vector=(0, 0, 0), covariance_matrix='Sample Covariance')
[PlannedPath]    PlannedPath(timestamp=271.880471896, waypoints=[(18.95000000000012, 0), (19.95000000000012, 0), (20.95000000000012, 0), (21.95000000000012, 0), (22.95000000000012, 0)])
[Decision]       ManeuverDecision(timestamp=271.880471896, chosen_maneuver='LANE_KEEP', target_speed_kph=10.0, lead_vehicle_id=None)
[ActionCommand]  속도(m/s): 1.26  |  조향(rad): -0.049
[ControlCmd]     스티어링(rad): -0.049  |  Throttle: 0.90  |  Brake: 0.00
========================================================

2025-06-05 19:56:47,334 - Modules.control_module - INFO - 
================= [프로세스 단일 흐름 요약] =================
[Perception]     PerceptionOutput(timestamp=271.880471896, detected_objects=[], lane_markings=[], drivable_area_mask=None, traffic_signs=[], semantic_segmentation_map=None, instance_segmentation_map=None, depth_map=None, optical_flow_map=None, scene_flow_map=None, raw_features_for_localization=None, white_line_hsv_metrics=WhiteLineHsvMetrics(timestamp=1749121007.3147671, total_white_pixels=61033, left_ratio=0.21124315336463223, mid_ratio=0.2756626564945227, right_ratio=0.2580802180685358, is_detected=True), yellow_line_hsv_metrics=YellowLineHsvMetrics(timestamp=1749121007.3147752, area=408510.0, center_x=378, is_detected=True))
[Localization]   LocalizationInfo(timestamp=271.880471896, position=(18.00000000000012, 0, 0), orientation_quaternion=(1, 0, 0, 0), velocity_vector=(0, 0, 0), covariance_matrix='Sample Covariance')
[PlannedPath]    PlannedPath(timestamp=271.880471896, waypoints=[(19.00000000000012, 0), (20.00000000000012, 0), (21.00000000000012, 0), (22.00000000000012, 0), (23.00000000000012, 0)])
[Decision]       ManeuverDecision(timestamp=271.880471896, chosen_maneuver='LANE_KEEP', target_speed_kph=10.0, lead_vehicle_id=None)
[ActionCommand]  속도(m/s): 1.26  |  조향(rad): -0.049
[ControlCmd]     스티어링(rad): -0.049  |  Throttle: 0.90  |  Brake: 0.00
========================================================

2025-06-05 19:56:47,637 - Modules.control_module - INFO - 
================= [프로세스 단일 흐름 요약] =================
[Perception]     PerceptionOutput(timestamp=271.880471896, detected_objects=[], lane_markings=[], drivable_area_mask=None, traffic_signs=[], semantic_segmentation_map=None, instance_segmentation_map=None, depth_map=None, optical_flow_map=None, scene_flow_map=None, raw_features_for_localization=None, white_line_hsv_metrics=WhiteLineHsvMetrics(timestamp=1749121007.6220953, total_white_pixels=61033, left_ratio=0.21124315336463223, mid_ratio=0.2756626564945227, right_ratio=0.2580802180685358, is_detected=True), yellow_line_hsv_metrics=YellowLineHsvMetrics(timestamp=1749121007.622102, area=408510.0, center_x=378, is_detected=True))
[Localization]   LocalizationInfo(timestamp=271.880471896, position=(18.300000000000125, 0, 0), orientation_quaternion=(1, 0, 0, 0), velocity_vector=(0, 0, 0), covariance_matrix='Sample Covariance')
[PlannedPath]    PlannedPath(timestamp=271.880471896, waypoints=[(19.300000000000125, 0), (20.300000000000125, 0), (21.300000000000125, 0), (22.300000000000125, 0), (23.300000000000125, 0)])
[Decision]       ManeuverDecision(timestamp=271.880471896, chosen_maneuver='LANE_KEEP', target_speed_kph=10.0, lead_vehicle_id=None)
[ActionCommand]  속도(m/s): 1.26  |  조향(rad): -0.049
[ControlCmd]     스티어링(rad): -0.049  |  Throttle: 0.90  |  Brake: 0.00
========================================================

2025-06-05 19:56:47,688 - Modules.control_module - INFO - 
================= [프로세스 단일 흐름 요약] =================
[Perception]     PerceptionOutput(timestamp=271.880471896, detected_objects=[], lane_markings=[], drivable_area_mask=None, traffic_signs=[], semantic_segmentation_map=None, instance_segmentation_map=None, depth_map=None, optical_flow_map=None, scene_flow_map=None, raw_features_for_localization=None, white_line_hsv_metrics=WhiteLineHsvMetrics(timestamp=1749121007.6709983, total_white_pixels=61033, left_ratio=0.21124315336463223, mid_ratio=0.2756626564945227, right_ratio=0.2580802180685358, is_detected=True), yellow_line_hsv_metrics=YellowLineHsvMetrics(timestamp=1749121007.6710055, area=408510.0, center_x=378, is_detected=True))
[Localization]   LocalizationInfo(timestamp=271.880471896, position=(18.350000000000126, 0, 0), orientation_quaternion=(1, 0, 0, 0), velocity_vector=(0, 0, 0), covariance_matrix='Sample Covariance')
[PlannedPath]    PlannedPath(timestamp=271.880471896, waypoints=[(19.350000000000126, 0), (20.350000000000126, 0), (21.350000000000126, 0), (22.350000000000126, 0), (23.350000000000126, 0)])
[Decision]       ManeuverDecision(timestamp=271.880471896, chosen_maneuver='LANE_KEEP', target_speed_kph=10.0, lead_vehicle_id=None)
[ActionCommand]  속도(m/s): 1.26  |  조향(rad): -0.049
[ControlCmd]     스티어링(rad): -0.049  |  Throttle: 0.90  |  Brake: 0.00
========================================================

2025-06-05 19:56:47,739 - Modules.control_module - INFO - 
================= [프로세스 단일 흐름 요약] =================
[Perception]     PerceptionOutput(timestamp=271.880471896, detected_objects=[], lane_markings=[], drivable_area_mask=None, traffic_signs=[], semantic_segmentation_map=None, instance_segmentation_map=None, depth_map=None, optical_flow_map=None, scene_flow_map=None, raw_features_for_localization=None, white_line_hsv_metrics=WhiteLineHsvMetrics(timestamp=1749121007.7207491, total_white_pixels=61033, left_ratio=0.21124315336463223, mid_ratio=0.2756626564945227, right_ratio=0.2580802180685358, is_detected=True), yellow_line_hsv_metrics=YellowLineHsvMetrics(timestamp=1749121007.7207587, area=408510.0, center_x=378, is_detected=True))
[Localization]   LocalizationInfo(timestamp=271.880471896, position=(18.400000000000126, 0, 0), orientation_quaternion=(1, 0, 0, 0), velocity_vector=(0, 0, 0), covariance_matrix='Sample Covariance')
[PlannedPath]    PlannedPath(timestamp=271.880471896, waypoints=[(19.400000000000126, 0), (20.400000000000126, 0), (21.400000000000126, 0), (22.400000000000126, 0), (23.400000000000126, 0)])
[Decision]       ManeuverDecision(timestamp=271.880471896, chosen_maneuver='LANE_KEEP', target_speed_kph=10.0, lead_vehicle_id=None)
[ActionCommand]  속도(m/s): 1.26  |  조향(rad): -0.049
[ControlCmd]     스티어링(rad): -0.049  |  Throttle: 0.90  |  Brake: 0.00
========================================================

2025-06-05 19:56:47,882 - Modules.control_module - INFO - 
================= [프로세스 단일 흐름 요약] =================
[Perception]     PerceptionOutput(timestamp=271.880471896, detected_objects=[], lane_markings=[], drivable_area_mask=None, traffic_signs=[], semantic_segmentation_map=None, instance_segmentation_map=None, depth_map=None, optical_flow_map=None, scene_flow_map=None, raw_features_for_localization=None, white_line_hsv_metrics=WhiteLineHsvMetrics(timestamp=1749121007.872935, total_white_pixels=61033, left_ratio=0.21124315336463223, mid_ratio=0.2756626564945227, right_ratio=0.2580802180685358, is_detected=True), yellow_line_hsv_metrics=YellowLineHsvMetrics(timestamp=1749121007.8729444, area=408510.0, center_x=378, is_detected=True))
[Localization]   LocalizationInfo(timestamp=271.880471896, position=(18.55000000000013, 0, 0), orientation_quaternion=(1, 0, 0, 0), velocity_vector=(0, 0, 0), covariance_matrix='Sample Covariance')
[PlannedPath]    PlannedPath(timestamp=271.880471896, waypoints=[(19.55000000000013, 0), (20.55000000000013, 0), (21.55000000000013, 0), (22.55000000000013, 0), (23.55000000000013, 0)])
[Decision]       ManeuverDecision(timestamp=271.880471896, chosen_maneuver='LANE_KEEP', target_speed_kph=10.0, lead_vehicle_id=None)
[ActionCommand]  속도(m/s): 1.26  |  조향(rad): -0.049
[ControlCmd]     스티어링(rad): -0.049  |  Throttle: 0.90  |  Brake: 0.00
========================================================

2025-06-05 19:56:47,933 - Modules.control_module - INFO - 
================= [프로세스 단일 흐름 요약] =================
[Perception]     PerceptionOutput(timestamp=271.880471896, detected_objects=[], lane_markings=[], drivable_area_mask=None, traffic_signs=[], semantic_segmentation_map=None, instance_segmentation_map=None, depth_map=None, optical_flow_map=None, scene_flow_map=None, raw_features_for_localization=None, white_line_hsv_metrics=WhiteLineHsvMetrics(timestamp=1749121007.923862, total_white_pixels=61033, left_ratio=0.21124315336463223, mid_ratio=0.2756626564945227, right_ratio=0.2580802180685358, is_detected=True), yellow_line_hsv_metrics=YellowLineHsvMetrics(timestamp=1749121007.9238696, area=408510.0, center_x=378, is_detected=True))
[Localization]   LocalizationInfo(timestamp=271.880471896, position=(18.60000000000013, 0, 0), orientation_quaternion=(1, 0, 0, 0), velocity_vector=(0, 0, 0), covariance_matrix='Sample Covariance')
[PlannedPath]    PlannedPath(timestamp=271.880471896, waypoints=[(19.60000000000013, 0), (20.60000000000013, 0), (21.60000000000013, 0), (22.60000000000013, 0), (23.60000000000013, 0)])
[Decision]       ManeuverDecision(timestamp=271.880471896, chosen_maneuver='LANE_KEEP', target_speed_kph=10.0, lead_vehicle_id=None)
[ActionCommand]  속도(m/s): 1.26  |  조향(rad): -0.049
[ControlCmd]     스티어링(rad): -0.049  |  Throttle: 0.90  |  Brake: 0.00
========================================================

2025-06-05 19:56:47,984 - Modules.control_module - INFO - 
================= [프로세스 단일 흐름 요약] =================
[Perception]     PerceptionOutput(timestamp=271.880471896, detected_objects=[], lane_markings=[], drivable_area_mask=None, traffic_signs=[], semantic_segmentation_map=None, instance_segmentation_map=None, depth_map=None, optical_flow_map=None, scene_flow_map=None, raw_features_for_localization=None, white_line_hsv_metrics=WhiteLineHsvMetrics(timestamp=1749121007.9744341, total_white_pixels=61033, left_ratio=0.21124315336463223, mid_ratio=0.2756626564945227, right_ratio=0.2580802180685358, is_detected=True), yellow_line_hsv_metrics=YellowLineHsvMetrics(timestamp=1749121007.9744403, area=408510.0, center_x=378, is_detected=True))
[Localization]   LocalizationInfo(timestamp=271.880471896, position=(18.65000000000013, 0, 0), orientation_quaternion=(1, 0, 0, 0), velocity_vector=(0, 0, 0), covariance_matrix='Sample Covariance')
[PlannedPath]    PlannedPath(timestamp=271.880471896, waypoints=[(19.65000000000013, 0), (20.65000000000013, 0), (21.65000000000013, 0), (22.65000000000013, 0), (23.65000000000013, 0)])
[Decision]       ManeuverDecision(timestamp=271.880471896, chosen_maneuver='LANE_KEEP', target_speed_kph=10.0, lead_vehicle_id=None)
[ActionCommand]  속도(m/s): 1.26  |  조향(rad): -0.049
[ControlCmd]     스티어링(rad): -0.049  |  Throttle: 0.90  |  Brake: 0.00
========================================================

2025-06-05 19:56:48,035 - Modules.control_module - INFO - 
================= [프로세스 단일 흐름 요약] =================
[Perception]     PerceptionOutput(timestamp=271.880471896, detected_objects=[], lane_markings=[], drivable_area_mask=None, traffic_signs=[], semantic_segmentation_map=None, instance_segmentation_map=None, depth_map=None, optical_flow_map=None, scene_flow_map=None, raw_features_for_localization=None, white_line_hsv_metrics=WhiteLineHsvMetrics(timestamp=1749121008.023728, total_white_pixels=61033, left_ratio=0.21124315336463223, mid_ratio=0.2756626564945227, right_ratio=0.2580802180685358, is_detected=True), yellow_line_hsv_metrics=YellowLineHsvMetrics(timestamp=1749121008.0237358, area=408510.0, center_x=378, is_detected=True))
[Localization]   LocalizationInfo(timestamp=271.880471896, position=(18.70000000000013, 0, 0), orientation_quaternion=(1, 0, 0, 0), velocity_vector=(0, 0, 0), covariance_matrix='Sample Covariance')
[PlannedPath]    PlannedPath(timestamp=271.880471896, waypoints=[(19.70000000000013, 0), (20.70000000000013, 0), (21.70000000000013, 0), (22.70000000000013, 0), (23.70000000000013, 0)])
[Decision]       ManeuverDecision(timestamp=271.880471896, chosen_maneuver='LANE_KEEP', target_speed_kph=10.0, lead_vehicle_id=None)
[ActionCommand]  속도(m/s): 1.26  |  조향(rad): -0.049
[ControlCmd]     스티어링(rad): -0.049  |  Throttle: 0.90  |  Brake: 0.00
========================================================

2025-06-05 19:56:48,085 - Modules.control_module - INFO - 
================= [프로세스 단일 흐름 요약] =================
[Perception]     PerceptionOutput(timestamp=271.880471896, detected_objects=[], lane_markings=[], drivable_area_mask=None, traffic_signs=[], semantic_segmentation_map=None, instance_segmentation_map=None, depth_map=None, optical_flow_map=None, scene_flow_map=None, raw_features_for_localization=None, white_line_hsv_metrics=WhiteLineHsvMetrics(timestamp=1749121008.0739963, total_white_pixels=61033, left_ratio=0.21124315336463223, mid_ratio=0.2756626564945227, right_ratio=0.2580802180685358, is_detected=True), yellow_line_hsv_metrics=YellowLineHsvMetrics(timestamp=1749121008.0740042, area=408510.0, center_x=378, is_detected=True))
[Localization]   LocalizationInfo(timestamp=271.880471896, position=(18.75000000000013, 0, 0), orientation_quaternion=(1, 0, 0, 0), velocity_vector=(0, 0, 0), covariance_matrix='Sample Covariance')
[PlannedPath]    PlannedPath(timestamp=271.880471896, waypoints=[(19.75000000000013, 0), (20.75000000000013, 0), (21.75000000000013, 0), (22.75000000000013, 0), (23.75000000000013, 0)])
[Decision]       ManeuverDecision(timestamp=271.880471896, chosen_maneuver='LANE_KEEP', target_speed_kph=10.0, lead_vehicle_id=None)
[ActionCommand]  속도(m/s): 1.26  |  조향(rad): -0.049
[ControlCmd]     스티어링(rad): -0.049  |  Throttle: 0.90  |  Brake: 0.00
========================================================

2025-06-05 19:56:48,136 - Modules.control_module - INFO - 
================= [프로세스 단일 흐름 요약] =================
[Perception]     PerceptionOutput(timestamp=271.880471896, detected_objects=[], lane_markings=[], drivable_area_mask=None, traffic_signs=[], semantic_segmentation_map=None, instance_segmentation_map=None, depth_map=None, optical_flow_map=None, scene_flow_map=None, raw_features_for_localization=None, white_line_hsv_metrics=WhiteLineHsvMetrics(timestamp=1749121008.1230004, total_white_pixels=61033, left_ratio=0.21124315336463223, mid_ratio=0.2756626564945227, right_ratio=0.2580802180685358, is_detected=True), yellow_line_hsv_metrics=YellowLineHsvMetrics(timestamp=1749121008.1230078, area=408510.0, center_x=378, is_detected=True))
[Localization]   LocalizationInfo(timestamp=271.880471896, position=(18.800000000000132, 0, 0), orientation_quaternion=(1, 0, 0, 0), velocity_vector=(0, 0, 0), covariance_matrix='Sample Covariance')
[PlannedPath]    PlannedPath(timestamp=271.880471896, waypoints=[(19.800000000000132, 0), (20.800000000000132, 0), (21.800000000000132, 0), (22.800000000000132, 0), (23.800000000000132, 0)])
[Decision]       ManeuverDecision(timestamp=271.880471896, chosen_maneuver='LANE_KEEP', target_speed_kph=10.0, lead_vehicle_id=None)
[ActionCommand]  속도(m/s): 1.26  |  조향(rad): -0.049
[ControlCmd]     스티어링(rad): -0.049  |  Throttle: 0.90  |  Brake: 0.00
========================================================

2025-06-05 19:56:48,187 - Modules.control_module - INFO - 
================= [프로세스 단일 흐름 요약] =================
[Perception]     PerceptionOutput(timestamp=271.880471896, detected_objects=[], lane_markings=[], drivable_area_mask=None, traffic_signs=[], semantic_segmentation_map=None, instance_segmentation_map=None, depth_map=None, optical_flow_map=None, scene_flow_map=None, raw_features_for_localization=None, white_line_hsv_metrics=WhiteLineHsvMetrics(timestamp=1749121008.1722188, total_white_pixels=61033, left_ratio=0.21124315336463223, mid_ratio=0.2756626564945227, right_ratio=0.2580802180685358, is_detected=True), yellow_line_hsv_metrics=YellowLineHsvMetrics(timestamp=1749121008.1722279, area=408510.0, center_x=378, is_detected=True))
[Localization]   LocalizationInfo(timestamp=271.880471896, position=(18.850000000000133, 0, 0), orientation_quaternion=(1, 0, 0, 0), velocity_vector=(0, 0, 0), covariance_matrix='Sample Covariance')
[PlannedPath]    PlannedPath(timestamp=271.880471896, waypoints=[(19.850000000000133, 0), (20.850000000000133, 0), (21.850000000000133, 0), (22.850000000000133, 0), (23.850000000000133, 0)])
[Decision]       ManeuverDecision(timestamp=271.880471896, chosen_maneuver='LANE_KEEP', target_speed_kph=10.0, lead_vehicle_id=None)
[ActionCommand]  속도(m/s): 1.26  |  조향(rad): -0.049
[ControlCmd]     스티어링(rad): -0.049  |  Throttle: 0.90  |  Brake: 0.00
========================================================

2025-06-05 19:56:48,238 - Modules.control_module - INFO - 
================= [프로세스 단일 흐름 요약] =================
[Perception]     PerceptionOutput(timestamp=271.880471896, detected_objects=[], lane_markings=[], drivable_area_mask=None, traffic_signs=[], semantic_segmentation_map=None, instance_segmentation_map=None, depth_map=None, optical_flow_map=None, scene_flow_map=None, raw_features_for_localization=None, white_line_hsv_metrics=WhiteLineHsvMetrics(timestamp=1749121008.2226136, total_white_pixels=61033, left_ratio=0.21124315336463223, mid_ratio=0.2756626564945227, right_ratio=0.2580802180685358, is_detected=True), yellow_line_hsv_metrics=YellowLineHsvMetrics(timestamp=1749121008.2226212, area=408510.0, center_x=378, is_detected=True))
[Localization]   LocalizationInfo(timestamp=271.880471896, position=(18.900000000000134, 0, 0), orientation_quaternion=(1, 0, 0, 0), velocity_vector=(0, 0, 0), covariance_matrix='Sample Covariance')
[PlannedPath]    PlannedPath(timestamp=271.880471896, waypoints=[(19.900000000000134, 0), (20.900000000000134, 0), (21.900000000000134, 0), (22.900000000000134, 0), (23.900000000000134, 0)])
[Decision]       ManeuverDecision(timestamp=271.880471896, chosen_maneuver='LANE_KEEP', target_speed_kph=10.0, lead_vehicle_id=None)
[ActionCommand]  속도(m/s): 1.26  |  조향(rad): -0.049
[ControlCmd]     스티어링(rad): -0.049  |  Throttle: 0.90  |  Brake: 0.00
========================================================

2025-06-05 19:56:48,288 - Modules.control_module - INFO - 
================= [프로세스 단일 흐름 요약] =================
[Perception]     PerceptionOutput(timestamp=271.880471896, detected_objects=[], lane_markings=[], drivable_area_mask=None, traffic_signs=[], semantic_segmentation_map=None, instance_segmentation_map=None, depth_map=None, optical_flow_map=None, scene_flow_map=None, raw_features_for_localization=None, white_line_hsv_metrics=WhiteLineHsvMetrics(timestamp=1749121008.2722168, total_white_pixels=61033, left_ratio=0.21124315336463223, mid_ratio=0.2756626564945227, right_ratio=0.2580802180685358, is_detected=True), yellow_line_hsv_metrics=YellowLineHsvMetrics(timestamp=1749121008.2722259, area=408510.0, center_x=378, is_detected=True))
[Localization]   LocalizationInfo(timestamp=271.880471896, position=(18.950000000000134, 0, 0), orientation_quaternion=(1, 0, 0, 0), velocity_vector=(0, 0, 0), covariance_matrix='Sample Covariance')
[PlannedPath]    PlannedPath(timestamp=271.880471896, waypoints=[(19.950000000000134, 0), (20.950000000000134, 0), (21.950000000000134, 0), (22.950000000000134, 0), (23.950000000000134, 0)])
[Decision]       ManeuverDecision(timestamp=271.880471896, chosen_maneuver='LANE_KEEP', target_speed_kph=10.0, lead_vehicle_id=None)
[ActionCommand]  속도(m/s): 1.26  |  조향(rad): -0.049
[ControlCmd]     스티어링(rad): -0.049  |  Throttle: 0.90  |  Brake: 0.00
========================================================

2025-06-05 19:56:48,339 - Modules.control_module - INFO - 
================= [프로세스 단일 흐름 요약] =================
[Perception]     PerceptionOutput(timestamp=271.880471896, detected_objects=[], lane_markings=[], drivable_area_mask=None, traffic_signs=[], semantic_segmentation_map=None, instance_segmentation_map=None, depth_map=None, optical_flow_map=None, scene_flow_map=None, raw_features_for_localization=None, white_line_hsv_metrics=WhiteLineHsvMetrics(timestamp=1749121008.3224325, total_white_pixels=61033, left_ratio=0.21124315336463223, mid_ratio=0.2756626564945227, right_ratio=0.2580802180685358, is_detected=True), yellow_line_hsv_metrics=YellowLineHsvMetrics(timestamp=1749121008.32244, area=408510.0, center_x=378, is_detected=True))
[Localization]   LocalizationInfo(timestamp=271.880471896, position=(19.000000000000135, 0, 0), orientation_quaternion=(1, 0, 0, 0), velocity_vector=(0, 0, 0), covariance_matrix='Sample Covariance')
[PlannedPath]    PlannedPath(timestamp=271.880471896, waypoints=[(20.000000000000135, 0), (21.000000000000135, 0), (22.000000000000135, 0), (23.000000000000135, 0), (24.000000000000135, 0)])
[Decision]       ManeuverDecision(timestamp=271.880471896, chosen_maneuver='LANE_KEEP', target_speed_kph=10.0, lead_vehicle_id=None)
[ActionCommand]  속도(m/s): 1.26  |  조향(rad): -0.049
[ControlCmd]     스티어링(rad): -0.049  |  Throttle: 0.90  |  Brake: 0.00
========================================================

2025-06-05 19:56:48,380 - Modules.control_module - INFO - 
================= [프로세스 단일 흐름 요약] =================
[Perception]     PerceptionOutput(timestamp=271.880471896, detected_objects=[], lane_markings=[], drivable_area_mask=None, traffic_signs=[], semantic_segmentation_map=None, instance_segmentation_map=None, depth_map=None, optical_flow_map=None, scene_flow_map=None, raw_features_for_localization=None, white_line_hsv_metrics=WhiteLineHsvMetrics(timestamp=1749121008.3712776, total_white_pixels=61033, left_ratio=0.21124315336463223, mid_ratio=0.2756626564945227, right_ratio=0.2580802180685358, is_detected=True), yellow_line_hsv_metrics=YellowLineHsvMetrics(timestamp=1749121008.3712838, area=408510.0, center_x=378, is_detected=True))
[Localization]   LocalizationInfo(timestamp=271.880471896, position=(19.050000000000136, 0, 0), orientation_quaternion=(1, 0, 0, 0), velocity_vector=(0, 0, 0), covariance_matrix='Sample Covariance')
[PlannedPath]    PlannedPath(timestamp=271.880471896, waypoints=[(20.050000000000136, 0), (21.050000000000136, 0), (22.050000000000136, 0), (23.050000000000136, 0), (24.050000000000136, 0)])
[Decision]       ManeuverDecision(timestamp=271.880471896, chosen_maneuver='LANE_KEEP', target_speed_kph=10.0, lead_vehicle_id=None)
[ActionCommand]  속도(m/s): 1.26  |  조향(rad): -0.049
[ControlCmd]     스티어링(rad): -0.049  |  Throttle: 0.90  |  Brake: 0.00
========================================================

2025-06-05 19:56:48,431 - Modules.control_module - INFO - 
================= [프로세스 단일 흐름 요약] =================
[Perception]     PerceptionOutput(timestamp=271.880471896, detected_objects=[], lane_markings=[], drivable_area_mask=None, traffic_signs=[], semantic_segmentation_map=None, instance_segmentation_map=None, depth_map=None, optical_flow_map=None, scene_flow_map=None, raw_features_for_localization=None, white_line_hsv_metrics=WhiteLineHsvMetrics(timestamp=1749121008.4201891, total_white_pixels=61033, left_ratio=0.21124315336463223, mid_ratio=0.2756626564945227, right_ratio=0.2580802180685358, is_detected=True), yellow_line_hsv_metrics=YellowLineHsvMetrics(timestamp=1749121008.4201977, area=408510.0, center_x=378, is_detected=True))
[Localization]   LocalizationInfo(timestamp=271.880471896, position=(19.100000000000136, 0, 0), orientation_quaternion=(1, 0, 0, 0), velocity_vector=(0, 0, 0), covariance_matrix='Sample Covariance')
[PlannedPath]    PlannedPath(timestamp=271.880471896, waypoints=[(20.100000000000136, 0), (21.100000000000136, 0), (22.100000000000136, 0), (23.100000000000136, 0), (24.100000000000136, 0)])
[Decision]       ManeuverDecision(timestamp=271.880471896, chosen_maneuver='LANE_KEEP', target_speed_kph=10.0, lead_vehicle_id=None)
[ActionCommand]  속도(m/s): 1.26  |  조향(rad): -0.049
[ControlCmd]     스티어링(rad): -0.049  |  Throttle: 0.90  |  Brake: 0.00
========================================================

2025-06-05 19:56:48,481 - Modules.control_module - INFO - 
================= [프로세스 단일 흐름 요약] =================
[Perception]     PerceptionOutput(timestamp=271.880471896, detected_objects=[], lane_markings=[], drivable_area_mask=None, traffic_signs=[], semantic_segmentation_map=None, instance_segmentation_map=None, depth_map=None, optical_flow_map=None, scene_flow_map=None, raw_features_for_localization=None, white_line_hsv_metrics=WhiteLineHsvMetrics(timestamp=1749121008.4712088, total_white_pixels=61033, left_ratio=0.21124315336463223, mid_ratio=0.2756626564945227, right_ratio=0.2580802180685358, is_detected=True), yellow_line_hsv_metrics=YellowLineHsvMetrics(timestamp=1749121008.471215, area=408510.0, center_x=378, is_detected=True))
[Localization]   LocalizationInfo(timestamp=271.880471896, position=(19.150000000000137, 0, 0), orientation_quaternion=(1, 0, 0, 0), velocity_vector=(0, 0, 0), covariance_matrix='Sample Covariance')
[PlannedPath]    PlannedPath(timestamp=271.880471896, waypoints=[(20.150000000000137, 0), (21.150000000000137, 0), (22.150000000000137, 0), (23.150000000000137, 0), (24.150000000000137, 0)])
[Decision]       ManeuverDecision(timestamp=271.880471896, chosen_maneuver='LANE_KEEP', target_speed_kph=10.0, lead_vehicle_id=None)
[ActionCommand]  속도(m/s): 1.26  |  조향(rad): -0.049
[ControlCmd]     스티어링(rad): -0.049  |  Throttle: 0.90  |  Brake: 0.00
========================================================

2025-06-05 19:56:48,532 - Modules.control_module - INFO - 
================= [프로세스 단일 흐름 요약] =================
[Perception]     PerceptionOutput(timestamp=271.880471896, detected_objects=[], lane_markings=[], drivable_area_mask=None, traffic_signs=[], semantic_segmentation_map=None, instance_segmentation_map=None, depth_map=None, optical_flow_map=None, scene_flow_map=None, raw_features_for_localization=None, white_line_hsv_metrics=WhiteLineHsvMetrics(timestamp=1749121008.5202575, total_white_pixels=61033, left_ratio=0.21124315336463223, mid_ratio=0.2756626564945227, right_ratio=0.2580802180685358, is_detected=True), yellow_line_hsv_metrics=YellowLineHsvMetrics(timestamp=1749121008.5202644, area=408510.0, center_x=378, is_detected=True))
[Localization]   LocalizationInfo(timestamp=271.880471896, position=(19.200000000000138, 0, 0), orientation_quaternion=(1, 0, 0, 0), velocity_vector=(0, 0, 0), covariance_matrix='Sample Covariance')
[PlannedPath]    PlannedPath(timestamp=271.880471896, waypoints=[(20.200000000000138, 0), (21.200000000000138, 0), (22.200000000000138, 0), (23.200000000000138, 0), (24.200000000000138, 0)])
[Decision]       ManeuverDecision(timestamp=271.880471896, chosen_maneuver='LANE_KEEP', target_speed_kph=10.0, lead_vehicle_id=None)
[ActionCommand]  속도(m/s): 1.26  |  조향(rad): -0.049
[ControlCmd]     스티어링(rad): -0.049  |  Throttle: 0.90  |  Brake: 0.00
========================================================

2025-06-05 19:56:48,583 - Modules.control_module - INFO - 
================= [프로세스 단일 흐름 요약] =================
[Perception]     PerceptionOutput(timestamp=271.880471896, detected_objects=[], lane_markings=[], drivable_area_mask=None, traffic_signs=[], semantic_segmentation_map=None, instance_segmentation_map=None, depth_map=None, optical_flow_map=None, scene_flow_map=None, raw_features_for_localization=None, white_line_hsv_metrics=WhiteLineHsvMetrics(timestamp=1749121008.5694835, total_white_pixels=61033, left_ratio=0.21124315336463223, mid_ratio=0.2756626564945227, right_ratio=0.2580802180685358, is_detected=True), yellow_line_hsv_metrics=YellowLineHsvMetrics(timestamp=1749121008.5694907, area=408510.0, center_x=378, is_detected=True))
[Localization]   LocalizationInfo(timestamp=271.880471896, position=(19.25000000000014, 0, 0), orientation_quaternion=(1, 0, 0, 0), velocity_vector=(0, 0, 0), covariance_matrix='Sample Covariance')
[PlannedPath]    PlannedPath(timestamp=271.880471896, waypoints=[(20.25000000000014, 0), (21.25000000000014, 0), (22.25000000000014, 0), (23.25000000000014, 0), (24.25000000000014, 0)])
[Decision]       ManeuverDecision(timestamp=271.880471896, chosen_maneuver='LANE_KEEP', target_speed_kph=10.0, lead_vehicle_id=None)
[ActionCommand]  속도(m/s): 1.26  |  조향(rad): -0.049
[ControlCmd]     스티어링(rad): -0.049  |  Throttle: 0.90  |  Brake: 0.00
========================================================

2025-06-05 19:56:48,634 - Modules.control_module - INFO - 
================= [프로세스 단일 흐름 요약] =================
[Perception]     PerceptionOutput(timestamp=271.880471896, detected_objects=[], lane_markings=[], drivable_area_mask=None, traffic_signs=[], semantic_segmentation_map=None, instance_segmentation_map=None, depth_map=None, optical_flow_map=None, scene_flow_map=None, raw_features_for_localization=None, white_line_hsv_metrics=WhiteLineHsvMetrics(timestamp=1749121008.6190867, total_white_pixels=61033, left_ratio=0.21124315336463223, mid_ratio=0.2756626564945227, right_ratio=0.2580802180685358, is_detected=True), yellow_line_hsv_metrics=YellowLineHsvMetrics(timestamp=1749121008.6191213, area=408510.0, center_x=378, is_detected=True))
[Localization]   LocalizationInfo(timestamp=271.880471896, position=(19.30000000000014, 0, 0), orientation_quaternion=(1, 0, 0, 0), velocity_vector=(0, 0, 0), covariance_matrix='Sample Covariance')
[PlannedPath]    PlannedPath(timestamp=271.880471896, waypoints=[(20.30000000000014, 0), (21.30000000000014, 0), (22.30000000000014, 0), (23.30000000000014, 0), (24.30000000000014, 0)])
[Decision]       ManeuverDecision(timestamp=271.880471896, chosen_maneuver='LANE_KEEP', target_speed_kph=10.0, lead_vehicle_id=None)
[ActionCommand]  속도(m/s): 1.26  |  조향(rad): -0.049
[ControlCmd]     스티어링(rad): -0.049  |  Throttle: 0.90  |  Brake: 0.00
========================================================

2025-06-05 19:56:48,685 - Modules.control_module - INFO - 
================= [프로세스 단일 흐름 요약] =================
[Perception]     PerceptionOutput(timestamp=271.880471896, detected_objects=[], lane_markings=[], drivable_area_mask=None, traffic_signs=[], semantic_segmentation_map=None, instance_segmentation_map=None, depth_map=None, optical_flow_map=None, scene_flow_map=None, raw_features_for_localization=None, white_line_hsv_metrics=WhiteLineHsvMetrics(timestamp=1749121008.671594, total_white_pixels=61033, left_ratio=0.21124315336463223, mid_ratio=0.2756626564945227, right_ratio=0.2580802180685358, is_detected=True), yellow_line_hsv_metrics=YellowLineHsvMetrics(timestamp=1749121008.6716013, area=408510.0, center_x=378, is_detected=True))
[Localization]   LocalizationInfo(timestamp=271.880471896, position=(19.35000000000014, 0, 0), orientation_quaternion=(1, 0, 0, 0), velocity_vector=(0, 0, 0), covariance_matrix='Sample Covariance')
[PlannedPath]    PlannedPath(timestamp=271.880471896, waypoints=[(20.35000000000014, 0), (21.35000000000014, 0), (22.35000000000014, 0), (23.35000000000014, 0), (24.35000000000014, 0)])
[Decision]       ManeuverDecision(timestamp=271.880471896, chosen_maneuver='LANE_KEEP', target_speed_kph=10.0, lead_vehicle_id=None)
[ActionCommand]  속도(m/s): 1.26  |  조향(rad): -0.049
[ControlCmd]     스티어링(rad): -0.049  |  Throttle: 0.90  |  Brake: 0.00
========================================================

2025-06-05 19:56:48,786 - Modules.control_module - INFO - 
================= [프로세스 단일 흐름 요약] =================
[Perception]     PerceptionOutput(timestamp=271.880471896, detected_objects=[], lane_markings=[], drivable_area_mask=None, traffic_signs=[], semantic_segmentation_map=None, instance_segmentation_map=None, depth_map=None, optical_flow_map=None, scene_flow_map=None, raw_features_for_localization=None, white_line_hsv_metrics=WhiteLineHsvMetrics(timestamp=1749121008.7755935, total_white_pixels=61033, left_ratio=0.21124315336463223, mid_ratio=0.2756626564945227, right_ratio=0.2580802180685358, is_detected=True), yellow_line_hsv_metrics=YellowLineHsvMetrics(timestamp=1749121008.7755992, area=408510.0, center_x=378, is_detected=True))
[Localization]   LocalizationInfo(timestamp=271.880471896, position=(19.45000000000014, 0, 0), orientation_quaternion=(1, 0, 0, 0), velocity_vector=(0, 0, 0), covariance_matrix='Sample Covariance')
[PlannedPath]    PlannedPath(timestamp=271.880471896, waypoints=[(20.45000000000014, 0), (21.45000000000014, 0), (22.45000000000014, 0), (23.45000000000014, 0), (24.45000000000014, 0)])
[Decision]       ManeuverDecision(timestamp=271.880471896, chosen_maneuver='LANE_KEEP', target_speed_kph=10.0, lead_vehicle_id=None)
[ActionCommand]  속도(m/s): 1.26  |  조향(rad): -0.049
[ControlCmd]     스티어링(rad): -0.049  |  Throttle: 0.90  |  Brake: 0.00
========================================================

2025-06-05 19:56:48,837 - Modules.control_module - INFO - 
================= [프로세스 단일 흐름 요약] =================
[Perception]     PerceptionOutput(timestamp=271.880471896, detected_objects=[], lane_markings=[], drivable_area_mask=None, traffic_signs=[], semantic_segmentation_map=None, instance_segmentation_map=None, depth_map=None, optical_flow_map=None, scene_flow_map=None, raw_features_for_localization=None, white_line_hsv_metrics=WhiteLineHsvMetrics(timestamp=1749121008.8261213, total_white_pixels=61033, left_ratio=0.21124315336463223, mid_ratio=0.2756626564945227, right_ratio=0.2580802180685358, is_detected=True), yellow_line_hsv_metrics=YellowLineHsvMetrics(timestamp=1749121008.8261292, area=408510.0, center_x=378, is_detected=True))
[Localization]   LocalizationInfo(timestamp=271.880471896, position=(19.500000000000142, 0, 0), orientation_quaternion=(1, 0, 0, 0), velocity_vector=(0, 0, 0), covariance_matrix='Sample Covariance')
[PlannedPath]    PlannedPath(timestamp=271.880471896, waypoints=[(20.500000000000142, 0), (21.500000000000142, 0), (22.500000000000142, 0), (23.500000000000142, 0), (24.500000000000142, 0)])
[Decision]       ManeuverDecision(timestamp=271.880471896, chosen_maneuver='LANE_KEEP', target_speed_kph=10.0, lead_vehicle_id=None)
[ActionCommand]  속도(m/s): 1.26  |  조향(rad): -0.049
[ControlCmd]     스티어링(rad): -0.049  |  Throttle: 0.90  |  Brake: 0.00
========================================================

2025-06-05 19:56:48,846 - rospy.core - INFO - signal_shutdown [signal-2]
2025-06-05 19:56:48,847 - root - INFO - MainSystem: Stopping all modules...
2025-06-05 19:56:48,847 - root - INFO - MainSystem: Stopping ControlModule...
2025-06-05 19:56:48,938 - Modules.control_module - INFO - 
================= [프로세스 단일 흐름 요약] =================
[Perception]     PerceptionOutput(timestamp=271.880471896, detected_objects=[], lane_markings=[], drivable_area_mask=None, traffic_signs=[], semantic_segmentation_map=None, instance_segmentation_map=None, depth_map=None, optical_flow_map=None, scene_flow_map=None, raw_features_for_localization=None, white_line_hsv_metrics=WhiteLineHsvMetrics(timestamp=1749121008.9278393, total_white_pixels=61033, left_ratio=0.21124315336463223, mid_ratio=0.2756626564945227, right_ratio=0.2580802180685358, is_detected=True), yellow_line_hsv_metrics=YellowLineHsvMetrics(timestamp=1749121008.9278479, area=408510.0, center_x=378, is_detected=True))
[Localization]   LocalizationInfo(timestamp=271.880471896, position=(19.600000000000144, 0, 0), orientation_quaternion=(1, 0, 0, 0), velocity_vector=(0, 0, 0), covariance_matrix='Sample Covariance')
[PlannedPath]    PlannedPath(timestamp=271.880471896, waypoints=[(20.600000000000144, 0), (21.600000000000144, 0), (22.600000000000144, 0), (23.600000000000144, 0), (24.600000000000144, 0)])
[Decision]       ManeuverDecision(timestamp=271.880471896, chosen_maneuver='LANE_KEEP', target_speed_kph=10.0, lead_vehicle_id=None)
[ActionCommand]  속도(m/s): 1.26  |  조향(rad): -0.049
[ControlCmd]     스티어링(rad): -0.049  |  Throttle: 0.90  |  Brake: 0.00
========================================================

2025-06-05 19:56:48,939 - Modules.control_module - INFO - ControlModule: Thread stopped.
2025-06-05 19:56:48,939 - Modules.control_module - INFO - ControlModule: Stopped.
2025-06-05 19:56:48,939 - root - INFO - MainSystem: Stopping PlanningModule...
2025-06-05 19:56:48,948 - Modules.planning_module - INFO - PlanningModule: Thread stopped.
2025-06-05 19:56:48,949 - Modules.planning_module - INFO - PlanningModule: Stopped.
2025-06-05 19:56:48,949 - root - INFO - MainSystem: Stopping PredictionModule...
2025-06-05 19:56:48,985 - Modules.prediction_module - INFO - PredictionModule: Thread stopped.
2025-06-05 19:56:48,985 - Modules.prediction_module - INFO - PredictionModule: Stopped.
2025-06-05 19:56:48,985 - root - INFO - MainSystem: Stopping LocalizationModule...
2025-06-05 19:56:48,987 - Modules.localization_module - INFO - LocalizationModule: Thread stopped.
2025-06-05 19:56:48,987 - Modules.localization_module - INFO - LocalizationModule: Stopped.
2025-06-05 19:56:48,987 - root - INFO - MainSystem: Stopping PerceptionModule...
2025-06-05 19:56:48,995 - Modules.perception_module - INFO - PerceptionModule: Thread stopped.
2025-06-05 19:56:48,995 - Modules.perception_module - INFO - PerceptionModule: Stopped.
2025-06-05 19:56:48,995 - root - INFO - MainSystem: All modules stopped.
2025-06-05 19:56:48,999 - rospy.internal - INFO - topic[/rosout] removing connection to /rosout
2025-06-05 19:56:48,999 - rospy.internal - INFO - topic[/xycar_motor] removing connection to /unity_endpoint
2025-06-05 19:56:48,999 - rospy.internal - INFO - topic[/usb_cam/image_raw] removing connection to http://localhost:43823/
2025-06-05 19:56:49,000 - rospy.internal - INFO - topic[/scan] removing connection to http://localhost:43823/
2025-06-05 19:56:49,001 - rospy.impl.masterslave - INFO - signal-2
2025-06-05 19:56:49,028 - rospy.core - INFO - signal_shutdown [signal-2]
